intern_id,intern_name,opportunity_id,company,role,location,match_score,skill_score,location_score,experience_score,education_score,matched_skills,missing_skills,explanation
46,Manya,23,NextGen Systems,Cloud Engineering Intern,Pune,71.92,65.7,100,100,50,"sql, java, docker",,"You match these required skills: sql, java, docker. The internship location matches your preferred location. Your education does not exactly match the listed requirement. Your experience meets the required experience level."
42,Bhavana,7,AI Labs,Python Developer Intern,Bangalore,71.48,52.46,100,100,100,"python, pandas, html",,"You match these required skills: python, pandas, html. The internship location matches your preferred location. Your education matches the internship requirement. Your experience meets the required experience level."
28,Tanvi,29,DataSphere,Full Stack Developer Intern,Kochi,70.09,77.65,40,100,50,"postgresql, javascript, html",,"You match these required skills: postgresql, javascript, html. The internship is located in Kochi. Your education does not exactly match the listed requirement. Your experience meets the required experience level."
30,Pallavi,23,NextGen Systems,Cloud Engineering Intern,Pune,70.09,77.65,40,100,50,"sql, java, docker",,"You match these required skills: sql, java, docker. The internship is located in Pune. Your education does not exactly match the listed requirement. Your experience meets the required experience level."
49,Gaurav,7,AI Labs,Python Developer Intern,Bangalore,69.42,65.7,100,0.0,100,"python, pandas, html",,"You match these required skills: python, pandas, html. The internship location matches your preferred location. Your education matches the internship requirement. You have less experience than the listed requirement."
20,Isha,11,ByteLabs,Cloud Engineering Intern,Mumbai,68.97,63.28,40,100,100,"pandas, machine learning, power bi","postgresql, css","You match these required skills: pandas, machine learning, power bi. Skills you could improve: postgresql, css. The internship is located in Mumbai. Your education matches the internship requirement. Your experience meets the required experience level."
2,Arjun,22,TechNova,Machine Learning Intern,Bangalore,67.28,57.97,100,100,50,"java, mongodb, css","python, postgresql, pandas","You match these required skills: java, mongodb, css. Skills you could improve: python, postgresql, pandas. The internship location matches your preferred location. Your education does not exactly match the listed requirement. Your experience meets the required experience level."
30,Pallavi,18,NextGen Systems,Frontend Developer Intern,Delhi,67.18,60.3,40,100,100,"java, git, postgresql, docker",,"You match these required skills: java, git, postgresql, docker. The internship is located in Delhi. Your education matches the internship requirement. Your experience meets the required experience level."
3,Priya,27,NextGen Systems,Python Developer Intern,Mumbai,66.51,71.68,40,100,50,"machine learning, html, power bi",sql,"You match these required skills: machine learning, html, power bi. Skills you could improve: sql. The internship is located in Mumbai. Your education does not exactly match the listed requirement. Your experience meets the required experience level."
40,Lakshmi,28,WebWorks,Machine Learning Intern,Kochi,66.14,75.23,40,0.0,100,"css, power bi, machine learning, pandas",react,"You match these required skills: css, power bi, machine learning, pandas. Skills you could improve: react. The internship is located in Kochi. Your education matches the internship requirement. You have less experience than the listed requirement."
31,Aman,2,AI Labs,Full Stack Developer Intern,Mumbai,64.18,40.3,100,100,100,"tensorflow, node.js, react","aws, machine learning","You match these required skills: tensorflow, node.js, react. Skills you could improve: aws, machine learning. The internship location matches your preferred location. Your education matches the internship requirement. Your experience meets the required experience level."
36,Anjali,4,ByteLabs,Full Stack Developer Intern,Pune,63.98,52.46,100,100,50,"python, java, postgresql",,"You match these required skills: python, java, postgresql. The internship location matches your preferred location. Your education does not exactly match the listed requirement. Your experience meets the required experience level."
27,Abhishek,8,DataSphere,Python Developer Intern,Kochi,63.67,66.94,40,100,50,"postgresql, html, node.js",java,"You match these required skills: postgresql, html, node.js. Skills you could improve: java. The internship is located in Kochi. Your education does not exactly match the listed requirement. Your experience meets the required experience level."
48,Shruthi,14,ByteLabs,Web Development Intern,Delhi,63.11,51.01,100,100,50,"power bi, pandas","java, html","You match these required skills: power bi, pandas. Skills you could improve: java, html. The internship location matches your preferred location. Your education does not exactly match the listed requirement. Your experience meets the required experience level."
42,Bhavana,16,CodeCraft,Data Analyst Intern,Kochi,62.16,51.94,40,100,100,"node.js, java, javascript, html",,"You match these required skills: node.js, java, javascript, html. The internship is located in Kochi. Your education matches the internship requirement. Your experience meets the required experience level."
6,Neha,18,NextGen Systems,Frontend Developer Intern,Delhi,61.61,51.01,40,100,100,"java, postgresql, docker",git,"You match these required skills: java, postgresql, docker. Skills you could improve: git. The internship is located in Delhi. Your education matches the internship requirement. Your experience meets the required experience level."
20,Isha,28,WebWorks,Machine Learning Intern,Kochi,61.47,63.28,40,100,50,"power bi, machine learning, pandas","react, css","You match these required skills: power bi, machine learning, pandas. Skills you could improve: react, css. The internship is located in Kochi. Your education does not exactly match the listed requirement. Your experience meets the required experience level."
24,Nandini,2,AI Labs,Full Stack Developer Intern,Mumbai,61.47,63.28,40,100,50,"tensorflow, machine learning, node.js","aws, react","You match these required skills: tensorflow, machine learning, node.js. Skills you could improve: aws, react. The internship is located in Mumbai. Your education does not exactly match the listed requirement. Your experience meets the required experience level."
48,Shruthi,19,ByteLabs,Web Development Intern,Delhi,60.17,33.61,100,100,100,"aws, pandas","react, sql","You match these required skills: aws, pandas. Skills you could improve: react, sql. The internship location matches your preferred location. Your education matches the internship requirement. Your experience meets the required experience level."
9,Aditya,26,TechNova,Cloud Engineering Intern,Chennai,59.52,45.03,100,100,50,"data analysis, machine learning, postgresql",docker,"You match these required skills: data analysis, machine learning, postgresql. Skills you could improve: docker. The internship location matches your preferred location. Your education does not exactly match the listed requirement. Your experience meets the required experience level."
44,Sakshi,21,ByteLabs,Backend Developer Intern,Chennai,59.03,31.71,100,100,100,"data analysis, react","power bi, node.js, docker","You match these required skills: data analysis, react. Skills you could improve: power bi, node.js, docker. The internship location matches your preferred location. Your education matches the internship requirement. Your experience meets the required experience level."
40,Lakshmi,11,ByteLabs,Cloud Engineering Intern,Mumbai,58.64,75.23,40,0.0,50,"pandas, machine learning, power bi, css",postgresql,"You match these required skills: pandas, machine learning, power bi, css. Skills you could improve: postgresql. The internship is located in Mumbai. Your education does not exactly match the listed requirement. You have less experience than the listed requirement."
28,Tanvi,9,CloudWorks,Python Developer Intern,Kochi,58.01,45.02,40,100,100,"javascript, html, postgresql","power bi, aws","You match these required skills: javascript, html, postgresql. Skills you could improve: power bi, aws. The internship is located in Kochi. Your education matches the internship requirement. Your experience meets the required experience level."
28,Tanvi,25,InnoTech,Data Analyst Intern,Mumbai,58.01,45.02,40,100,100,"java, postgresql, javascript, html","aws, css","You match these required skills: java, postgresql, javascript, html. Skills you could improve: aws, css. The internship is located in Mumbai. Your education matches the internship requirement. Your experience meets the required experience level."
48,Shruthi,9,CloudWorks,Python Developer Intern,Kochi,58.01,45.02,40,100,100,"power bi, aws","javascript, html, postgresql","You match these required skills: power bi, aws. Skills you could improve: javascript, html, postgresql. The internship is located in Kochi. Your education matches the internship requirement. Your experience meets the required experience level."
13,Akash,21,ByteLabs,Backend Developer Intern,Chennai,57.18,60.3,40,0.0,100,"data analysis, power bi, node.js","react, docker","You match these required skills: data analysis, power bi, node.js. Skills you could improve: react, docker. The internship is located in Chennai. Your education matches the internship requirement. You have less experience than the listed requirement."
22,Shreya,5,WebWorks,Frontend Developer Intern,Hyderabad,57.18,60.3,40,0.0,100,"css, data analysis",postgresql,"You match these required skills: css, data analysis. Skills you could improve: postgresql. The internship is located in Hyderabad. Your education matches the internship requirement. You have less experience than the listed requirement."
14,Divya,29,DataSphere,Full Stack Developer Intern,Kochi,57.17,41.12,100,100,50,"javascript, html",postgresql,"You match these required skills: javascript, html. Skills you could improve: postgresql. The internship location matches your preferred location. Your education does not exactly match the listed requirement. Your experience meets the required experience level."
24,Nandini,6,WebWorks,Data Analyst Intern,Kochi,57.17,41.12,100,100,50,"machine learning, node.js","javascript, docker, power bi","You match these required skills: machine learning, node.js. Skills you could improve: javascript, docker, power bi. The internship location matches your preferred location. Your education does not exactly match the listed requirement. Your experience meets the required experience level."
6,Neha,8,DataSphere,Python Developer Intern,Kochi,56.9,43.16,40,100,100,"java, postgresql, html",node.js,"You match these required skills: java, postgresql, html. Skills you could improve: node.js. The internship is located in Kochi. Your education matches the internship requirement. Your experience meets the required experience level."
17,Varun,6,WebWorks,Data Analyst Intern,Kochi,55.67,41.12,40,100,100,"node.js, power bi","javascript, docker, machine learning","You match these required skills: node.js, power bi. Skills you could improve: javascript, docker, machine learning. The internship is located in Kochi. Your education matches the internship requirement. Your experience meets the required experience level."
20,Isha,6,WebWorks,Data Analyst Intern,Kochi,55.67,41.12,40,100,100,"machine learning, power bi","javascript, docker, node.js","You match these required skills: machine learning, power bi. Skills you could improve: javascript, docker, node.js. The internship is located in Kochi. Your education matches the internship requirement. Your experience meets the required experience level."
23,Harsh,24,DevCore,Web Development Intern,Kochi,55.67,41.12,40,100,100,"javascript, java",aws,"You match these required skills: javascript, java. Skills you could improve: aws. The internship is located in Kochi. Your education matches the internship requirement. Your experience meets the required experience level."
3,Priya,14,ByteLabs,Web Development Intern,Delhi,55.35,38.09,100,100,50,"power bi, html","java, pandas","You match these required skills: power bi, html. Skills you could improve: java, pandas. The internship location matches your preferred location. Your education does not exactly match the listed requirement. Your experience meets the required experience level."
16,Aishwarya,11,ByteLabs,Cloud Engineering Intern,Mumbai,55.18,40.3,40,100,100,"pandas, postgresql, power bi","machine learning, css","You match these required skills: pandas, postgresql, power bi. Skills you could improve: machine learning, css. The internship is located in Mumbai. Your education matches the internship requirement. Your experience meets the required experience level."
25,Ritesh,2,AI Labs,Full Stack Developer Intern,Mumbai,55.18,40.3,40,100,100,"aws, machine learning, react","tensorflow, node.js","You match these required skills: aws, machine learning, react. Skills you could improve: tensorflow, node.js. The internship is located in Mumbai. Your education matches the internship requirement. Your experience meets the required experience level."
21,Manish,10,CodeCraft,Cloud Engineering Intern,Chennai,54.66,51.94,40,100,50,"css, tensorflow, power bi",html,"You match these required skills: css, tensorflow, power bi. Skills you could improve: html. The internship is located in Chennai. Your education does not exactly match the listed requirement. Your experience meets the required experience level."
27,Abhishek,30,DevCore,Cloud Engineering Intern,Bangalore,54.66,51.94,40,100,50,"html, node.js, postgresql","machine learning, git","You match these required skills: html, node.js, postgresql. Skills you could improve: machine learning, git. The internship is located in Bangalore. Your education does not exactly match the listed requirement. Your experience meets the required experience level."
40,Lakshmi,10,CodeCraft,Cloud Engineering Intern,Chennai,54.66,51.94,40,100,50,"css, tensorflow, power bi",html,"You match these required skills: css, tensorflow, power bi. Skills you could improve: html. The internship is located in Chennai. Your education does not exactly match the listed requirement. Your experience meets the required experience level."
50,Sowmya,13,NextGen Systems,Software Engineering Intern,Pune,54.15,23.58,100,100,100,"machine learning, aws","javascript, docker, node.js","You match these required skills: machine learning, aws. Skills you could improve: javascript, docker, node.js. The internship location matches your preferred location. Your education matches the internship requirement. Your experience meets the required experience level."
39,Karthik,8,DataSphere,Python Developer Intern,Kochi,54.11,51.01,40,100,50,"html, node.js","java, postgresql","You match these required skills: html, node.js. Skills you could improve: java, postgresql. The internship is located in Kochi. Your education does not exactly match the listed requirement. Your experience meets the required experience level."
39,Karthik,16,CodeCraft,Data Analyst Intern,Kochi,54.11,51.01,40,100,50,"node.js, html","java, javascript","You match these required skills: node.js, html. Skills you could improve: java, javascript. The internship is located in Kochi. Your education does not exactly match the listed requirement. Your experience meets the required experience level."
19,Sahil,10,CodeCraft,Cloud Engineering Intern,Chennai,53.88,35.63,100,100,50,"html, tensorflow","css, power bi","You match these required skills: html, tensorflow. Skills you could improve: css, power bi. The internship location matches your preferred location. Your education does not exactly match the listed requirement. Your experience meets the required experience level."
33,Ravi,27,NextGen Systems,Python Developer Intern,Mumbai,53.85,38.09,40,100,100,"sql, power bi","machine learning, html","You match these required skills: sql, power bi. Skills you could improve: machine learning, html. The internship is located in Mumbai. Your education matches the internship requirement. Your experience meets the required experience level."
50,Sowmya,27,NextGen Systems,Python Developer Intern,Mumbai,53.85,38.08,40,100,100,"machine learning, power bi","sql, html","You match these required skills: machine learning, power bi. Skills you could improve: sql, html. The internship is located in Mumbai. Your education matches the internship requirement. Your experience meets the required experience level."
12,Pooja,17,NextGen Systems,Backend Developer Intern,Bangalore,53.69,50.31,40,100,50,"node.js, data analysis","postgresql, css","You match these required skills: node.js, data analysis. Skills you could improve: postgresql, css. The internship is located in Bangalore. Your education does not exactly match the listed requirement. Your experience meets the required experience level."
19,Sahil,29,DataSphere,Full Stack Developer Intern,Kochi,53.69,50.31,40,100,50,"javascript, html",postgresql,"You match these required skills: javascript, html. Skills you could improve: postgresql. The internship is located in Kochi. Your education does not exactly match the listed requirement. Your experience meets the required experience level."
20,Isha,27,NextGen Systems,Python Developer Intern,Mumbai,53.69,50.31,40,100,50,"machine learning, power bi","sql, html","You match these required skills: machine learning, power bi. Skills you could improve: sql, html. The internship is located in Mumbai. Your education does not exactly match the listed requirement. Your experience meets the required experience level."
38,Deepika,10,CodeCraft,Cloud Engineering Intern,Chennai,53.55,22.58,100,100,100,power bi,"css, html, tensorflow","You match these required skills: power bi. Skills you could improve: css, html, tensorflow. The internship location matches your preferred location. Your education matches the internship requirement. Your experience meets the required experience level."
44,Sakshi,26,TechNova,Cloud Engineering Intern,Chennai,53.55,22.58,100,100,100,data analysis,"machine learning, postgresql, docker","You match these required skills: data analysis. Skills you could improve: machine learning, postgresql, docker. The internship location matches your preferred location. Your education matches the internship requirement. Your experience meets the required experience level."
49,Gaurav,22,TechNova,Machine Learning Intern,Bangalore,53.55,22.58,100,100,100,"python, postgresql, pandas","java, mongodb, css","You match these required skills: python, postgresql, pandas. Skills you could improve: java, mongodb, css. The internship location matches your preferred location. Your education matches the internship requirement. Your experience meets the required experience level."
24,Nandini,28,WebWorks,Machine Learning Intern,Kochi,53.25,30.41,100,50.0,100,"machine learning, pandas","react, css, power bi","You match these required skills: machine learning, pandas. Skills you could improve: react, css, power bi. The internship location matches your preferred location. Your education matches the internship requirement. You have less experience than the listed requirement."
14,Divya,6,WebWorks,Data Analyst Intern,Kochi,53.22,22.03,100,100,100,"javascript, docker","machine learning, node.js, power bi","You match these required skills: javascript, docker. Skills you could improve: machine learning, node.js, power bi. The internship location matches your preferred location. Your education matches the internship requirement. Your experience meets the required experience level."
3,Priya,28,WebWorks,Machine Learning Intern,Kochi,53.02,45.03,40,50.0,100,"power bi, machine learning","react, css, pandas","You match these required skills: power bi, machine learning. Skills you could improve: react, css, pandas. The internship is located in Kochi. Your education matches the internship requirement. You have less experience than the listed requirement."
33,Ravi,23,NextGen Systems,Cloud Engineering Intern,Pune,52.38,35.63,40,100,100,"sql, java",docker,"You match these required skills: sql, java. Skills you could improve: docker. The internship is located in Pune. Your education matches the internship requirement. Your experience meets the required experience level."
34,Keerthi,21,ByteLabs,Backend Developer Intern,Chennai,51.96,47.43,40,100,50,"data analysis, react, docker","power bi, node.js","You match these required skills: data analysis, react, docker. Skills you could improve: power bi, node.js. The internship is located in Chennai. Your education does not exactly match the listed requirement. Your experience meets the required experience level."
49,Gaurav,19,ByteLabs,Web Development Intern,Delhi,51.61,51.01,40,0.0,100,"react, sql, pandas",aws,"You match these required skills: react, sql, pandas. Skills you could improve: aws. The internship is located in Delhi. Your education matches the internship requirement. You have less experience than the listed requirement."
50,Sowmya,2,AI Labs,Full Stack Developer Intern,Mumbai,51.45,34.08,40,100,100,"aws, machine learning, react","tensorflow, node.js","You match these required skills: aws, machine learning, react. Skills you could improve: tensorflow, node.js. The internship is located in Mumbai. Your education matches the internship requirement. Your experience meets the required experience level."
50,Sowmya,28,WebWorks,Machine Learning Intern,Kochi,51.42,46.53,40,100,50,"react, power bi, machine learning","css, pandas","You match these required skills: react, power bi, machine learning. Skills you could improve: css, pandas. The internship is located in Kochi. Your education does not exactly match the listed requirement. Your experience meets the required experience level."
48,Shruthi,1,CloudWorks,Cloud Engineering Intern,Pune,51.17,33.61,40,100,100,"aws, pandas","postgresql, java","You match these required skills: aws, pandas. Skills you could improve: postgresql, java. The internship is located in Pune. Your education matches the internship requirement. Your experience meets the required experience level."
17,Varun,30,DevCore,Cloud Engineering Intern,Bangalore,51.07,18.44,100,100,100,"node.js, postgresql","html, machine learning, git","You match these required skills: node.js, postgresql. Skills you could improve: html, machine learning, git. The internship location matches your preferred location. Your education matches the internship requirement. Your experience meets the required experience level."
42,Bhavana,17,NextGen Systems,Backend Developer Intern,Bangalore,51.07,18.44,100,100,100,node.js,"postgresql, css, data analysis","You match these required skills: node.js. Skills you could improve: postgresql, css, data analysis. The internship location matches your preferred location. Your education matches the internship requirement. Your experience meets the required experience level."
42,Bhavana,22,TechNova,Machine Learning Intern,Bangalore,51.07,18.44,100,100,100,"java, python, pandas","postgresql, mongodb, css","You match these required skills: java, python, pandas. Skills you could improve: postgresql, mongodb, css. The internship location matches your preferred location. Your education matches the internship requirement. Your experience meets the required experience level."
10,Meera,17,NextGen Systems,Backend Developer Intern,Bangalore,50.75,30.41,100,100,50,"css, data analysis","postgresql, node.js","You match these required skills: css, data analysis. Skills you could improve: postgresql, node.js. The internship location matches your preferred location. Your education does not exactly match the listed requirement. Your experience meets the required experience level."
8,Sneha,18,NextGen Systems,Frontend Developer Intern,Delhi,50.67,41.12,40,50.0,100,"postgresql, docker","java, git","You match these required skills: postgresql, docker. Skills you could improve: java, git. The internship is located in Delhi. Your education matches the internship requirement. You have less experience than the listed requirement."
24,Nandini,13,NextGen Systems,Software Engineering Intern,Pune,50.52,45.03,40,100,50,"machine learning, node.js","aws, javascript, docker","You match these required skills: machine learning, node.js. Skills you could improve: aws, javascript, docker. The internship is located in Pune. Your education does not exactly match the listed requirement. Your experience meets the required experience level."
24,Nandini,30,DevCore,Cloud Engineering Intern,Bangalore,50.52,45.03,40,100,50,"node.js, machine learning","html, git, postgresql","You match these required skills: node.js, machine learning. Skills you could improve: html, git, postgresql. The internship is located in Bangalore. Your education does not exactly match the listed requirement. Your experience meets the required experience level."
47,Pranav,26,TechNova,Cloud Engineering Intern,Chennai,50.52,45.03,40,100,50,"data analysis, machine learning","postgresql, docker","You match these required skills: data analysis, machine learning. Skills you could improve: postgresql, docker. The internship is located in Chennai. Your education does not exactly match the listed requirement. Your experience meets the required experience level."
28,Tanvi,7,AI Labs,Python Developer Intern,Bangalore,50.25,17.08,100,100,100,html,"python, pandas","You match these required skills: html. Skills you could improve: python, pandas. The internship location matches your preferred location. Your education matches the internship requirement. Your experience meets the required experience level."
32,Sanjana,24,DevCore,Web Development Intern,Kochi,50.25,17.08,100,100,100,"javascript, java",aws,"You match these required skills: javascript, java. Skills you could improve: aws. The internship location matches your preferred location. Your education matches the internship requirement. Your experience meets the required experience level."
14,Divya,16,CodeCraft,Data Analyst Intern,Kochi,49.97,29.12,100,100,50,"java, javascript, html",node.js,"You match these required skills: java, javascript, html. Skills you could improve: node.js. The internship location matches your preferred location. Your education does not exactly match the listed requirement. Your experience meets the required experience level."
34,Keerthi,5,WebWorks,Frontend Developer Intern,Hyderabad,49.97,29.12,100,100,50,data analysis,"css, postgresql","You match these required skills: data analysis. Skills you could improve: css, postgresql. The internship location matches your preferred location. Your education does not exactly match the listed requirement. Your experience meets the required experience level."
27,Abhishek,16,CodeCraft,Data Analyst Intern,Kochi,49.4,43.16,40,100,50,"node.js, html","java, javascript","You match these required skills: node.js, html. Skills you could improve: java, javascript. The internship is located in Kochi. Your education does not exactly match the listed requirement. Your experience meets the required experience level."
33,Ravi,14,ByteLabs,Web Development Intern,Delhi,49.4,43.16,40,100,50,"java, power bi","pandas, html","You match these required skills: java, power bi. Skills you could improve: pandas, html. The internship is located in Delhi. Your education does not exactly match the listed requirement. Your experience meets the required experience level."
38,Deepika,21,ByteLabs,Backend Developer Intern,Chennai,49.29,27.98,100,100,50,"power bi, react","data analysis, node.js, docker","You match these required skills: power bi, react. Skills you could improve: data analysis, node.js, docker. The internship location matches your preferred location. Your education does not exactly match the listed requirement. Your experience meets the required experience level."
2,Arjun,3,WebWorks,AI Engineering Intern,Bangalore,49.13,31.88,100,0.0,100,"css, mongodb","react, power bi, html","You match these required skills: css, mongodb. Skills you could improve: react, power bi, html. The internship location matches your preferred location. Your education matches the internship requirement. You have less experience than the listed requirement."
42,Bhavana,30,DevCore,Cloud Engineering Intern,Bangalore,49.01,27.52,100,100,50,"html, node.js","machine learning, git, postgresql","You match these required skills: html, node.js. Skills you could improve: machine learning, git, postgresql. The internship location matches your preferred location. Your education does not exactly match the listed requirement. Your experience meets the required experience level."
22,Shreya,10,CodeCraft,Cloud Engineering Intern,Chennai,48.47,29.12,40,100,100,"css, html","tensorflow, power bi","You match these required skills: css, html. Skills you could improve: tensorflow, power bi. The internship is located in Chennai. Your education matches the internship requirement. Your experience meets the required experience level."
28,Tanvi,16,CodeCraft,Data Analyst Intern,Kochi,48.47,29.12,40,100,100,"java, javascript, html",node.js,"You match these required skills: java, javascript, html. Skills you could improve: node.js. The internship is located in Kochi. Your education matches the internship requirement. Your experience meets the required experience level."
39,Karthik,14,ByteLabs,Web Development Intern,Delhi,48.47,29.12,40,100,100,"pandas, html","java, power bi","You match these required skills: pandas, html. Skills you could improve: java, power bi. The internship is located in Delhi. Your education matches the internship requirement. Your experience meets the required experience level."
45,Vishal,12,CloudWorks,Full Stack Developer Intern,Hyderabad,48.47,29.12,40,100,100,"sql, python","css, aws","You match these required skills: sql, python. Skills you could improve: css, aws. The internship is located in Hyderabad. Your education matches the internship requirement. Your experience meets the required experience level."
45,Vishal,20,InnoTech,Software Engineering Intern,Bangalore,48.47,29.12,40,100,100,"sql, mongodb","html, tensorflow","You match these required skills: sql, mongodb. Skills you could improve: html, tensorflow. The internship is located in Bangalore. Your education matches the internship requirement. Your experience meets the required experience level."
41,Rohit,4,ByteLabs,Full Stack Developer Intern,Pune,48.46,29.11,40,100,100,"python, java",postgresql,"You match these required skills: python, java. Skills you could improve: postgresql. The internship is located in Pune. Your education matches the internship requirement. Your experience meets the required experience level."
1,Rahul,7,AI Labs,Python Developer Intern,Bangalore,48.17,41.12,40,100,50,"python, pandas",html,"You match these required skills: python, pandas. Skills you could improve: html. The internship is located in Bangalore. Your education does not exactly match the listed requirement. Your experience meets the required experience level."
3,Priya,6,WebWorks,Data Analyst Intern,Kochi,48.17,41.12,40,100,50,"machine learning, power bi","javascript, docker, node.js","You match these required skills: machine learning, power bi. Skills you could improve: javascript, docker, node.js. The internship is located in Kochi. Your education does not exactly match the listed requirement. Your experience meets the required experience level."
8,Sneha,1,CloudWorks,Cloud Engineering Intern,Pune,48.17,41.12,40,100,50,"postgresql, pandas","aws, java","You match these required skills: postgresql, pandas. Skills you could improve: aws, java. The internship is located in Pune. Your education does not exactly match the listed requirement. Your experience meets the required experience level."
12,Pooja,21,ByteLabs,Backend Developer Intern,Chennai,48.17,41.12,40,100,50,"data analysis, node.js","power bi, react, docker","You match these required skills: data analysis, node.js. Skills you could improve: power bi, react, docker. The internship is located in Chennai. Your education does not exactly match the listed requirement. Your experience meets the required experience level."
17,Varun,21,ByteLabs,Backend Developer Intern,Chennai,48.17,41.12,40,100,50,"power bi, node.js","data analysis, react, docker","You match these required skills: power bi, node.js. Skills you could improve: data analysis, react, docker. The internship is located in Chennai. Your education does not exactly match the listed requirement. Your experience meets the required experience level."
26,Swathi,23,NextGen Systems,Cloud Engineering Intern,Pune,48.17,41.12,40,100,50,"java, docker",sql,"You match these required skills: java, docker. Skills you could improve: sql. The internship is located in Pune. Your education does not exactly match the listed requirement. Your experience meets the required experience level."
35,Dhanush,26,TechNova,Cloud Engineering Intern,Chennai,48.17,41.12,40,100,50,"data analysis, machine learning","postgresql, docker","You match these required skills: data analysis, machine learning. Skills you could improve: postgresql, docker. The internship is located in Chennai. Your education does not exactly match the listed requirement. Your experience meets the required experience level."
39,Karthik,7,AI Labs,Python Developer Intern,Bangalore,48.17,41.12,40,100,50,"pandas, html",python,"You match these required skills: pandas, html. Skills you could improve: python. The internship is located in Bangalore. Your education does not exactly match the listed requirement. Your experience meets the required experience level."
14,Divya,9,CloudWorks,Python Developer Intern,Kochi,48.13,26.06,100,100,50,"javascript, html","power bi, aws, postgresql","You match these required skills: javascript, html. Skills you could improve: power bi, aws, postgresql. The internship location matches your preferred location. Your education does not exactly match the listed requirement. Your experience meets the required experience level."
28,Tanvi,3,WebWorks,AI Engineering Intern,Bangalore,48.13,26.06,100,100,50,"react, html","css, power bi, mongodb","You match these required skills: react, html. Skills you could improve: css, power bi, mongodb. The internship location matches your preferred location. Your education does not exactly match the listed requirement. Your experience meets the required experience level."
7,Vivek,26,TechNova,Cloud Engineering Intern,Chennai,48.02,45.03,40,0.0,100,"data analysis, machine learning","postgresql, docker","You match these required skills: data analysis, machine learning. Skills you could improve: postgresql, docker. The internship is located in Chennai. Your education matches the internship requirement. You have less experience than the listed requirement."
10,Meera,5,WebWorks,Frontend Developer Intern,Hyderabad,47.94,40.74,40,100,50,"css, data analysis",postgresql,"You match these required skills: css, data analysis. Skills you could improve: postgresql. The internship is located in Hyderabad. Your education does not exactly match the listed requirement. Your experience meets the required experience level."
39,Karthik,30,DevCore,Cloud Engineering Intern,Bangalore,47.94,40.74,40,100,50,"html, node.js","machine learning, git, postgresql","You match these required skills: html, node.js. Skills you could improve: machine learning, git, postgresql. The internship is located in Bangalore. Your education does not exactly match the listed requirement. Your experience meets the required experience level."
47,Pranav,5,WebWorks,Frontend Developer Intern,Hyderabad,47.94,40.74,40,100,50,"css, data analysis",postgresql,"You match these required skills: css, data analysis. Skills you could improve: postgresql. The internship is located in Hyderabad. Your education does not exactly match the listed requirement. Your experience meets the required experience level."
48,Shruthi,11,ByteLabs,Cloud Engineering Intern,Mumbai,47.94,40.74,40,100,50,"pandas, power bi","postgresql, machine learning, css","You match these required skills: pandas, power bi. Skills you could improve: postgresql, machine learning, css. The internship is located in Mumbai. Your education does not exactly match the listed requirement. Your experience meets the required experience level."
48,Shruthi,28,WebWorks,Machine Learning Intern,Kochi,47.94,40.74,40,100,50,"power bi, pandas","react, css, machine learning","You match these required skills: power bi, pandas. Skills you could improve: react, css, machine learning. The internship is located in Kochi. Your education does not exactly match the listed requirement. Your experience meets the required experience level."
25,Ritesh,15,ByteLabs,Machine Learning Intern,Kochi,47.68,40.3,40,100,50,"git, machine learning, aws","postgresql, html, sql","You match these required skills: git, machine learning, aws. Skills you could improve: postgresql, html, sql. The internship is located in Kochi. Your education does not exactly match the listed requirement. Your experience meets the required experience level."
25,Ritesh,28,WebWorks,Machine Learning Intern,Kochi,47.68,40.3,40,100,50,"react, css, machine learning","power bi, pandas","You match these required skills: react, css, machine learning. Skills you could improve: power bi, pandas. The internship is located in Kochi. Your education does not exactly match the listed requirement. Your experience meets the required experience level."
14,Divya,8,DataSphere,Python Developer Intern,Kochi,47.64,12.74,100,100,100,"java, html","postgresql, node.js","You match these required skills: java, html. Skills you could improve: postgresql, node.js. The internship location matches your preferred location. Your education matches the internship requirement. Your experience meets the required experience level."
32,Sanjana,16,CodeCraft,Data Analyst Intern,Kochi,47.64,12.74,100,100,100,"java, javascript","node.js, html","You match these required skills: java, javascript. Skills you could improve: node.js, html. The internship location matches your preferred location. Your education matches the internship requirement. Your experience meets the required experience level."
9,Aditya,15,ByteLabs,Machine Learning Intern,Kochi,47.51,27.52,40,100,100,"postgresql, machine learning, sql","git, aws, html","You match these required skills: postgresql, machine learning, sql. Skills you could improve: git, aws, html. The internship is located in Kochi. Your education matches the internship requirement. Your experience meets the required experience level."
9,Aditya,28,WebWorks,Machine Learning Intern,Kochi,47.51,27.52,40,100,100,"machine learning, pandas","react, css, power bi","You match these required skills: machine learning, pandas. Skills you could improve: react, css, power bi. The internship is located in Kochi. Your education matches the internship requirement. Your experience meets the required experience level."
11,Rohan,28,WebWorks,Machine Learning Intern,Kochi,47.51,27.52,40,100,100,"css, machine learning","react, power bi, pandas","You match these required skills: css, machine learning. Skills you could improve: react, power bi, pandas. The internship is located in Kochi. Your education matches the internship requirement. Your experience meets the required experience level."
25,Ritesh,13,NextGen Systems,Software Engineering Intern,Pune,47.51,27.52,40,100,100,"machine learning, aws","javascript, docker, node.js","You match these required skills: machine learning, aws. Skills you could improve: javascript, docker, node.js. The internship is located in Pune. Your education matches the internship requirement. Your experience meets the required experience level."
47,Pranav,11,ByteLabs,Cloud Engineering Intern,Mumbai,47.51,27.52,40,100,100,"machine learning, css","pandas, postgresql, power bi","You match these required skills: machine learning, css. Skills you could improve: pandas, postgresql, power bi. The internship is located in Mumbai. Your education matches the internship requirement. Your experience meets the required experience level."
13,Akash,17,NextGen Systems,Backend Developer Intern,Bangalore,47.17,41.12,100,0.0,50,"node.js, data analysis","postgresql, css","You match these required skills: node.js, data analysis. Skills you could improve: postgresql, css. The internship location matches your preferred location. Your education does not exactly match the listed requirement. You have less experience than the listed requirement."
28,Tanvi,17,NextGen Systems,Backend Developer Intern,Bangalore,46.91,11.52,100,100,100,postgresql,"node.js, css, data analysis","You match these required skills: postgresql. Skills you could improve: node.js, css, data analysis. The internship location matches your preferred location. Your education matches the internship requirement. Your experience meets the required experience level."
28,Tanvi,22,TechNova,Machine Learning Intern,Bangalore,46.91,11.52,100,100,100,"java, postgresql","python, pandas, mongodb, css","You match these required skills: java, postgresql. Skills you could improve: python, pandas, mongodb, css. The internship location matches your preferred location. Your education matches the internship requirement. Your experience meets the required experience level."
43,Darshan,8,DataSphere,Python Developer Intern,Kochi,46.9,43.16,40,0.0,100,"java, node.js","postgresql, html","You match these required skills: java, node.js. Skills you could improve: postgresql, html. The internship is located in Kochi. Your education matches the internship requirement. You have less experience than the listed requirement."
16,Aishwarya,12,CloudWorks,Full Stack Developer Intern,Hyderabad,46.77,23.79,100,100,50,"sql, python","css, aws","You match these required skills: sql, python. Skills you could improve: css, aws. The internship location matches your preferred location. Your education does not exactly match the listed requirement. Your experience meets the required experience level."
25,Ritesh,19,ByteLabs,Web Development Intern,Delhi,46.77,23.79,100,100,50,"react, aws","sql, pandas","You match these required skills: react, aws. Skills you could improve: sql, pandas. The internship location matches your preferred location. Your education does not exactly match the listed requirement. Your experience meets the required experience level."
28,Tanvi,30,DevCore,Cloud Engineering Intern,Bangalore,46.77,23.79,100,100,50,"html, postgresql","node.js, machine learning, git","You match these required skills: html, postgresql. Skills you could improve: node.js, machine learning, git. The internship location matches your preferred location. Your education does not exactly match the listed requirement. Your experience meets the required experience level."
36,Anjali,1,CloudWorks,Cloud Engineering Intern,Pune,46.77,23.79,100,100,50,"postgresql, java","aws, pandas","You match these required skills: postgresql, java. Skills you could improve: aws, pandas. The internship location matches your preferred location. Your education does not exactly match the listed requirement. Your experience meets the required experience level."
39,Karthik,2,AI Labs,Full Stack Developer Intern,Mumbai,46.77,23.79,100,100,50,node.js,"aws, tensorflow, machine learning, react","You match these required skills: node.js. Skills you could improve: aws, tensorflow, machine learning, react. The internship location matches your preferred location. Your education does not exactly match the listed requirement. Your experience meets the required experience level."
32,Sanjana,22,TechNova,Machine Learning Intern,Bangalore,46.63,26.06,40,100,100,"java, css","python, postgresql, pandas, mongodb","You match these required skills: java, css. Skills you could improve: python, postgresql, pandas, mongodb. The internship is located in Bangalore. Your education matches the internship requirement. Your experience meets the required experience level."
32,Sanjana,25,InnoTech,Data Analyst Intern,Mumbai,46.63,26.06,40,100,100,"java, javascript, css","postgresql, html, aws","You match these required skills: java, javascript, css. Skills you could improve: postgresql, html, aws. The internship is located in Mumbai. Your education matches the internship requirement. Your experience meets the required experience level."
30,Pallavi,30,DevCore,Cloud Engineering Intern,Bangalore,46.36,10.6,100,100,100,"git, postgresql","html, node.js, machine learning","You match these required skills: git, postgresql. Skills you could improve: html, node.js, machine learning. The internship location matches your preferred location. Your education matches the internship requirement. Your experience meets the required experience level."
3,Priya,10,CodeCraft,Cloud Engineering Intern,Chennai,46.35,38.09,40,100,50,"html, power bi","css, tensorflow","You match these required skills: html, power bi. Skills you could improve: css, tensorflow. The internship is located in Chennai. Your education does not exactly match the listed requirement. Your experience meets the required experience level."
6,Neha,25,InnoTech,Data Analyst Intern,Mumbai,46.35,38.09,40,100,50,"java, postgresql, javascript, html","aws, css","You match these required skills: java, postgresql, javascript, html. Skills you could improve: aws, css. The internship is located in Mumbai. Your education does not exactly match the listed requirement. Your experience meets the required experience level."
20,Isha,14,ByteLabs,Web Development Intern,Delhi,46.35,38.09,40,100,50,"power bi, pandas","java, html","You match these required skills: power bi, pandas. Skills you could improve: java, html. The internship is located in Delhi. Your education does not exactly match the listed requirement. Your experience meets the required experience level."
27,Abhishek,17,NextGen Systems,Backend Developer Intern,Bangalore,46.35,38.09,40,100,50,"postgresql, node.js","css, data analysis","You match these required skills: postgresql, node.js. Skills you could improve: css, data analysis. The internship is located in Bangalore. Your education does not exactly match the listed requirement. Your experience meets the required experience level."
33,Ravi,9,CloudWorks,Python Developer Intern,Kochi,46.35,38.09,40,100,50,"power bi, javascript, postgresql","aws, html","You match these required skills: power bi, javascript, postgresql. Skills you could improve: aws, html. The internship is located in Kochi. Your education does not exactly match the listed requirement. Your experience meets the required experience level."
34,Keerthi,26,TechNova,Cloud Engineering Intern,Chennai,46.35,38.09,40,100,50,"data analysis, docker","machine learning, postgresql","You match these required skills: data analysis, docker. Skills you could improve: machine learning, postgresql. The internship is located in Chennai. Your education does not exactly match the listed requirement. Your experience meets the required experience level."
50,Sowmya,3,WebWorks,AI Engineering Intern,Bangalore,46.35,38.08,40,100,50,"react, power bi, mongodb","css, html","You match these required skills: react, power bi, mongodb. Skills you could improve: css, html. The internship is located in Bangalore. Your education does not exactly match the listed requirement. Your experience meets the required experience level."
35,Dhanush,30,DevCore,Cloud Engineering Intern,Bangalore,46.19,25.32,40,100,100,"machine learning, git","html, node.js, postgresql","You match these required skills: machine learning, git. Skills you could improve: html, node.js, postgresql. The internship is located in Bangalore. Your education matches the internship requirement. Your experience meets the required experience level."
1,Rahul,5,WebWorks,Frontend Developer Intern,Hyderabad,46.17,33.61,40,50.0,100,data analysis,"css, postgresql","You match these required skills: data analysis. Skills you could improve: css, postgresql. The internship is located in Hyderabad. Your education matches the internship requirement. You have less experience than the listed requirement."
33,Ravi,10,CodeCraft,Cloud Engineering Intern,Chennai,46.14,25.23,40,100,100,power bi,"css, html, tensorflow","You match these required skills: power bi. Skills you could improve: css, html, tensorflow. The internship is located in Chennai. Your education matches the internship requirement. Your experience meets the required experience level."
24,Nandini,15,ByteLabs,Machine Learning Intern,Kochi,46.07,18.44,100,50.0,100,machine learning,"git, postgresql, aws, html, sql","You match these required skills: machine learning. Skills you could improve: git, postgresql, aws, html, sql. The internship location matches your preferred location. Your education matches the internship requirement. You have less experience than the listed requirement."
24,Nandini,16,CodeCraft,Data Analyst Intern,Kochi,46.05,22.58,100,100,50,node.js,"java, javascript, html","You match these required skills: node.js. Skills you could improve: java, javascript, html. The internship location matches your preferred location. Your education does not exactly match the listed requirement. Your experience meets the required experience level."
3,Priya,11,ByteLabs,Cloud Engineering Intern,Mumbai,45.52,45.03,40,50.0,50,"machine learning, power bi","pandas, postgresql, css","You match these required skills: machine learning, power bi. Skills you could improve: pandas, postgresql, css. The internship is located in Mumbai. Your education does not exactly match the listed requirement. You have less experience than the listed requirement."
16,Aishwarya,18,NextGen Systems,Frontend Developer Intern,Delhi,45.27,23.79,40,100,100,"git, postgresql","java, docker","You match these required skills: git, postgresql. Skills you could improve: java, docker. The internship is located in Delhi. Your education matches the internship requirement. Your experience meets the required experience level."
18,Kavya,5,WebWorks,Frontend Developer Intern,Hyderabad,45.27,23.79,40,100,100,data analysis,"css, postgresql","You match these required skills: data analysis. Skills you could improve: css, postgresql. The internship is located in Hyderabad. Your education matches the internship requirement. Your experience meets the required experience level."
36,Anjali,18,NextGen Systems,Frontend Developer Intern,Delhi,45.27,23.79,40,100,100,"java, postgresql","git, docker","You match these required skills: java, postgresql. Skills you could improve: git, docker. The internship is located in Delhi. Your education matches the internship requirement. Your experience meets the required experience level."
42,Bhavana,19,ByteLabs,Web Development Intern,Delhi,45.27,23.79,40,100,100,"react, pandas","aws, sql","You match these required skills: react, pandas. Skills you could improve: aws, sql. The internship is located in Delhi. Your education matches the internship requirement. Your experience meets the required experience level."
21,Manish,11,ByteLabs,Cloud Engineering Intern,Mumbai,45.18,40.3,40,0.0,100,"postgresql, power bi, css","pandas, machine learning","You match these required skills: postgresql, power bi, css. Skills you could improve: pandas, machine learning. The internship is located in Mumbai. Your education matches the internship requirement. You have less experience than the listed requirement."
31,Aman,27,NextGen Systems,Python Developer Intern,Mumbai,45.07,8.46,100,100,100,html,"machine learning, sql, power bi","You match these required skills: html. Skills you could improve: machine learning, sql, power bi. The internship location matches your preferred location. Your education matches the internship requirement. Your experience meets the required experience level."
6,Neha,4,ByteLabs,Full Stack Developer Intern,Pune,44.88,35.63,40,100,50,"java, postgresql",python,"You match these required skills: java, postgresql. Skills you could improve: python. The internship is located in Pune. Your education does not exactly match the listed requirement. Your experience meets the required experience level."
6,Neha,23,NextGen Systems,Cloud Engineering Intern,Pune,44.88,35.63,40,100,50,"sql, java, docker",,"You match these required skills: sql, java, docker. The internship is located in Pune. Your education does not exactly match the listed requirement. Your experience meets the required experience level."
6,Neha,29,DataSphere,Full Stack Developer Intern,Kochi,44.88,35.63,40,100,50,"postgresql, javascript, html",,"You match these required skills: postgresql, javascript, html. The internship is located in Kochi. Your education does not exactly match the listed requirement. Your experience meets the required experience level."
19,Sahil,16,CodeCraft,Data Analyst Intern,Kochi,44.88,35.63,40,100,50,"java, javascript, html",node.js,"You match these required skills: java, javascript, html. Skills you could improve: node.js. The internship is located in Kochi. Your education does not exactly match the listed requirement. Your experience meets the required experience level."
27,Abhishek,29,DataSphere,Full Stack Developer Intern,Kochi,44.88,35.63,40,100,50,"postgresql, html",javascript,"You match these required skills: postgresql, html. Skills you could improve: javascript. The internship is located in Kochi. Your education does not exactly match the listed requirement. Your experience meets the required experience level."
33,Ravi,24,DevCore,Web Development Intern,Kochi,44.88,35.63,40,100,50,"javascript, java",aws,"You match these required skills: javascript, java. Skills you could improve: aws. The internship is located in Kochi. Your education does not exactly match the listed requirement. Your experience meets the required experience level."
34,Keerthi,23,NextGen Systems,Cloud Engineering Intern,Pune,44.88,35.63,40,100,50,"java, docker",sql,"You match these required skills: java, docker. Skills you could improve: sql. The internship is located in Pune. Your education does not exactly match the listed requirement. Your experience meets the required experience level."
37,Surya,24,DevCore,Web Development Intern,Kochi,44.88,35.63,40,100,50,"aws, javascript, java",,"You match these required skills: aws, javascript, java. The internship is located in Kochi. Your education does not exactly match the listed requirement. Your experience meets the required experience level."
18,Kavya,13,NextGen Systems,Software Engineering Intern,Pune,44.67,7.78,100,100,100,aws,"machine learning, javascript, docker, node.js","You match these required skills: aws. Skills you could improve: machine learning, javascript, docker, node.js. The internship location matches your preferred location. Your education matches the internship requirement. Your experience meets the required experience level."
17,Varun,3,WebWorks,AI Engineering Intern,Bangalore,44.62,20.2,100,100,50,power bi,"react, css, mongodb, html","You match these required skills: power bi. Skills you could improve: react, css, mongodb, html. The internship location matches your preferred location. Your education does not exactly match the listed requirement. Your experience meets the required experience level."
17,Varun,17,NextGen Systems,Backend Developer Intern,Bangalore,44.62,20.2,100,100,50,"postgresql, node.js","css, data analysis","You match these required skills: postgresql, node.js. Skills you could improve: css, data analysis. The internship location matches your preferred location. Your education does not exactly match the listed requirement. Your experience meets the required experience level."
17,Varun,8,DataSphere,Python Developer Intern,Kochi,44.55,22.58,40,100,100,"postgresql, node.js","java, html","You match these required skills: postgresql, node.js. Skills you could improve: java, html. The internship is located in Kochi. Your education matches the internship requirement. Your experience meets the required experience level."
34,Keerthi,17,NextGen Systems,Backend Developer Intern,Bangalore,44.55,22.58,40,100,100,data analysis,"postgresql, node.js, css","You match these required skills: data analysis. Skills you could improve: postgresql, node.js, css. The internship is located in Bangalore. Your education matches the internship requirement. Your experience meets the required experience level."
44,Sakshi,3,WebWorks,AI Engineering Intern,Bangalore,44.55,22.58,40,100,100,"react, mongodb","css, power bi, html","You match these required skills: react, mongodb. Skills you could improve: css, power bi, html. The internship is located in Bangalore. Your education matches the internship requirement. Your experience meets the required experience level."
3,Priya,15,ByteLabs,Machine Learning Intern,Kochi,44.25,30.41,40,50.0,100,"machine learning, html","git, postgresql, aws, sql","You match these required skills: machine learning, html. Skills you could improve: git, postgresql, aws, sql. The internship is located in Kochi. Your education matches the internship requirement. You have less experience than the listed requirement."
39,Karthik,21,ByteLabs,Backend Developer Intern,Chennai,44.22,22.03,40,100,100,node.js,"data analysis, power bi, react, docker","You match these required skills: node.js. Skills you could improve: data analysis, power bi, react, docker. The internship is located in Chennai. Your education matches the internship requirement. Your experience meets the required experience level."
16,Aishwarya,14,ByteLabs,Web Development Intern,Delhi,44.18,34.46,40,100,50,"power bi, pandas","java, html","You match these required skills: power bi, pandas. Skills you could improve: java, html. The internship is located in Delhi. Your education does not exactly match the listed requirement. Your experience meets the required experience level."
31,Aman,16,CodeCraft,Data Analyst Intern,Kochi,44.18,34.46,40,100,50,"node.js, html","java, javascript","You match these required skills: node.js, html. Skills you could improve: java, javascript. The internship is located in Kochi. Your education does not exactly match the listed requirement. Your experience meets the required experience level."
41,Rohit,8,DataSphere,Python Developer Intern,Kochi,44.18,34.46,40,100,50,"java, node.js","postgresql, html","You match these required skills: java, node.js. Skills you could improve: postgresql, html. The internship is located in Kochi. Your education does not exactly match the listed requirement. Your experience meets the required experience level."
41,Rohit,16,CodeCraft,Data Analyst Intern,Kochi,44.18,34.46,40,100,50,"node.js, java, javascript",html,"You match these required skills: node.js, java, javascript. Skills you could improve: html. The internship is located in Kochi. Your education does not exactly match the listed requirement. Your experience meets the required experience level."
42,Bhavana,8,DataSphere,Python Developer Intern,Kochi,44.18,34.46,40,100,50,"java, html, node.js",postgresql,"You match these required skills: java, html, node.js. Skills you could improve: postgresql. The internship is located in Kochi. Your education does not exactly match the listed requirement. Your experience meets the required experience level."
46,Manya,4,ByteLabs,Full Stack Developer Intern,Pune,44.04,15.06,100,50.0,100,"java, postgresql",python,"You match these required skills: java, postgresql. Skills you could improve: python. The internship location matches your preferred location. Your education matches the internship requirement. You have less experience than the listed requirement."
27,Abhishek,21,ByteLabs,Backend Developer Intern,Chennai,43.95,19.09,100,100,50,node.js,"data analysis, power bi, react, docker","You match these required skills: node.js. Skills you could improve: data analysis, power bi, react, docker. The internship location matches your preferred location. Your education does not exactly match the listed requirement. Your experience meets the required experience level."
50,Sowmya,11,ByteLabs,Cloud Engineering Intern,Mumbai,43.95,34.08,40,100,50,"machine learning, power bi","pandas, postgresql, css","You match these required skills: machine learning, power bi. Skills you could improve: pandas, postgresql, css. The internship is located in Mumbai. Your education does not exactly match the listed requirement. Your experience meets the required experience level."
15,Nikhil,7,AI Labs,Python Developer Intern,Bangalore,43.69,50.31,40,0.0,50,"pandas, html",python,"You match these required skills: pandas, html. Skills you could improve: python. The internship is located in Bangalore. Your education does not exactly match the listed requirement. You have less experience than the listed requirement."
3,Priya,3,WebWorks,AI Engineering Intern,Bangalore,43.67,33.61,40,100,50,"power bi, html","react, css, mongodb","You match these required skills: power bi, html. Skills you could improve: react, css, mongodb. The internship is located in Bangalore. Your education does not exactly match the listed requirement. Your experience meets the required experience level."
3,Priya,9,CloudWorks,Python Developer Intern,Kochi,43.67,33.61,40,100,50,"power bi, html","javascript, aws, postgresql","You match these required skills: power bi, html. Skills you could improve: javascript, aws, postgresql. The internship is located in Kochi. Your education does not exactly match the listed requirement. Your experience meets the required experience level."
4,Ananya,22,TechNova,Machine Learning Intern,Bangalore,43.67,33.61,40,100,50,"python, postgresql, pandas, mongodb","java, css","You match these required skills: python, postgresql, pandas, mongodb. Skills you could improve: java, css. The internship is located in Bangalore. Your education does not exactly match the listed requirement. Your experience meets the required experience level."
14,Divya,20,InnoTech,Software Engineering Intern,Bangalore,43.67,33.61,40,100,50,"html, mongodb","sql, tensorflow","You match these required skills: html, mongodb. Skills you could improve: sql, tensorflow. The internship is located in Bangalore. Your education does not exactly match the listed requirement. Your experience meets the required experience level."
17,Varun,9,CloudWorks,Python Developer Intern,Kochi,43.67,33.61,40,100,50,"power bi, aws, postgresql","javascript, html","You match these required skills: power bi, aws, postgresql. Skills you could improve: javascript, html. The internship is located in Kochi. Your education does not exactly match the listed requirement. Your experience meets the required experience level."
17,Varun,27,NextGen Systems,Python Developer Intern,Mumbai,43.67,33.61,40,100,50,"sql, power bi","machine learning, html","You match these required skills: sql, power bi. Skills you could improve: machine learning, html. The internship is located in Mumbai. Your education does not exactly match the listed requirement. Your experience meets the required experience level."
20,Isha,3,WebWorks,AI Engineering Intern,Bangalore,43.67,33.61,40,100,50,"power bi, mongodb","react, css, html","You match these required skills: power bi, mongodb. Skills you could improve: react, css, html. The internship is located in Bangalore. Your education does not exactly match the listed requirement. Your experience meets the required experience level."
29,Yash,5,WebWorks,Frontend Developer Intern,Hyderabad,43.67,33.61,40,100,50,"data analysis, postgresql",css,"You match these required skills: data analysis, postgresql. Skills you could improve: css. The internship is located in Hyderabad. Your education does not exactly match the listed requirement. Your experience meets the required experience level."
38,Deepika,3,WebWorks,AI Engineering Intern,Bangalore,43.67,33.61,40,100,50,"react, power bi","css, mongodb, html","You match these required skills: react, power bi. Skills you could improve: css, mongodb, html. The internship is located in Bangalore. Your education does not exactly match the listed requirement. Your experience meets the required experience level."
10,Meera,3,WebWorks,AI Engineering Intern,Bangalore,43.57,18.44,100,100,50,"css, html","react, power bi, mongodb","You match these required skills: css, html. Skills you could improve: react, power bi, mongodb. The internship location matches your preferred location. Your education does not exactly match the listed requirement. Your experience meets the required experience level."
10,Meera,22,TechNova,Machine Learning Intern,Bangalore,43.57,18.44,100,100,50,"java, css","python, postgresql, pandas, mongodb","You match these required skills: java, css. Skills you could improve: python, postgresql, pandas, mongodb. The internship location matches your preferred location. Your education does not exactly match the listed requirement. Your experience meets the required experience level."
20,Isha,13,NextGen Systems,Software Engineering Intern,Pune,43.57,18.44,100,100,50,machine learning,"aws, javascript, docker, node.js","You match these required skills: machine learning. Skills you could improve: aws, javascript, docker, node.js. The internship location matches your preferred location. Your education does not exactly match the listed requirement. Your experience meets the required experience level."
40,Lakshmi,22,TechNova,Machine Learning Intern,Bangalore,43.57,18.44,100,100,50,"pandas, css","java, python, postgresql, mongodb","You match these required skills: pandas, css. Skills you could improve: java, python, postgresql, mongodb. The internship location matches your preferred location. Your education does not exactly match the listed requirement. Your experience meets the required experience level."
42,Bhavana,3,WebWorks,AI Engineering Intern,Bangalore,43.57,18.44,100,100,50,"react, html","css, power bi, mongodb","You match these required skills: react, html. Skills you could improve: css, power bi, mongodb. The internship location matches your preferred location. Your education does not exactly match the listed requirement. Your experience meets the required experience level."
8,Sneha,11,ByteLabs,Cloud Engineering Intern,Mumbai,43.46,29.11,40,50.0,100,"pandas, postgresql","machine learning, power bi, css","You match these required skills: pandas, postgresql. Skills you could improve: machine learning, power bi, css. The internship is located in Mumbai. Your education matches the internship requirement. You have less experience than the listed requirement."
6,Neha,30,DevCore,Cloud Engineering Intern,Bangalore,43.37,20.61,40,100,100,"html, postgresql","node.js, machine learning, git","You match these required skills: html, postgresql. Skills you could improve: node.js, machine learning, git. The internship is located in Bangalore. Your education matches the internship requirement. Your experience meets the required experience level."
27,Abhishek,15,ByteLabs,Machine Learning Intern,Kochi,43.37,20.61,40,100,100,"postgresql, html, sql","git, machine learning, aws","You match these required skills: postgresql, html, sql. Skills you could improve: git, machine learning, aws. The internship is located in Kochi. Your education matches the internship requirement. Your experience meets the required experience level."
31,Aman,10,CodeCraft,Cloud Engineering Intern,Chennai,43.37,20.61,40,100,100,"html, tensorflow","css, power bi","You match these required skills: html, tensorflow. Skills you could improve: css, power bi. The internship is located in Chennai. Your education matches the internship requirement. Your experience meets the required experience level."
36,Anjali,8,DataSphere,Python Developer Intern,Kochi,43.37,20.61,40,100,100,"java, postgresql","html, node.js","You match these required skills: java, postgresql. Skills you could improve: html, node.js. The internship is located in Kochi. Your education matches the internship requirement. Your experience meets the required experience level."
19,Sahil,20,InnoTech,Software Engineering Intern,Bangalore,43.17,41.12,40,50.0,50,"html, tensorflow","sql, mongodb","You match these required skills: html, tensorflow. Skills you could improve: sql, mongodb. The internship is located in Bangalore. Your education does not exactly match the listed requirement. You have less experience than the listed requirement."
5,Kiran,24,DevCore,Web Development Intern,Kochi,43.12,20.2,40,100,100,"javascript, java",aws,"You match these required skills: javascript, java. Skills you could improve: aws. The internship is located in Kochi. Your education matches the internship requirement. Your experience meets the required experience level."
38,Deepika,27,NextGen Systems,Python Developer Intern,Mumbai,43.12,20.2,40,100,100,power bi,"machine learning, sql, html","You match these required skills: power bi. Skills you could improve: machine learning, sql, html. The internship is located in Mumbai. Your education matches the internship requirement. Your experience meets the required experience level."
31,Aman,20,InnoTech,Software Engineering Intern,Bangalore,42.94,40.74,40,50.0,50,"html, mongodb, tensorflow",sql,"You match these required skills: html, mongodb, tensorflow. Skills you could improve: sql. The internship is located in Bangalore. Your education does not exactly match the listed requirement. You have less experience than the listed requirement."
14,Divya,24,DevCore,Web Development Intern,Kochi,42.75,17.08,100,100,50,"javascript, java",aws,"You match these required skills: javascript, java. Skills you could improve: aws. The internship location matches your preferred location. Your education does not exactly match the listed requirement. Your experience meets the required experience level."
3,Priya,7,AI Labs,Python Developer Intern,Bangalore,42.63,31.88,40,100,50,"python, html",pandas,"You match these required skills: python, html. Skills you could improve: pandas. The internship is located in Bangalore. Your education does not exactly match the listed requirement. Your experience meets the required experience level."
4,Ananya,7,AI Labs,Python Developer Intern,Bangalore,42.63,31.88,40,100,50,"python, pandas",html,"You match these required skills: python, pandas. Skills you could improve: html. The internship is located in Bangalore. Your education does not exactly match the listed requirement. Your experience meets the required experience level."
8,Sneha,22,TechNova,Machine Learning Intern,Bangalore,42.63,31.88,40,100,50,"postgresql, pandas","java, python, mongodb, css","You match these required skills: postgresql, pandas. Skills you could improve: java, python, mongodb, css. The internship is located in Bangalore. Your education does not exactly match the listed requirement. Your experience meets the required experience level."
8,Sneha,26,TechNova,Cloud Engineering Intern,Chennai,42.63,31.88,40,100,50,"postgresql, docker","data analysis, machine learning","You match these required skills: postgresql, docker. Skills you could improve: data analysis, machine learning. The internship is located in Chennai. Your education does not exactly match the listed requirement. Your experience meets the required experience level."
19,Sahil,9,CloudWorks,Python Developer Intern,Kochi,42.63,31.88,40,100,50,"javascript, html","power bi, aws, postgresql","You match these required skills: javascript, html. Skills you could improve: power bi, aws, postgresql. The internship is located in Kochi. Your education does not exactly match the listed requirement. Your experience meets the required experience level."
7,Vivek,2,AI Labs,Full Stack Developer Intern,Mumbai,42.6,16.84,100,100,50,machine learning,"aws, tensorflow, node.js, react","You match these required skills: machine learning. Skills you could improve: aws, tensorflow, node.js, react. The internship location matches your preferred location. Your education does not exactly match the listed requirement. Your experience meets the required experience level."
13,Akash,10,CodeCraft,Cloud Engineering Intern,Chennai,42.53,31.71,40,100,50,"tensorflow, power bi","css, html","You match these required skills: tensorflow, power bi. Skills you could improve: css, html. The internship is located in Chennai. Your education does not exactly match the listed requirement. Your experience meets the required experience level."
33,Ravi,6,WebWorks,Data Analyst Intern,Kochi,42.53,31.71,40,100,50,"javascript, power bi","docker, machine learning, node.js","You match these required skills: javascript, power bi. Skills you could improve: docker, machine learning, node.js. The internship is located in Kochi. Your education does not exactly match the listed requirement. Your experience meets the required experience level."
50,Sowmya,6,WebWorks,Data Analyst Intern,Kochi,42.18,31.13,40,100,50,"machine learning, power bi","javascript, docker, node.js","You match these required skills: machine learning, power bi. Skills you could improve: javascript, docker, node.js. The internship is located in Kochi. Your education does not exactly match the listed requirement. Your experience meets the required experience level."
17,Varun,11,ByteLabs,Cloud Engineering Intern,Mumbai,42.07,18.44,40,100,100,"postgresql, power bi","pandas, machine learning, css","You match these required skills: postgresql, power bi. Skills you could improve: pandas, machine learning, css. The internship is located in Mumbai. Your education matches the internship requirement. Your experience meets the required experience level."
20,Isha,30,DevCore,Cloud Engineering Intern,Bangalore,42.07,18.44,40,100,100,machine learning,"html, node.js, git, postgresql","You match these required skills: machine learning. Skills you could improve: html, node.js, git, postgresql. The internship is located in Bangalore. Your education matches the internship requirement. Your experience meets the required experience level."
25,Ritesh,27,NextGen Systems,Python Developer Intern,Mumbai,42.07,18.44,40,100,100,machine learning,"sql, html, power bi","You match these required skills: machine learning. Skills you could improve: sql, html, power bi. The internship is located in Mumbai. Your education matches the internship requirement. Your experience meets the required experience level."
42,Bhavana,9,CloudWorks,Python Developer Intern,Kochi,42.07,18.44,40,100,100,"javascript, html","power bi, aws, postgresql","You match these required skills: javascript, html. Skills you could improve: power bi, aws, postgresql. The internship is located in Kochi. Your education matches the internship requirement. Your experience meets the required experience level."
42,Bhavana,25,InnoTech,Data Analyst Intern,Mumbai,42.07,18.44,40,100,100,"java, javascript, html","postgresql, aws, css","You match these required skills: java, javascript, html. Skills you could improve: postgresql, aws, css. The internship is located in Mumbai. Your education matches the internship requirement. Your experience meets the required experience level."
9,Aditya,21,ByteLabs,Backend Developer Intern,Chennai,41.86,15.59,100,100,50,data analysis,"power bi, node.js, react, docker","You match these required skills: data analysis. Skills you could improve: power bi, node.js, react, docker. The internship location matches your preferred location. Your education does not exactly match the listed requirement. Your experience meets the required experience level."
41,Rohit,21,ByteLabs,Backend Developer Intern,Chennai,41.86,15.59,100,100,50,node.js,"data analysis, power bi, react, docker","You match these required skills: node.js. Skills you could improve: data analysis, power bi, react, docker. The internship location matches your preferred location. Your education does not exactly match the listed requirement. Your experience meets the required experience level."
3,Priya,30,DevCore,Cloud Engineering Intern,Bangalore,41.75,30.41,40,100,50,"html, machine learning","node.js, git, postgresql","You match these required skills: html, machine learning. Skills you could improve: node.js, git, postgresql. The internship is located in Bangalore. Your education does not exactly match the listed requirement. Your experience meets the required experience level."
9,Aditya,27,NextGen Systems,Python Developer Intern,Mumbai,41.75,30.41,40,100,50,"machine learning, sql","html, power bi","You match these required skills: machine learning, sql. Skills you could improve: html, power bi. The internship is located in Mumbai. Your education does not exactly match the listed requirement. Your experience meets the required experience level."
10,Meera,25,InnoTech,Data Analyst Intern,Mumbai,41.75,30.41,40,100,50,"java, javascript, html, css","postgresql, aws","You match these required skills: java, javascript, html, css. Skills you could improve: postgresql, aws. The internship is located in Mumbai. Your education does not exactly match the listed requirement. Your experience meets the required experience level."
12,Pooja,30,DevCore,Cloud Engineering Intern,Bangalore,41.75,30.41,40,100,50,"node.js, git","html, machine learning, postgresql","You match these required skills: node.js, git. Skills you could improve: html, machine learning, postgresql. The internship is located in Bangalore. Your education does not exactly match the listed requirement. Your experience meets the required experience level."
16,Aishwarya,9,CloudWorks,Python Developer Intern,Kochi,41.75,30.41,40,100,50,"power bi, postgresql","javascript, aws, html","You match these required skills: power bi, postgresql. Skills you could improve: javascript, aws, html. The internship is located in Kochi. Your education does not exactly match the listed requirement. Your experience meets the required experience level."
16,Aishwarya,22,TechNova,Machine Learning Intern,Bangalore,41.75,30.41,40,100,50,"python, postgresql, pandas","java, mongodb, css","You match these required skills: python, postgresql, pandas. Skills you could improve: java, mongodb, css. The internship is located in Bangalore. Your education does not exactly match the listed requirement. Your experience meets the required experience level."
16,Aishwarya,27,NextGen Systems,Python Developer Intern,Mumbai,41.75,30.41,40,100,50,"sql, power bi","machine learning, html","You match these required skills: sql, power bi. Skills you could improve: machine learning, html. The internship is located in Mumbai. Your education does not exactly match the listed requirement. Your experience meets the required experience level."
17,Varun,2,AI Labs,Full Stack Developer Intern,Mumbai,41.75,30.41,40,100,50,"aws, node.js","tensorflow, machine learning, react","You match these required skills: aws, node.js. Skills you could improve: tensorflow, machine learning, react. The internship is located in Mumbai. Your education does not exactly match the listed requirement. Your experience meets the required experience level."
17,Varun,13,NextGen Systems,Software Engineering Intern,Pune,41.75,30.41,40,100,50,"aws, node.js","machine learning, javascript, docker","You match these required skills: aws, node.js. Skills you could improve: machine learning, javascript, docker. The internship is located in Pune. Your education does not exactly match the listed requirement. Your experience meets the required experience level."
25,Ritesh,3,WebWorks,AI Engineering Intern,Bangalore,41.75,30.41,40,100,50,"react, css, mongodb","power bi, html","You match these required skills: react, css, mongodb. Skills you could improve: power bi, html. The internship is located in Bangalore. Your education does not exactly match the listed requirement. Your experience meets the required experience level."
31,Aman,3,WebWorks,AI Engineering Intern,Bangalore,41.75,30.41,40,100,50,"react, mongodb, html","css, power bi","You match these required skills: react, mongodb, html. Skills you could improve: css, power bi. The internship is located in Bangalore. Your education does not exactly match the listed requirement. Your experience meets the required experience level."
36,Anjali,22,TechNova,Machine Learning Intern,Bangalore,41.75,30.41,40,100,50,"java, python, postgresql","pandas, mongodb, css","You match these required skills: java, python, postgresql. Skills you could improve: pandas, mongodb, css. The internship is located in Bangalore. Your education does not exactly match the listed requirement. Your experience meets the required experience level."
36,Anjali,25,InnoTech,Data Analyst Intern,Mumbai,41.75,30.41,40,100,50,"java, postgresql, javascript","html, aws, css","You match these required skills: java, postgresql, javascript. Skills you could improve: html, aws, css. The internship is located in Mumbai. Your education does not exactly match the listed requirement. Your experience meets the required experience level."
38,Deepika,28,WebWorks,Machine Learning Intern,Kochi,41.75,30.41,40,100,50,"react, power bi","css, machine learning, pandas","You match these required skills: react, power bi. Skills you could improve: css, machine learning, pandas. The internship is located in Kochi. Your education does not exactly match the listed requirement. Your experience meets the required experience level."
41,Rohit,22,TechNova,Machine Learning Intern,Bangalore,41.75,30.41,40,100,50,"java, python, pandas","postgresql, mongodb, css","You match these required skills: java, python, pandas. Skills you could improve: postgresql, mongodb, css. The internship is located in Bangalore. Your education does not exactly match the listed requirement. Your experience meets the required experience level."
47,Pranav,17,NextGen Systems,Backend Developer Intern,Bangalore,41.75,30.41,40,100,50,"css, data analysis","postgresql, node.js","You match these required skills: css, data analysis. Skills you could improve: postgresql, node.js. The internship is located in Bangalore. Your education does not exactly match the listed requirement. Your experience meets the required experience level."
50,Sowmya,10,CodeCraft,Cloud Engineering Intern,Chennai,41.71,17.86,40,100,100,power bi,"css, html, tensorflow","You match these required skills: power bi. Skills you could improve: css, html, tensorflow. The internship is located in Chennai. Your education matches the internship requirement. Your experience meets the required experience level."
2,Arjun,12,CloudWorks,Full Stack Developer Intern,Hyderabad,41.25,17.08,40,100,100,css,"sql, python, aws","You match these required skills: css. Skills you could improve: sql, python, aws. The internship is located in Hyderabad. Your education matches the internship requirement. Your experience meets the required experience level."
5,Kiran,19,ByteLabs,Web Development Intern,Delhi,41.25,17.08,40,100,100,react,"aws, sql, pandas","You match these required skills: react. Skills you could improve: aws, sql, pandas. The internship is located in Delhi. Your education matches the internship requirement. Your experience meets the required experience level."
28,Tanvi,24,DevCore,Web Development Intern,Kochi,41.25,17.08,40,100,100,"javascript, java",aws,"You match these required skills: javascript, java. Skills you could improve: aws. The internship is located in Kochi. Your education matches the internship requirement. Your experience meets the required experience level."
39,Karthik,29,DataSphere,Full Stack Developer Intern,Kochi,41.25,17.08,40,100,100,html,"postgresql, javascript","You match these required skills: html. Skills you could improve: postgresql, javascript. The internship is located in Kochi. Your education matches the internship requirement. Your experience meets the required experience level."
48,Shruthi,7,AI Labs,Python Developer Intern,Bangalore,41.25,17.08,40,100,100,pandas,"python, html","You match these required skills: pandas. Skills you could improve: python, html. The internship is located in Bangalore. Your education matches the internship requirement. Your experience meets the required experience level."
48,Shruthi,24,DevCore,Web Development Intern,Kochi,41.25,17.08,40,100,100,aws,"javascript, java","You match these required skills: aws. Skills you could improve: javascript, java. The internship is located in Kochi. Your education matches the internship requirement. Your experience meets the required experience level."
35,Dhanush,11,ByteLabs,Cloud Engineering Intern,Mumbai,41.19,25.32,40,50.0,100,"pandas, machine learning","postgresql, power bi, css","You match these required skills: pandas, machine learning. Skills you could improve: postgresql, power bi, css. The internship is located in Mumbai. Your education matches the internship requirement. You have less experience than the listed requirement."
1,Rahul,1,CloudWorks,Cloud Engineering Intern,Pune,41.16,14.44,100,100,50,pandas,"aws, postgresql, java","You match these required skills: pandas. Skills you could improve: aws, postgresql, java. The internship location matches your preferred location. Your education does not exactly match the listed requirement. Your experience meets the required experience level."
28,Tanvi,20,InnoTech,Software Engineering Intern,Bangalore,41.16,14.44,100,100,50,"html, sql","mongodb, tensorflow","You match these required skills: html, sql. Skills you could improve: mongodb, tensorflow. The internship location matches your preferred location. Your education does not exactly match the listed requirement. Your experience meets the required experience level."
29,Yash,19,ByteLabs,Web Development Intern,Delhi,41.16,14.44,100,100,50,sql,"react, aws, pandas","You match these required skills: sql. Skills you could improve: react, aws, pandas. The internship location matches your preferred location. Your education does not exactly match the listed requirement. Your experience meets the required experience level."
30,Pallavi,20,InnoTech,Software Engineering Intern,Bangalore,41.16,14.44,100,100,50,sql,"html, mongodb, tensorflow","You match these required skills: sql. Skills you could improve: html, mongodb, tensorflow. The internship location matches your preferred location. Your education does not exactly match the listed requirement. Your experience meets the required experience level."
11,Rohan,15,ByteLabs,Machine Learning Intern,Kochi,41.1,16.84,40,100,100,machine learning,"git, postgresql, aws, html, sql","You match these required skills: machine learning. Skills you could improve: git, postgresql, aws, html, sql. The internship is located in Kochi. Your education matches the internship requirement. Your experience meets the required experience level."
16,Aishwarya,30,DevCore,Cloud Engineering Intern,Bangalore,41.1,16.84,40,100,100,"git, postgresql","html, node.js, machine learning","You match these required skills: git, postgresql. Skills you could improve: html, node.js, machine learning. The internship is located in Bangalore. Your education matches the internship requirement. Your experience meets the required experience level."
18,Kavya,2,AI Labs,Full Stack Developer Intern,Mumbai,41.1,16.84,40,100,100,"aws, react","tensorflow, machine learning, node.js","You match these required skills: aws, react. Skills you could improve: tensorflow, machine learning, node.js. The internship is located in Mumbai. Your education matches the internship requirement. Your experience meets the required experience level."
31,Aman,13,NextGen Systems,Software Engineering Intern,Pune,41.1,16.84,40,100,100,node.js,"machine learning, aws, javascript, docker","You match these required skills: node.js. Skills you could improve: machine learning, aws, javascript, docker. The internship is located in Pune. Your education matches the internship requirement. Your experience meets the required experience level."
47,Pranav,30,DevCore,Cloud Engineering Intern,Bangalore,41.1,16.84,40,100,100,machine learning,"html, node.js, git, postgresql","You match these required skills: machine learning. Skills you could improve: html, node.js, git, postgresql. The internship is located in Bangalore. Your education matches the internship requirement. Your experience meets the required experience level."
24,Nandini,8,DataSphere,Python Developer Intern,Kochi,41.05,22.58,100,50.0,50,node.js,"java, postgresql, html","You match these required skills: node.js. Skills you could improve: java, postgresql, html. The internship location matches your preferred location. Your education does not exactly match the listed requirement. You have less experience than the listed requirement."
37,Surya,25,InnoTech,Data Analyst Intern,Mumbai,41.05,22.58,100,50.0,50,"java, javascript, aws","postgresql, html, css","You match these required skills: java, javascript, aws. Skills you could improve: postgresql, html, css. The internship location matches your preferred location. Your education does not exactly match the listed requirement. You have less experience than the listed requirement."
6,Neha,1,CloudWorks,Cloud Engineering Intern,Pune,40.97,29.12,40,100,50,"postgresql, java","aws, pandas","You match these required skills: postgresql, java. Skills you could improve: aws, pandas. The internship is located in Pune. Your education does not exactly match the listed requirement. Your experience meets the required experience level."
27,Abhishek,20,InnoTech,Software Engineering Intern,Bangalore,40.97,29.12,40,100,50,"html, sql, mongodb",tensorflow,"You match these required skills: html, sql, mongodb. Skills you could improve: tensorflow. The internship is located in Bangalore. Your education does not exactly match the listed requirement. Your experience meets the required experience level."
28,Tanvi,8,DataSphere,Python Developer Intern,Kochi,40.97,29.12,40,100,50,"java, postgresql, html",node.js,"You match these required skills: java, postgresql, html. Skills you could improve: node.js. The internship is located in Kochi. Your education does not exactly match the listed requirement. Your experience meets the required experience level."
34,Keerthi,18,NextGen Systems,Frontend Developer Intern,Delhi,40.97,29.12,40,100,50,"java, docker","git, postgresql","You match these required skills: java, docker. Skills you could improve: git, postgresql. The internship is located in Delhi. Your education does not exactly match the listed requirement. Your experience meets the required experience level."
44,Sakshi,19,ByteLabs,Web Development Intern,Delhi,40.97,29.12,40,100,50,"react, aws","sql, pandas","You match these required skills: react, aws. Skills you could improve: sql, pandas. The internship is located in Delhi. Your education does not exactly match the listed requirement. Your experience meets the required experience level."
46,Manya,19,ByteLabs,Web Development Intern,Delhi,40.97,29.12,40,100,50,"react, sql","aws, pandas","You match these required skills: react, sql. Skills you could improve: aws, pandas. The internship is located in Delhi. Your education does not exactly match the listed requirement. Your experience meets the required experience level."
48,Shruthi,10,CodeCraft,Cloud Engineering Intern,Chennai,40.97,29.12,40,100,50,power bi,"css, html, tensorflow","You match these required skills: power bi. Skills you could improve: css, html, tensorflow. The internship is located in Chennai. Your education does not exactly match the listed requirement. Your experience meets the required experience level."
49,Gaurav,12,CloudWorks,Full Stack Developer Intern,Hyderabad,40.97,29.12,40,100,50,"sql, python","css, aws","You match these required skills: sql, python. Skills you could improve: css, aws. The internship is located in Hyderabad. Your education does not exactly match the listed requirement. Your experience meets the required experience level."
5,Kiran,13,NextGen Systems,Software Engineering Intern,Pune,40.96,29.11,40,100,50,"javascript, docker","machine learning, aws, node.js","You match these required skills: javascript, docker. Skills you could improve: machine learning, aws, node.js. The internship is located in Pune. Your education does not exactly match the listed requirement. Your experience meets the required experience level."
7,Vivek,24,DevCore,Web Development Intern,Kochi,40.96,29.11,40,100,50,"javascript, java",aws,"You match these required skills: javascript, java. Skills you could improve: aws. The internship is located in Kochi. Your education does not exactly match the listed requirement. Your experience meets the required experience level."
13,Akash,6,WebWorks,Data Analyst Intern,Kochi,40.96,45.76,40,0.0,50,"javascript, node.js, power bi","docker, machine learning","You match these required skills: javascript, node.js, power bi. Skills you could improve: docker, machine learning. The internship is located in Kochi. Your education does not exactly match the listed requirement. You have less experience than the listed requirement."
16,Aishwarya,4,ByteLabs,Full Stack Developer Intern,Pune,40.96,29.11,40,100,50,"python, postgresql",java,"You match these required skills: python, postgresql. Skills you could improve: java. The internship is located in Pune. Your education does not exactly match the listed requirement. Your experience meets the required experience level."
16,Aishwarya,7,AI Labs,Python Developer Intern,Bangalore,40.96,29.11,40,100,50,"python, pandas",html,"You match these required skills: python, pandas. Skills you could improve: html. The internship is located in Bangalore. Your education does not exactly match the listed requirement. Your experience meets the required experience level."
36,Anjali,24,DevCore,Web Development Intern,Kochi,40.96,29.11,40,100,50,"javascript, java",aws,"You match these required skills: javascript, java. Skills you could improve: aws. The internship is located in Kochi. Your education does not exactly match the listed requirement. Your experience meets the required experience level."
36,Anjali,29,DataSphere,Full Stack Developer Intern,Kochi,40.96,29.11,40,100,50,"postgresql, javascript",html,"You match these required skills: postgresql, javascript. Skills you could improve: html. The internship is located in Kochi. Your education does not exactly match the listed requirement. Your experience meets the required experience level."
41,Rohit,7,AI Labs,Python Developer Intern,Bangalore,40.96,29.11,40,100,50,"python, pandas",html,"You match these required skills: python, pandas. Skills you could improve: html. The internship is located in Bangalore. Your education does not exactly match the listed requirement. Your experience meets the required experience level."
42,Bhavana,29,DataSphere,Full Stack Developer Intern,Kochi,40.96,29.11,40,100,50,"javascript, html",postgresql,"You match these required skills: javascript, html. Skills you could improve: postgresql. The internship is located in Kochi. Your education does not exactly match the listed requirement. Your experience meets the required experience level."
35,Dhanush,18,NextGen Systems,Frontend Developer Intern,Delhi,40.92,9.87,100,50.0,100,git,"java, postgresql, docker","You match these required skills: git. Skills you could improve: java, postgresql, docker. The internship location matches your preferred location. Your education matches the internship requirement. You have less experience than the listed requirement."
7,Vivek,25,InnoTech,Data Analyst Intern,Mumbai,40.75,30.41,100,0.0,50,"java, javascript, css","postgresql, html, aws","You match these required skills: java, javascript, css. Skills you could improve: postgresql, html, aws. The internship location matches your preferred location. Your education does not exactly match the listed requirement. You have less experience than the listed requirement."
40,Lakshmi,3,WebWorks,AI Engineering Intern,Bangalore,40.75,30.41,100,0.0,50,"css, power bi","react, mongodb, html","You match these required skills: css, power bi. Skills you could improve: react, mongodb, html. The internship location matches your preferred location. Your education does not exactly match the listed requirement. You have less experience than the listed requirement."
21,Manish,3,WebWorks,AI Engineering Intern,Bangalore,40.52,45.03,40,0.0,50,"react, css, power bi","mongodb, html","You match these required skills: react, css, power bi. Skills you could improve: mongodb, html. The internship is located in Bangalore. Your education does not exactly match the listed requirement. You have less experience than the listed requirement."
21,Manish,9,CloudWorks,Python Developer Intern,Kochi,40.52,45.03,40,0.0,50,"power bi, aws, postgresql","javascript, html","You match these required skills: power bi, aws, postgresql. Skills you could improve: javascript, html. The internship is located in Kochi. Your education does not exactly match the listed requirement. You have less experience than the listed requirement."
40,Lakshmi,27,NextGen Systems,Python Developer Intern,Mumbai,40.52,45.03,40,0.0,50,"machine learning, power bi","sql, html","You match these required skills: machine learning, power bi. Skills you could improve: sql, html. The internship is located in Mumbai. Your education does not exactly match the listed requirement. You have less experience than the listed requirement."
22,Shreya,17,NextGen Systems,Backend Developer Intern,Bangalore,40.51,45.02,40,0.0,50,"css, data analysis","postgresql, node.js","You match these required skills: css, data analysis. Skills you could improve: postgresql, node.js. The internship is located in Bangalore. Your education does not exactly match the listed requirement. You have less experience than the listed requirement."
16,Aishwarya,6,WebWorks,Data Analyst Intern,Kochi,40.36,15.59,40,100,100,power bi,"javascript, docker, machine learning, node.js","You match these required skills: power bi. Skills you could improve: javascript, docker, machine learning, node.js. The internship is located in Kochi. Your education matches the internship requirement. Your experience meets the required experience level."
47,Pranav,6,WebWorks,Data Analyst Intern,Kochi,40.36,15.59,40,100,100,machine learning,"javascript, docker, node.js, power bi","You match these required skills: machine learning. Skills you could improve: javascript, docker, node.js, power bi. The internship is located in Kochi. Your education matches the internship requirement. Your experience meets the required experience level."
2,Arjun,20,InnoTech,Software Engineering Intern,Bangalore,40.25,17.08,100,0.0,100,mongodb,"html, sql, tensorflow","You match these required skills: mongodb. Skills you could improve: html, sql, tensorflow. The internship location matches your preferred location. Your education matches the internship requirement. You have less experience than the listed requirement."
13,Akash,3,WebWorks,AI Engineering Intern,Bangalore,40.25,17.08,100,0.0,100,power bi,"react, css, mongodb, html","You match these required skills: power bi. Skills you could improve: react, css, mongodb, html. The internship location matches your preferred location. Your education matches the internship requirement. You have less experience than the listed requirement."
6,Neha,5,WebWorks,Frontend Developer Intern,Hyderabad,40.14,12.74,100,100,50,postgresql,"css, data analysis","You match these required skills: postgresql. Skills you could improve: css, data analysis. The internship location matches your preferred location. Your education does not exactly match the listed requirement. Your experience meets the required experience level."
32,Sanjana,8,DataSphere,Python Developer Intern,Kochi,40.14,12.74,100,100,50,java,"postgresql, html, node.js","You match these required skills: java. Skills you could improve: postgresql, html, node.js. The internship location matches your preferred location. Your education does not exactly match the listed requirement. Your experience meets the required experience level."
33,Ravi,12,CloudWorks,Full Stack Developer Intern,Hyderabad,40.14,12.74,100,100,50,sql,"css, python, aws","You match these required skills: sql. Skills you could improve: css, python, aws. The internship location matches your preferred location. Your education does not exactly match the listed requirement. Your experience meets the required experience level."
45,Vishal,19,ByteLabs,Web Development Intern,Delhi,40.14,12.74,100,100,50,sql,"react, aws, pandas","You match these required skills: sql. Skills you could improve: react, aws, pandas. The internship location matches your preferred location. Your education does not exactly match the listed requirement. Your experience meets the required experience level."
46,Manya,1,CloudWorks,Cloud Engineering Intern,Pune,40.14,12.74,100,100,50,"postgresql, java","aws, pandas","You match these required skills: postgresql, java. Skills you could improve: aws, pandas. The internship location matches your preferred location. Your education does not exactly match the listed requirement. Your experience meets the required experience level."
5,Kiran,16,CodeCraft,Data Analyst Intern,Kochi,40.04,15.06,40,100,100,"java, javascript","node.js, html","You match these required skills: java, javascript. Skills you could improve: node.js, html. The internship is located in Kochi. Your education matches the internship requirement. Your experience meets the required experience level."
27,Abhishek,4,ByteLabs,Full Stack Developer Intern,Pune,40.04,15.06,40,100,100,postgresql,"python, java","You match these required skills: postgresql. Skills you could improve: python, java. The internship is located in Pune. Your education matches the internship requirement. Your experience meets the required experience level."
34,Keerthi,24,DevCore,Web Development Intern,Kochi,40.04,15.06,40,100,100,"javascript, java",aws,"You match these required skills: javascript, java. Skills you could improve: aws. The internship is located in Kochi. Your education matches the internship requirement. Your experience meets the required experience level."
10,Meera,7,AI Labs,Python Developer Intern,Bangalore,40.02,12.54,100,100,50,html,"python, pandas","You match these required skills: html. Skills you could improve: python, pandas. The internship location matches your preferred location. Your education does not exactly match the listed requirement. Your experience meets the required experience level."
18,Kavya,4,ByteLabs,Full Stack Developer Intern,Pune,40.02,12.54,100,100,50,python,"java, postgresql","You match these required skills: python. Skills you could improve: java, postgresql. The internship location matches your preferred location. Your education does not exactly match the listed requirement. Your experience meets the required experience level."
36,Anjali,23,NextGen Systems,Cloud Engineering Intern,Pune,40.02,12.54,100,100,50,"sql, java",docker,"You match these required skills: sql, java. Skills you could improve: docker. The internship location matches your preferred location. Your education does not exactly match the listed requirement. Your experience meets the required experience level."
7,Vivek,13,NextGen Systems,Software Engineering Intern,Pune,40.01,27.52,40,100,50,"machine learning, javascript","aws, docker, node.js","You match these required skills: machine learning, javascript. Skills you could improve: aws, docker, node.js. The internship is located in Pune. Your education does not exactly match the listed requirement. Your experience meets the required experience level."
9,Aditya,11,ByteLabs,Cloud Engineering Intern,Mumbai,40.01,27.52,40,100,50,"pandas, postgresql, machine learning","power bi, css","You match these required skills: pandas, postgresql, machine learning. Skills you could improve: power bi, css. The internship is located in Mumbai. Your education does not exactly match the listed requirement. Your experience meets the required experience level."
9,Aditya,13,NextGen Systems,Software Engineering Intern,Pune,40.01,27.52,40,100,50,"machine learning, javascript","aws, docker, node.js","You match these required skills: machine learning, javascript. Skills you could improve: aws, docker, node.js. The internship is located in Pune. Your education does not exactly match the listed requirement. Your experience meets the required experience level."
11,Rohan,2,AI Labs,Full Stack Developer Intern,Mumbai,40.01,27.52,40,100,50,"tensorflow, machine learning","aws, node.js, react","You match these required skills: tensorflow, machine learning. Skills you could improve: aws, node.js, react. The internship is located in Mumbai. Your education does not exactly match the listed requirement. Your experience meets the required experience level."
11,Rohan,11,ByteLabs,Cloud Engineering Intern,Mumbai,40.01,27.52,40,100,50,"machine learning, css","pandas, postgresql, power bi","You match these required skills: machine learning, css. Skills you could improve: pandas, postgresql, power bi. The internship is located in Mumbai. Your education does not exactly match the listed requirement. Your experience meets the required experience level."
11,Rohan,13,NextGen Systems,Software Engineering Intern,Pune,40.01,27.52,40,100,50,"machine learning, javascript","aws, docker, node.js","You match these required skills: machine learning, javascript. Skills you could improve: aws, docker, node.js. The internship is located in Pune. Your education does not exactly match the listed requirement. Your experience meets the required experience level."
16,Aishwarya,15,ByteLabs,Machine Learning Intern,Kochi,40.01,27.52,40,100,50,"git, postgresql, sql","machine learning, aws, html","You match these required skills: git, postgresql, sql. Skills you could improve: machine learning, aws, html. The internship is located in Kochi. Your education does not exactly match the listed requirement. Your experience meets the required experience level."
16,Aishwarya,28,WebWorks,Machine Learning Intern,Kochi,40.01,27.52,40,100,50,"power bi, pandas","react, css, machine learning","You match these required skills: power bi, pandas. Skills you could improve: react, css, machine learning. The internship is located in Kochi. Your education does not exactly match the listed requirement. Your experience meets the required experience level."
21,Manish,2,AI Labs,Full Stack Developer Intern,Mumbai,40.01,27.52,40,100,50,"aws, tensorflow, react","machine learning, node.js","You match these required skills: aws, tensorflow, react. Skills you could improve: machine learning, node.js. The internship is located in Mumbai. Your education does not exactly match the listed requirement. Your experience meets the required experience level."
25,Ritesh,11,ByteLabs,Cloud Engineering Intern,Mumbai,40.01,27.52,40,100,50,"machine learning, css","pandas, postgresql, power bi","You match these required skills: machine learning, css. Skills you could improve: pandas, postgresql, power bi. The internship is located in Mumbai. Your education does not exactly match the listed requirement. Your experience meets the required experience level."
25,Ritesh,30,DevCore,Cloud Engineering Intern,Bangalore,40.01,27.52,40,100,50,"machine learning, git","html, node.js, postgresql","You match these required skills: machine learning, git. Skills you could improve: html, node.js, postgresql. The internship is located in Bangalore. Your education does not exactly match the listed requirement. Your experience meets the required experience level."
31,Aman,30,DevCore,Cloud Engineering Intern,Bangalore,40.01,27.52,40,100,50,"html, node.js","machine learning, git, postgresql","You match these required skills: html, node.js. Skills you could improve: machine learning, git, postgresql. The internship is located in Bangalore. Your education does not exactly match the listed requirement. Your experience meets the required experience level."
40,Lakshmi,2,AI Labs,Full Stack Developer Intern,Mumbai,40.01,27.52,40,100,50,"tensorflow, machine learning","aws, node.js, react","You match these required skills: tensorflow, machine learning. Skills you could improve: aws, node.js, react. The internship is located in Mumbai. Your education does not exactly match the listed requirement. Your experience meets the required experience level."
42,Bhavana,2,AI Labs,Full Stack Developer Intern,Mumbai,40.01,27.52,40,100,50,"node.js, react","aws, tensorflow, machine learning","You match these required skills: node.js, react. Skills you could improve: aws, tensorflow, machine learning. The internship is located in Mumbai. Your education does not exactly match the listed requirement. Your experience meets the required experience level."
42,Bhavana,13,NextGen Systems,Software Engineering Intern,Pune,40.01,27.52,40,100,50,"javascript, node.js","machine learning, aws, docker","You match these required skills: javascript, node.js. Skills you could improve: machine learning, aws, docker. The internship is located in Pune. Your education does not exactly match the listed requirement. Your experience meets the required experience level."
47,Pranav,28,WebWorks,Machine Learning Intern,Kochi,40.01,27.52,40,100,50,"css, machine learning","react, power bi, pandas","You match these required skills: css, machine learning. Skills you could improve: react, power bi, pandas. The internship is located in Kochi. Your education does not exactly match the listed requirement. Your experience meets the required experience level."
1,Rahul,13,NextGen Systems,Software Engineering Intern,Pune,40.0,0.0,100,100,100,,"machine learning, aws, javascript, docker, node.js","Your current skills have limited overlap with the required skills. Skills you could improve: machine learning, aws, javascript, docker, node.js. The internship location matches your preferred location. Your education matches the internship requirement. Your experience meets the required experience level."
1,Rahul,23,NextGen Systems,Cloud Engineering Intern,Pune,40.0,0.0,100,100,100,,"sql, java, docker","Your current skills have limited overlap with the required skills. Skills you could improve: sql, java, docker. The internship location matches your preferred location. Your education matches the internship requirement. Your experience meets the required experience level."
18,Kavya,23,NextGen Systems,Cloud Engineering Intern,Pune,40.0,0.0,100,100,100,,"sql, java, docker","Your current skills have limited overlap with the required skills. Skills you could improve: sql, java, docker. The internship location matches your preferred location. Your education matches the internship requirement. Your experience meets the required experience level."
22,Shreya,13,NextGen Systems,Software Engineering Intern,Pune,40.0,0.0,100,100,100,,"machine learning, aws, javascript, docker, node.js","Your current skills have limited overlap with the required skills. Skills you could improve: machine learning, aws, javascript, docker, node.js. The internship location matches your preferred location. Your education matches the internship requirement. Your experience meets the required experience level."
22,Shreya,23,NextGen Systems,Cloud Engineering Intern,Pune,40.0,0.0,100,100,100,,"sql, java, docker","Your current skills have limited overlap with the required skills. Skills you could improve: sql, java, docker. The internship location matches your preferred location. Your education matches the internship requirement. Your experience meets the required experience level."
26,Swathi,12,CloudWorks,Full Stack Developer Intern,Hyderabad,40.0,0.0,100,100,100,,"css, sql, python, aws","Your current skills have limited overlap with the required skills. Skills you could improve: css, sql, python, aws. The internship location matches your preferred location. Your education matches the internship requirement. Your experience meets the required experience level."
32,Sanjana,9,CloudWorks,Python Developer Intern,Kochi,40.0,0.0,100,100,100,javascript,"power bi, aws, html, postgresql","You match these required skills: javascript. Skills you could improve: power bi, aws, html, postgresql. The internship location matches your preferred location. Your education matches the internship requirement. Your experience meets the required experience level."
33,Ravi,5,WebWorks,Frontend Developer Intern,Hyderabad,40.0,0.0,100,100,100,postgresql,"css, data analysis","You match these required skills: postgresql. Skills you could improve: css, data analysis. The internship location matches your preferred location. Your education matches the internship requirement. Your experience meets the required experience level."
45,Vishal,14,ByteLabs,Web Development Intern,Delhi,40.0,0.0,100,100,100,,"java, power bi, pandas, html","Your current skills have limited overlap with the required skills. Skills you could improve: java, power bi, pandas, html. The internship location matches your preferred location. Your education matches the internship requirement. Your experience meets the required experience level."
47,Pranav,18,NextGen Systems,Frontend Developer Intern,Delhi,40.0,0.0,100,100,100,,"java, git, postgresql, docker","Your current skills have limited overlap with the required skills. Skills you could improve: java, git, postgresql, docker. The internship location matches your preferred location. Your education matches the internship requirement. Your experience meets the required experience level."
50,Sowmya,23,NextGen Systems,Cloud Engineering Intern,Pune,40.0,0.0,100,100,100,,"sql, java, docker","Your current skills have limited overlap with the required skills. Skills you could improve: sql, java, docker. The internship location matches your preferred location. Your education matches the internship requirement. Your experience meets the required experience level."
49,Gaurav,20,InnoTech,Software Engineering Intern,Bangalore,39.97,29.12,100,0.0,50,"html, sql","mongodb, tensorflow","You match these required skills: html, sql. Skills you could improve: mongodb, tensorflow. The internship location matches your preferred location. Your education does not exactly match the listed requirement. You have less experience than the listed requirement."
5,Kiran,6,WebWorks,Data Analyst Intern,Kochi,39.67,26.95,40,100,50,"javascript, docker","machine learning, node.js, power bi","You match these required skills: javascript, docker. Skills you could improve: machine learning, node.js, power bi. The internship is located in Kochi. Your education does not exactly match the listed requirement. Your experience meets the required experience level."
5,Kiran,21,ByteLabs,Backend Developer Intern,Chennai,39.67,26.95,40,100,50,"react, docker","data analysis, power bi, node.js","You match these required skills: react, docker. Skills you could improve: data analysis, power bi, node.js. The internship is located in Chennai. Your education does not exactly match the listed requirement. Your experience meets the required experience level."
14,Divya,18,NextGen Systems,Frontend Developer Intern,Delhi,39.66,14.44,40,100,100,"java, docker","git, postgresql","You match these required skills: java, docker. Skills you could improve: git, postgresql. The internship is located in Delhi. Your education matches the internship requirement. Your experience meets the required experience level."
28,Tanvi,1,CloudWorks,Cloud Engineering Intern,Pune,39.66,14.44,40,100,100,"postgresql, java","aws, pandas","You match these required skills: postgresql, java. Skills you could improve: aws, pandas. The internship is located in Pune. Your education matches the internship requirement. Your experience meets the required experience level."
28,Tanvi,19,ByteLabs,Web Development Intern,Delhi,39.66,14.44,40,100,100,"react, sql","aws, pandas","You match these required skills: react, sql. Skills you could improve: aws, pandas. The internship is located in Delhi. Your education matches the internship requirement. Your experience meets the required experience level."
32,Sanjana,1,CloudWorks,Cloud Engineering Intern,Pune,39.66,14.44,40,100,100,java,"aws, postgresql, pandas","You match these required skills: java. Skills you could improve: aws, postgresql, pandas. The internship is located in Pune. Your education matches the internship requirement. Your experience meets the required experience level."
35,Dhanush,6,WebWorks,Data Analyst Intern,Kochi,39.66,14.44,40,100,100,machine learning,"javascript, docker, node.js, power bi","You match these required skills: machine learning. Skills you could improve: javascript, docker, node.js, power bi. The internship is located in Kochi. Your education matches the internship requirement. Your experience meets the required experience level."
39,Karthik,20,InnoTech,Software Engineering Intern,Bangalore,39.66,14.44,40,100,100,html,"sql, mongodb, tensorflow","You match these required skills: html. Skills you could improve: sql, mongodb, tensorflow. The internship is located in Bangalore. Your education matches the internship requirement. Your experience meets the required experience level."
12,Pooja,18,NextGen Systems,Frontend Developer Intern,Delhi,39.41,11.52,100,100,50,git,"java, postgresql, docker","You match these required skills: git. Skills you could improve: java, postgresql, docker. The internship location matches your preferred location. Your education does not exactly match the listed requirement. Your experience meets the required experience level."
12,Pooja,19,ByteLabs,Web Development Intern,Delhi,39.41,11.52,100,100,50,pandas,"react, aws, sql","You match these required skills: pandas. Skills you could improve: react, aws, sql. The internship location matches your preferred location. Your education does not exactly match the listed requirement. Your experience meets the required experience level."
17,Varun,20,InnoTech,Software Engineering Intern,Bangalore,39.41,11.52,100,100,50,sql,"html, mongodb, tensorflow","You match these required skills: sql. Skills you could improve: html, mongodb, tensorflow. The internship location matches your preferred location. Your education does not exactly match the listed requirement. Your experience meets the required experience level."
20,Isha,1,CloudWorks,Cloud Engineering Intern,Pune,39.41,11.52,100,100,50,pandas,"aws, postgresql, java","You match these required skills: pandas. Skills you could improve: aws, postgresql, java. The internship location matches your preferred location. Your education does not exactly match the listed requirement. Your experience meets the required experience level."
30,Pallavi,22,TechNova,Machine Learning Intern,Bangalore,39.41,11.52,100,100,50,"java, postgresql","python, pandas, mongodb, css","You match these required skills: java, postgresql. Skills you could improve: python, pandas, mongodb, css. The internship location matches your preferred location. Your education does not exactly match the listed requirement. Your experience meets the required experience level."
39,Karthik,25,InnoTech,Data Analyst Intern,Mumbai,39.41,11.52,100,100,50,html,"java, postgresql, javascript, aws, css","You match these required skills: html. Skills you could improve: java, postgresql, javascript, aws, css. The internship location matches your preferred location. Your education does not exactly match the listed requirement. Your experience meets the required experience level."
39,Karthik,27,NextGen Systems,Python Developer Intern,Mumbai,39.41,11.52,100,100,50,html,"machine learning, sql, power bi","You match these required skills: html. Skills you could improve: machine learning, sql, power bi. The internship location matches your preferred location. Your education does not exactly match the listed requirement. Your experience meets the required experience level."
43,Darshan,16,CodeCraft,Data Analyst Intern,Kochi,39.4,43.16,40,0.0,50,"node.js, java, javascript",html,"You match these required skills: node.js, java, javascript. Skills you could improve: html. The internship is located in Kochi. Your education does not exactly match the listed requirement. You have less experience than the listed requirement."
27,Abhishek,10,CodeCraft,Cloud Engineering Intern,Chennai,39.24,11.23,100,100,50,html,"css, tensorflow, power bi","You match these required skills: html. Skills you could improve: css, tensorflow, power bi. The internship location matches your preferred location. Your education does not exactly match the listed requirement. Your experience meets the required experience level."
5,Kiran,9,CloudWorks,Python Developer Intern,Kochi,39.18,13.63,40,100,100,javascript,"power bi, aws, html, postgresql","You match these required skills: javascript. Skills you could improve: power bi, aws, html, postgresql. The internship is located in Kochi. Your education matches the internship requirement. Your experience meets the required experience level."
5,Kiran,25,InnoTech,Data Analyst Intern,Mumbai,39.18,13.63,40,100,100,"java, javascript","postgresql, html, aws, css","You match these required skills: java, javascript. Skills you could improve: postgresql, html, aws, css. The internship is located in Mumbai. Your education matches the internship requirement. Your experience meets the required experience level."
31,Aman,8,DataSphere,Python Developer Intern,Kochi,39.18,34.46,40,50.0,50,"html, node.js","java, postgresql","You match these required skills: html, node.js. Skills you could improve: java, postgresql. The internship is located in Kochi. Your education does not exactly match the listed requirement. You have less experience than the listed requirement."
1,Rahul,22,TechNova,Machine Learning Intern,Bangalore,39.13,26.06,40,100,50,"python, pandas","java, postgresql, mongodb, css","You match these required skills: python, pandas. Skills you could improve: java, postgresql, mongodb, css. The internship is located in Bangalore. Your education does not exactly match the listed requirement. Your experience meets the required experience level."
1,Rahul,26,TechNova,Cloud Engineering Intern,Chennai,39.13,26.06,40,100,50,data analysis,"machine learning, postgresql, docker","You match these required skills: data analysis. Skills you could improve: machine learning, postgresql, docker. The internship is located in Chennai. Your education does not exactly match the listed requirement. Your experience meets the required experience level."
4,Ananya,12,CloudWorks,Full Stack Developer Intern,Hyderabad,39.13,26.06,40,100,50,"sql, python","css, aws","You match these required skills: sql, python. Skills you could improve: css, aws. The internship is located in Hyderabad. Your education does not exactly match the listed requirement. Your experience meets the required experience level."
4,Ananya,19,ByteLabs,Web Development Intern,Delhi,39.13,26.06,40,100,50,"sql, pandas","react, aws","You match these required skills: sql, pandas. Skills you could improve: react, aws. The internship is located in Delhi. Your education does not exactly match the listed requirement. Your experience meets the required experience level."
12,Pooja,5,WebWorks,Frontend Developer Intern,Hyderabad,39.13,26.06,40,100,50,data analysis,"css, postgresql","You match these required skills: data analysis. Skills you could improve: css, postgresql. The internship is located in Hyderabad. Your education does not exactly match the listed requirement. Your experience meets the required experience level."
14,Divya,3,WebWorks,AI Engineering Intern,Bangalore,39.13,26.06,40,100,50,"mongodb, html","react, css, power bi","You match these required skills: mongodb, html. Skills you could improve: react, css, power bi. The internship is located in Bangalore. Your education does not exactly match the listed requirement. Your experience meets the required experience level."
14,Divya,25,InnoTech,Data Analyst Intern,Mumbai,39.13,26.06,40,100,50,"java, javascript, html","postgresql, aws, css","You match these required skills: java, javascript, html. Skills you could improve: postgresql, aws, css. The internship is located in Mumbai. Your education does not exactly match the listed requirement. Your experience meets the required experience level."
17,Varun,12,CloudWorks,Full Stack Developer Intern,Hyderabad,39.13,26.06,40,100,50,"sql, aws","css, python","You match these required skills: sql, aws. Skills you could improve: css, python. The internship is located in Hyderabad. Your education does not exactly match the listed requirement. Your experience meets the required experience level."
17,Varun,19,ByteLabs,Web Development Intern,Delhi,39.13,26.06,40,100,50,"aws, sql","react, pandas","You match these required skills: aws, sql. Skills you could improve: react, pandas. The internship is located in Delhi. Your education does not exactly match the listed requirement. Your experience meets the required experience level."
29,Yash,17,NextGen Systems,Backend Developer Intern,Bangalore,39.13,26.06,40,100,50,"postgresql, data analysis","node.js, css","You match these required skills: postgresql, data analysis. Skills you could improve: node.js, css. The internship is located in Bangalore. Your education does not exactly match the listed requirement. Your experience meets the required experience level."
29,Yash,26,TechNova,Cloud Engineering Intern,Chennai,39.13,26.06,40,100,50,"data analysis, postgresql","machine learning, docker","You match these required skills: data analysis, postgresql. Skills you could improve: machine learning, docker. The internship is located in Chennai. Your education does not exactly match the listed requirement. Your experience meets the required experience level."
39,Karthik,17,NextGen Systems,Backend Developer Intern,Bangalore,39.13,26.06,40,100,50,node.js,"postgresql, css, data analysis","You match these required skills: node.js. Skills you could improve: postgresql, css, data analysis. The internship is located in Bangalore. Your education does not exactly match the listed requirement. Your experience meets the required experience level."
48,Shruthi,3,WebWorks,AI Engineering Intern,Bangalore,39.13,26.06,40,100,50,power bi,"react, css, mongodb, html","You match these required skills: power bi. Skills you could improve: react, css, mongodb, html. The internship is located in Bangalore. Your education does not exactly match the listed requirement. Your experience meets the required experience level."
48,Shruthi,27,NextGen Systems,Python Developer Intern,Mumbai,39.13,26.06,40,100,50,power bi,"machine learning, sql, html","You match these required skills: power bi. Skills you could improve: machine learning, sql, html. The internship is located in Mumbai. Your education does not exactly match the listed requirement. Your experience meets the required experience level."
50,Sowmya,9,CloudWorks,Python Developer Intern,Kochi,39.13,26.06,40,100,50,"power bi, aws","javascript, html, postgresql","You match these required skills: power bi, aws. Skills you could improve: javascript, html, postgresql. The internship is located in Kochi. Your education does not exactly match the listed requirement. Your experience meets the required experience level."
7,Vivek,11,ByteLabs,Cloud Engineering Intern,Mumbai,39.01,27.52,100,0.0,50,"machine learning, css","pandas, postgresql, power bi","You match these required skills: machine learning, css. Skills you could improve: pandas, postgresql, power bi. The internship location matches your preferred location. Your education does not exactly match the listed requirement. You have less experience than the listed requirement."
10,Meera,20,InnoTech,Software Engineering Intern,Bangalore,38.86,10.6,100,100,50,html,"sql, mongodb, tensorflow","You match these required skills: html. Skills you could improve: sql, mongodb, tensorflow. The internship location matches your preferred location. Your education does not exactly match the listed requirement. Your experience meets the required experience level."
14,Divya,15,ByteLabs,Machine Learning Intern,Kochi,38.86,10.6,100,100,50,html,"git, postgresql, machine learning, aws, sql","You match these required skills: html. Skills you could improve: git, postgresql, machine learning, aws, sql. The internship location matches your preferred location. Your education does not exactly match the listed requirement. Your experience meets the required experience level."
16,Aishwarya,5,WebWorks,Frontend Developer Intern,Hyderabad,38.86,10.6,100,100,50,postgresql,"css, data analysis","You match these required skills: postgresql. Skills you could improve: css, data analysis. The internship location matches your preferred location. Your education does not exactly match the listed requirement. Your experience meets the required experience level."
18,Kavya,1,CloudWorks,Cloud Engineering Intern,Pune,38.86,10.6,100,100,50,aws,"postgresql, pandas, java","You match these required skills: aws. Skills you could improve: postgresql, pandas, java. The internship location matches your preferred location. Your education does not exactly match the listed requirement. Your experience meets the required experience level."
25,Ritesh,18,NextGen Systems,Frontend Developer Intern,Delhi,38.86,10.6,100,100,50,git,"java, postgresql, docker","You match these required skills: git. Skills you could improve: java, postgresql, docker. The internship location matches your preferred location. Your education does not exactly match the listed requirement. Your experience meets the required experience level."
32,Sanjana,28,WebWorks,Machine Learning Intern,Kochi,38.86,10.6,100,100,50,css,"react, power bi, machine learning, pandas","You match these required skills: css. Skills you could improve: react, power bi, machine learning, pandas. The internship location matches your preferred location. Your education does not exactly match the listed requirement. Your experience meets the required experience level."
39,Karthik,11,ByteLabs,Cloud Engineering Intern,Mumbai,38.86,10.6,100,100,50,pandas,"postgresql, machine learning, power bi, css","You match these required skills: pandas. Skills you could improve: postgresql, machine learning, power bi, css. The internship location matches your preferred location. Your education does not exactly match the listed requirement. Your experience meets the required experience level."
42,Bhavana,20,InnoTech,Software Engineering Intern,Bangalore,38.86,10.6,100,100,50,html,"sql, mongodb, tensorflow","You match these required skills: html. Skills you could improve: sql, mongodb, tensorflow. The internship location matches your preferred location. Your education does not exactly match the listed requirement. Your experience meets the required experience level."
9,Aditya,6,WebWorks,Data Analyst Intern,Kochi,38.69,25.32,40,100,50,"javascript, machine learning","docker, node.js, power bi","You match these required skills: javascript, machine learning. Skills you could improve: docker, node.js, power bi. The internship is located in Kochi. Your education does not exactly match the listed requirement. Your experience meets the required experience level."
11,Rohan,6,WebWorks,Data Analyst Intern,Kochi,38.69,25.32,40,100,50,"javascript, machine learning","docker, node.js, power bi","You match these required skills: javascript, machine learning. Skills you could improve: docker, node.js, power bi. The internship is located in Kochi. Your education does not exactly match the listed requirement. Your experience meets the required experience level."
13,Akash,2,AI Labs,Full Stack Developer Intern,Mumbai,38.69,25.32,40,100,50,"tensorflow, node.js","aws, machine learning, react","You match these required skills: tensorflow, node.js. Skills you could improve: aws, machine learning, react. The internship is located in Mumbai. Your education does not exactly match the listed requirement. Your experience meets the required experience level."
13,Akash,13,NextGen Systems,Software Engineering Intern,Pune,38.69,25.32,40,100,50,"javascript, node.js","machine learning, aws, docker","You match these required skills: javascript, node.js. Skills you could improve: machine learning, aws, docker. The internship is located in Pune. Your education does not exactly match the listed requirement. Your experience meets the required experience level."
18,Kavya,21,ByteLabs,Backend Developer Intern,Chennai,38.69,25.32,40,100,50,"data analysis, react","power bi, node.js, docker","You match these required skills: data analysis, react. Skills you could improve: power bi, node.js, docker. The internship is located in Chennai. Your education does not exactly match the listed requirement. Your experience meets the required experience level."
31,Aman,21,ByteLabs,Backend Developer Intern,Chennai,38.69,25.32,40,100,50,"node.js, react","data analysis, power bi, docker","You match these required skills: node.js, react. Skills you could improve: data analysis, power bi, docker. The internship is located in Chennai. Your education does not exactly match the listed requirement. Your experience meets the required experience level."
42,Bhavana,6,WebWorks,Data Analyst Intern,Kochi,38.69,25.32,40,100,50,"javascript, node.js","docker, machine learning, power bi","You match these required skills: javascript, node.js. Skills you could improve: docker, machine learning, power bi. The internship is located in Kochi. Your education does not exactly match the listed requirement. Your experience meets the required experience level."
42,Bhavana,21,ByteLabs,Backend Developer Intern,Chennai,38.69,25.32,40,100,50,"node.js, react","data analysis, power bi, docker","You match these required skills: node.js, react. Skills you could improve: data analysis, power bi, docker. The internship is located in Chennai. Your education does not exactly match the listed requirement. Your experience meets the required experience level."
26,Swathi,18,NextGen Systems,Frontend Developer Intern,Delhi,38.67,33.61,40,50.0,50,"java, docker","git, postgresql","You match these required skills: java, docker. Skills you could improve: git, postgresql. The internship is located in Delhi. Your education does not exactly match the listed requirement. You have less experience than the listed requirement."
6,Neha,14,ByteLabs,Web Development Intern,Delhi,38.64,25.23,40,100,50,"java, html","power bi, pandas","You match these required skills: java, html. Skills you could improve: power bi, pandas. The internship is located in Delhi. Your education does not exactly match the listed requirement. Your experience meets the required experience level."
6,Neha,16,CodeCraft,Data Analyst Intern,Kochi,38.64,25.23,40,100,50,"java, javascript, html",node.js,"You match these required skills: java, javascript, html. Skills you could improve: node.js. The internship is located in Kochi. Your education does not exactly match the listed requirement. Your experience meets the required experience level."
26,Swathi,14,ByteLabs,Web Development Intern,Delhi,38.64,12.74,40,100,100,java,"power bi, pandas, html","You match these required skills: java. Skills you could improve: power bi, pandas, html. The internship is located in Delhi. Your education matches the internship requirement. Your experience meets the required experience level."
30,Pallavi,8,DataSphere,Python Developer Intern,Kochi,38.64,12.74,40,100,100,"java, postgresql","html, node.js","You match these required skills: java, postgresql. Skills you could improve: html, node.js. The internship is located in Kochi. Your education matches the internship requirement. Your experience meets the required experience level."
33,Ravi,16,CodeCraft,Data Analyst Intern,Kochi,38.64,25.23,40,100,50,"java, javascript","node.js, html","You match these required skills: java, javascript. Skills you could improve: node.js, html. The internship is located in Kochi. Your education does not exactly match the listed requirement. Your experience meets the required experience level."
34,Keerthi,1,CloudWorks,Cloud Engineering Intern,Pune,38.64,12.74,40,100,100,java,"aws, postgresql, pandas","You match these required skills: java. Skills you could improve: aws, postgresql, pandas. The internship is located in Pune. Your education matches the internship requirement. Your experience meets the required experience level."
34,Keerthi,19,ByteLabs,Web Development Intern,Delhi,38.64,12.74,40,100,100,react,"aws, sql, pandas","You match these required skills: react. Skills you could improve: aws, sql, pandas. The internship is located in Delhi. Your education matches the internship requirement. Your experience meets the required experience level."
44,Sakshi,12,CloudWorks,Full Stack Developer Intern,Hyderabad,38.64,12.74,40,100,100,aws,"css, sql, python","You match these required skills: aws. Skills you could improve: css, sql, python. The internship is located in Hyderabad. Your education matches the internship requirement. Your experience meets the required experience level."
12,Pooja,14,ByteLabs,Web Development Intern,Delhi,38.6,10.16,100,100,50,pandas,"java, power bi, html","You match these required skills: pandas. Skills you could improve: java, power bi, html. The internship location matches your preferred location. Your education does not exactly match the listed requirement. Your experience meets the required experience level."
27,Abhishek,26,TechNova,Cloud Engineering Intern,Chennai,38.6,10.16,100,100,50,postgresql,"data analysis, machine learning, docker","You match these required skills: postgresql. Skills you could improve: data analysis, machine learning, docker. The internship location matches your preferred location. Your education does not exactly match the listed requirement. Your experience meets the required experience level."
8,Sneha,30,DevCore,Cloud Engineering Intern,Bangalore,38.52,12.54,40,100,100,postgresql,"html, node.js, machine learning, git","You match these required skills: postgresql. Skills you could improve: html, node.js, machine learning, git. The internship is located in Bangalore. Your education matches the internship requirement. Your experience meets the required experience level."
10,Meera,4,ByteLabs,Full Stack Developer Intern,Pune,38.52,12.54,40,100,100,java,"python, postgresql","You match these required skills: java. Skills you could improve: python, postgresql. The internship is located in Pune. Your education matches the internship requirement. Your experience meets the required experience level."
42,Bhavana,24,DevCore,Web Development Intern,Kochi,38.52,12.54,40,100,100,"javascript, java",aws,"You match these required skills: javascript, java. Skills you could improve: aws. The internship is located in Kochi. Your education matches the internship requirement. Your experience meets the required experience level."
23,Harsh,16,CodeCraft,Data Analyst Intern,Kochi,38.47,29.12,40,0.0,100,"java, javascript","node.js, html","You match these required skills: java, javascript. Skills you could improve: node.js, html. The internship is located in Kochi. Your education matches the internship requirement. You have less experience than the listed requirement."
35,Dhanush,19,ByteLabs,Web Development Intern,Delhi,38.42,9.87,100,100,50,pandas,"react, aws, sql","You match these required skills: pandas. Skills you could improve: react, aws, sql. The internship location matches your preferred location. Your education does not exactly match the listed requirement. Your experience meets the required experience level."
37,Surya,15,ByteLabs,Machine Learning Intern,Kochi,38.37,20.61,40,50.0,100,"git, aws","postgresql, machine learning, html, sql","You match these required skills: git, aws. Skills you could improve: postgresql, machine learning, html, sql. The internship is located in Kochi. Your education matches the internship requirement. You have less experience than the listed requirement."
15,Nikhil,19,ByteLabs,Web Development Intern,Delhi,38.17,41.12,40,0.0,50,"react, pandas","aws, sql","You match these required skills: react, pandas. Skills you could improve: aws, sql. The internship is located in Delhi. Your education does not exactly match the listed requirement. You have less experience than the listed requirement."
37,Surya,2,AI Labs,Full Stack Developer Intern,Mumbai,38.11,9.35,100,100,50,aws,"tensorflow, machine learning, node.js, react","You match these required skills: aws. Skills you could improve: tensorflow, machine learning, node.js, react. The internship location matches your preferred location. Your education does not exactly match the listed requirement. Your experience meets the required experience level."
46,Manya,13,NextGen Systems,Software Engineering Intern,Pune,38.11,9.35,100,100,50,"javascript, docker","machine learning, aws, node.js","You match these required skills: javascript, docker. Skills you could improve: machine learning, aws, node.js. The internship location matches your preferred location. Your education does not exactly match the listed requirement. Your experience meets the required experience level."
50,Sowmya,1,CloudWorks,Cloud Engineering Intern,Pune,38.06,9.27,100,100,50,aws,"postgresql, pandas, java","You match these required skills: aws. Skills you could improve: postgresql, pandas, java. The internship location matches your preferred location. Your education does not exactly match the listed requirement. Your experience meets the required experience level."
8,Sneha,6,WebWorks,Data Analyst Intern,Kochi,38.0,11.67,40,100,100,docker,"javascript, machine learning, node.js, power bi","You match these required skills: docker. Skills you could improve: javascript, machine learning, node.js, power bi. The internship is located in Kochi. Your education matches the internship requirement. Your experience meets the required experience level."
7,Vivek,5,WebWorks,Frontend Developer Intern,Hyderabad,37.94,40.74,40,0.0,50,"css, data analysis",postgresql,"You match these required skills: css, data analysis. Skills you could improve: postgresql. The internship is located in Hyderabad. Your education does not exactly match the listed requirement. You have less experience than the listed requirement."
23,Harsh,22,TechNova,Machine Learning Intern,Bangalore,37.91,11.52,40,100,100,java,"python, postgresql, pandas, mongodb, css","You match these required skills: java. Skills you could improve: python, postgresql, pandas, mongodb, css. The internship is located in Bangalore. Your education matches the internship requirement. Your experience meets the required experience level."
26,Swathi,26,TechNova,Cloud Engineering Intern,Chennai,37.91,11.52,40,100,100,docker,"data analysis, machine learning, postgresql","You match these required skills: docker. Skills you could improve: data analysis, machine learning, postgresql. The internship is located in Chennai. Your education matches the internship requirement. Your experience meets the required experience level."
32,Sanjana,17,NextGen Systems,Backend Developer Intern,Bangalore,37.91,11.52,40,100,100,css,"postgresql, node.js, data analysis","You match these required skills: css. Skills you could improve: postgresql, node.js, data analysis. The internship is located in Bangalore. Your education matches the internship requirement. Your experience meets the required experience level."
39,Karthik,3,WebWorks,AI Engineering Intern,Bangalore,37.91,11.52,40,100,100,html,"react, css, power bi, mongodb","You match these required skills: html. Skills you could improve: react, css, power bi, mongodb. The internship is located in Bangalore. Your education matches the internship requirement. Your experience meets the required experience level."
48,Shruthi,22,TechNova,Machine Learning Intern,Bangalore,37.91,11.52,40,100,100,pandas,"java, python, postgresql, mongodb, css","You match these required skills: pandas. Skills you could improve: java, python, postgresql, mongodb, css. The internship is located in Bangalore. Your education matches the internship requirement. Your experience meets the required experience level."
48,Shruthi,25,InnoTech,Data Analyst Intern,Mumbai,37.91,11.52,40,100,100,aws,"java, postgresql, javascript, html, css","You match these required skills: aws. Skills you could improve: java, postgresql, javascript, html, css. The internship is located in Mumbai. Your education matches the internship requirement. Your experience meets the required experience level."
9,Aditya,5,WebWorks,Frontend Developer Intern,Hyderabad,37.77,23.79,40,100,50,"data analysis, postgresql",css,"You match these required skills: data analysis, postgresql. Skills you could improve: css. The internship is located in Hyderabad. Your education does not exactly match the listed requirement. Your experience meets the required experience level."
9,Aditya,19,ByteLabs,Web Development Intern,Delhi,37.77,23.79,40,100,50,"sql, pandas","react, aws","You match these required skills: sql, pandas. Skills you could improve: react, aws. The internship is located in Delhi. Your education does not exactly match the listed requirement. Your experience meets the required experience level."
14,Divya,13,NextGen Systems,Software Engineering Intern,Pune,37.77,23.79,40,100,50,"javascript, docker","machine learning, aws, node.js","You match these required skills: javascript, docker. Skills you could improve: machine learning, aws, node.js. The internship is located in Pune. Your education does not exactly match the listed requirement. Your experience meets the required experience level."
16,Aishwarya,1,CloudWorks,Cloud Engineering Intern,Pune,37.77,23.79,40,100,50,"postgresql, pandas","aws, java","You match these required skills: postgresql, pandas. Skills you could improve: aws, java. The internship is located in Pune. Your education does not exactly match the listed requirement. Your experience meets the required experience level."
16,Aishwarya,19,ByteLabs,Web Development Intern,Delhi,37.77,23.79,40,100,50,"sql, pandas","react, aws","You match these required skills: sql, pandas. Skills you could improve: react, aws. The internship is located in Delhi. Your education does not exactly match the listed requirement. Your experience meets the required experience level."
18,Kavya,12,CloudWorks,Full Stack Developer Intern,Hyderabad,37.77,23.79,40,100,50,"python, aws","css, sql","You match these required skills: python, aws. Skills you could improve: css, sql. The internship is located in Hyderabad. Your education does not exactly match the listed requirement. Your experience meets the required experience level."
18,Kavya,19,ByteLabs,Web Development Intern,Delhi,37.77,23.79,40,100,50,"react, aws","sql, pandas","You match these required skills: react, aws. Skills you could improve: sql, pandas. The internship is located in Delhi. Your education does not exactly match the listed requirement. Your experience meets the required experience level."
21,Manish,12,CloudWorks,Full Stack Developer Intern,Hyderabad,37.77,23.79,40,100,50,"css, sql, aws",python,"You match these required skills: css, sql, aws. Skills you could improve: python. The internship is located in Hyderabad. Your education does not exactly match the listed requirement. Your experience meets the required experience level."
25,Ritesh,12,CloudWorks,Full Stack Developer Intern,Hyderabad,37.77,23.79,40,100,50,"css, aws","sql, python","You match these required skills: css, aws. Skills you could improve: sql, python. The internship is located in Hyderabad. Your education does not exactly match the listed requirement. Your experience meets the required experience level."
28,Tanvi,15,ByteLabs,Machine Learning Intern,Kochi,37.77,23.79,40,100,50,"postgresql, html, sql","git, machine learning, aws","You match these required skills: postgresql, html, sql. Skills you could improve: git, machine learning, aws. The internship is located in Kochi. Your education does not exactly match the listed requirement. Your experience meets the required experience level."
30,Pallavi,15,ByteLabs,Machine Learning Intern,Kochi,37.77,23.79,40,100,50,"git, postgresql, sql","machine learning, aws, html","You match these required skills: git, postgresql, sql. Skills you could improve: machine learning, aws, html. The internship is located in Kochi. Your education does not exactly match the listed requirement. Your experience meets the required experience level."
39,Karthik,13,NextGen Systems,Software Engineering Intern,Pune,37.77,23.79,40,100,50,node.js,"machine learning, aws, javascript, docker","You match these required skills: node.js. Skills you could improve: machine learning, aws, javascript, docker. The internship is located in Pune. Your education does not exactly match the listed requirement. Your experience meets the required experience level."
41,Rohit,1,CloudWorks,Cloud Engineering Intern,Pune,37.77,23.79,40,100,50,"pandas, java","aws, postgresql","You match these required skills: pandas, java. Skills you could improve: aws, postgresql. The internship is located in Pune. Your education does not exactly match the listed requirement. Your experience meets the required experience level."
47,Pranav,12,CloudWorks,Full Stack Developer Intern,Hyderabad,37.77,23.79,40,100,50,"css, python","sql, aws","You match these required skills: css, python. Skills you could improve: sql, aws. The internship is located in Hyderabad. Your education does not exactly match the listed requirement. Your experience meets the required experience level."
1,Rahul,4,ByteLabs,Full Stack Developer Intern,Pune,37.75,17.08,100,50.0,50,python,"java, postgresql","You match these required skills: python. Skills you could improve: java, postgresql. The internship location matches your preferred location. Your education does not exactly match the listed requirement. You have less experience than the listed requirement."
34,Keerthi,16,CodeCraft,Data Analyst Intern,Kochi,37.74,11.23,40,100,100,"java, javascript","node.js, html","You match these required skills: java, javascript. Skills you could improve: node.js, html. The internship is located in Kochi. Your education matches the internship requirement. Your experience meets the required experience level."
35,Dhanush,14,ByteLabs,Web Development Intern,Delhi,37.72,8.7,100,100,50,pandas,"java, power bi, html","You match these required skills: pandas. Skills you could improve: java, power bi, html. The internship location matches your preferred location. Your education does not exactly match the listed requirement. Your experience meets the required experience level."
21,Manish,28,WebWorks,Machine Learning Intern,Kochi,37.68,40.3,40,0.0,50,"react, css, power bi","machine learning, pandas","You match these required skills: react, css, power bi. Skills you could improve: machine learning, pandas. The internship is located in Kochi. Your education does not exactly match the listed requirement. You have less experience than the listed requirement."
50,Sowmya,15,ByteLabs,Machine Learning Intern,Kochi,37.65,23.58,40,100,50,"machine learning, aws","git, postgresql, html, sql","You match these required skills: machine learning, aws. Skills you could improve: git, postgresql, html, sql. The internship is located in Kochi. Your education does not exactly match the listed requirement. Your experience meets the required experience level."
19,Sahil,25,InnoTech,Data Analyst Intern,Mumbai,37.63,31.88,40,50.0,50,"java, javascript, html","postgresql, aws, css","You match these required skills: java, javascript, html. Skills you could improve: postgresql, aws, css. The internship is located in Mumbai. Your education does not exactly match the listed requirement. You have less experience than the listed requirement."
7,Vivek,12,CloudWorks,Full Stack Developer Intern,Hyderabad,37.36,10.6,40,100,100,css,"sql, python, aws","You match these required skills: css. Skills you could improve: sql, python, aws. The internship is located in Hyderabad. Your education matches the internship requirement. Your experience meets the required experience level."
14,Divya,30,DevCore,Cloud Engineering Intern,Bangalore,37.36,10.6,40,100,100,html,"node.js, machine learning, git, postgresql","You match these required skills: html. Skills you could improve: node.js, machine learning, git, postgresql. The internship is located in Bangalore. Your education matches the internship requirement. Your experience meets the required experience level."
25,Ritesh,5,WebWorks,Frontend Developer Intern,Hyderabad,37.36,10.6,40,100,100,css,"data analysis, postgresql","You match these required skills: css. Skills you could improve: data analysis, postgresql. The internship is located in Hyderabad. Your education matches the internship requirement. Your experience meets the required experience level."
29,Yash,15,ByteLabs,Machine Learning Intern,Kochi,37.36,10.6,40,100,100,"postgresql, sql","git, machine learning, aws, html","You match these required skills: postgresql, sql. Skills you could improve: git, machine learning, aws, html. The internship is located in Kochi. Your education matches the internship requirement. Your experience meets the required experience level."
42,Bhavana,1,CloudWorks,Cloud Engineering Intern,Pune,37.36,10.6,40,100,100,"pandas, java","aws, postgresql","You match these required skills: pandas, java. Skills you could improve: aws, postgresql. The internship is located in Pune. Your education matches the internship requirement. Your experience meets the required experience level."
10,Meera,30,DevCore,Cloud Engineering Intern,Bangalore,37.17,7.78,100,100,50,html,"node.js, machine learning, git, postgresql","You match these required skills: html. Skills you could improve: node.js, machine learning, git, postgresql. The internship location matches your preferred location. Your education does not exactly match the listed requirement. Your experience meets the required experience level."
21,Manish,13,NextGen Systems,Software Engineering Intern,Pune,37.17,7.78,100,100,50,aws,"machine learning, javascript, docker, node.js","You match these required skills: aws. Skills you could improve: machine learning, javascript, docker, node.js. The internship location matches your preferred location. Your education does not exactly match the listed requirement. Your experience meets the required experience level."
36,Anjali,13,NextGen Systems,Software Engineering Intern,Pune,37.17,7.78,100,100,50,javascript,"machine learning, aws, docker, node.js","You match these required skills: javascript. Skills you could improve: machine learning, aws, docker, node.js. The internship location matches your preferred location. Your education does not exactly match the listed requirement. Your experience meets the required experience level."
34,Keerthi,22,TechNova,Machine Learning Intern,Bangalore,37.1,10.16,40,100,100,java,"python, postgresql, pandas, mongodb, css","You match these required skills: java. Skills you could improve: python, postgresql, pandas, mongodb, css. The internship is located in Bangalore. Your education matches the internship requirement. Your experience meets the required experience level."
34,Keerthi,25,InnoTech,Data Analyst Intern,Mumbai,37.1,10.16,40,100,100,"java, javascript","postgresql, html, aws, css","You match these required skills: java, javascript. Skills you could improve: postgresql, html, aws, css. The internship is located in Mumbai. Your education matches the internship requirement. Your experience meets the required experience level."
45,Vishal,3,WebWorks,AI Engineering Intern,Bangalore,37.1,10.16,40,100,100,mongodb,"react, css, power bi, html","You match these required skills: mongodb. Skills you could improve: react, css, power bi, html. The internship is located in Bangalore. Your education matches the internship requirement. Your experience meets the required experience level."
6,Neha,3,WebWorks,AI Engineering Intern,Bangalore,37.05,22.58,40,100,50,"react, html","css, power bi, mongodb","You match these required skills: react, html. Skills you could improve: css, power bi, mongodb. The internship is located in Bangalore. Your education does not exactly match the listed requirement. Your experience meets the required experience level."
6,Neha,9,CloudWorks,Python Developer Intern,Kochi,37.05,22.58,40,100,50,"javascript, html, postgresql","power bi, aws","You match these required skills: javascript, html, postgresql. Skills you could improve: power bi, aws. The internship is located in Kochi. Your education does not exactly match the listed requirement. Your experience meets the required experience level."
6,Neha,22,TechNova,Machine Learning Intern,Bangalore,37.05,22.58,40,100,50,"java, postgresql","python, pandas, mongodb, css","You match these required skills: java, postgresql. Skills you could improve: python, pandas, mongodb, css. The internship is located in Bangalore. Your education does not exactly match the listed requirement. Your experience meets the required experience level."
6,Neha,26,TechNova,Cloud Engineering Intern,Chennai,37.05,22.58,40,100,50,"postgresql, docker","data analysis, machine learning","You match these required skills: postgresql, docker. Skills you could improve: data analysis, machine learning. The internship is located in Chennai. Your education does not exactly match the listed requirement. Your experience meets the required experience level."
12,Pooja,8,DataSphere,Python Developer Intern,Kochi,37.05,22.58,40,100,50,node.js,"java, postgresql, html","You match these required skills: node.js. Skills you could improve: java, postgresql, html. The internship is located in Kochi. Your education does not exactly match the listed requirement. Your experience meets the required experience level."
12,Pooja,16,CodeCraft,Data Analyst Intern,Kochi,37.05,22.58,40,100,50,node.js,"java, javascript, html","You match these required skills: node.js. Skills you could improve: java, javascript, html. The internship is located in Kochi. Your education does not exactly match the listed requirement. Your experience meets the required experience level."
17,Varun,10,CodeCraft,Cloud Engineering Intern,Chennai,37.05,22.58,40,100,50,power bi,"css, html, tensorflow","You match these required skills: power bi. Skills you could improve: css, html, tensorflow. The internship is located in Chennai. Your education does not exactly match the listed requirement. Your experience meets the required experience level."
17,Varun,14,ByteLabs,Web Development Intern,Delhi,37.05,22.58,40,100,50,power bi,"java, pandas, html","You match these required skills: power bi. Skills you could improve: java, pandas, html. The internship is located in Delhi. Your education does not exactly match the listed requirement. Your experience meets the required experience level."
17,Varun,16,CodeCraft,Data Analyst Intern,Kochi,37.05,22.58,40,100,50,node.js,"java, javascript, html","You match these required skills: node.js. Skills you could improve: java, javascript, html. The internship is located in Kochi. Your education does not exactly match the listed requirement. Your experience meets the required experience level."
20,Isha,10,CodeCraft,Cloud Engineering Intern,Chennai,37.05,22.58,40,100,50,power bi,"css, html, tensorflow","You match these required skills: power bi. Skills you could improve: css, html, tensorflow. The internship is located in Chennai. Your education does not exactly match the listed requirement. Your experience meets the required experience level."
27,Abhishek,3,WebWorks,AI Engineering Intern,Bangalore,37.05,22.58,40,100,50,"mongodb, html","react, css, power bi","You match these required skills: mongodb, html. Skills you could improve: react, css, power bi. The internship is located in Bangalore. Your education does not exactly match the listed requirement. Your experience meets the required experience level."
27,Abhishek,9,CloudWorks,Python Developer Intern,Kochi,37.05,22.58,40,100,50,"html, postgresql","power bi, javascript, aws","You match these required skills: html, postgresql. Skills you could improve: power bi, javascript, aws. The internship is located in Kochi. Your education does not exactly match the listed requirement. Your experience meets the required experience level."
27,Abhishek,22,TechNova,Machine Learning Intern,Bangalore,37.05,22.58,40,100,50,"postgresql, mongodb","java, python, pandas, css","You match these required skills: postgresql, mongodb. Skills you could improve: java, python, pandas, css. The internship is located in Bangalore. Your education does not exactly match the listed requirement. Your experience meets the required experience level."
27,Abhishek,25,InnoTech,Data Analyst Intern,Mumbai,37.05,22.58,40,100,50,"postgresql, html","java, javascript, aws, css","You match these required skills: postgresql, html. Skills you could improve: java, javascript, aws, css. The internship is located in Mumbai. Your education does not exactly match the listed requirement. Your experience meets the required experience level."
33,Ravi,3,WebWorks,AI Engineering Intern,Bangalore,37.05,22.58,40,100,50,power bi,"react, css, mongodb, html","You match these required skills: power bi. Skills you could improve: react, css, mongodb, html. The internship is located in Bangalore. Your education does not exactly match the listed requirement. Your experience meets the required experience level."
33,Ravi,25,InnoTech,Data Analyst Intern,Mumbai,37.05,22.58,40,100,50,"java, postgresql, javascript","html, aws, css","You match these required skills: java, postgresql, javascript. Skills you could improve: html, aws, css. The internship is located in Mumbai. Your education does not exactly match the listed requirement. Your experience meets the required experience level."
37,Surya,9,CloudWorks,Python Developer Intern,Kochi,37.05,22.58,40,100,50,"javascript, aws","power bi, html, postgresql","You match these required skills: javascript, aws. Skills you could improve: power bi, html, postgresql. The internship is located in Kochi. Your education does not exactly match the listed requirement. Your experience meets the required experience level."
37,Surya,26,TechNova,Cloud Engineering Intern,Chennai,37.05,22.58,40,100,50,data analysis,"machine learning, postgresql, docker","You match these required skills: data analysis. Skills you could improve: machine learning, postgresql, docker. The internship is located in Chennai. Your education does not exactly match the listed requirement. Your experience meets the required experience level."
38,Deepika,14,ByteLabs,Web Development Intern,Delhi,37.05,22.58,40,100,50,power bi,"java, pandas, html","You match these required skills: power bi. Skills you could improve: java, pandas, html. The internship is located in Delhi. Your education does not exactly match the listed requirement. Your experience meets the required experience level."
43,Darshan,22,TechNova,Machine Learning Intern,Bangalore,37.05,22.58,40,100,50,"java, mongodb","python, postgresql, pandas, css","You match these required skills: java, mongodb. Skills you could improve: python, postgresql, pandas, css. The internship is located in Bangalore. Your education does not exactly match the listed requirement. Your experience meets the required experience level."
45,Vishal,22,TechNova,Machine Learning Intern,Bangalore,37.05,22.58,40,100,50,"python, postgresql, mongodb","java, pandas, css","You match these required skills: python, postgresql, mongodb. Skills you could improve: java, pandas, css. The internship is located in Bangalore. Your education does not exactly match the listed requirement. Your experience meets the required experience level."
26,Swathi,21,ByteLabs,Backend Developer Intern,Chennai,36.92,9.87,40,100,100,docker,"data analysis, power bi, node.js, react","You match these required skills: docker. Skills you could improve: data analysis, power bi, node.js, react. The internship is located in Chennai. Your education matches the internship requirement. Your experience meets the required experience level."
30,Pallavi,6,WebWorks,Data Analyst Intern,Kochi,36.92,9.87,40,100,100,"javascript, docker","machine learning, node.js, power bi","You match these required skills: javascript, docker. Skills you could improve: machine learning, node.js, power bi. The internship is located in Kochi. Your education matches the internship requirement. Your experience meets the required experience level."
21,Manish,1,CloudWorks,Cloud Engineering Intern,Pune,36.77,23.79,100,0.0,50,"aws, postgresql","pandas, java","You match these required skills: aws, postgresql. Skills you could improve: pandas, java. The internship location matches your preferred location. Your education does not exactly match the listed requirement. You have less experience than the listed requirement."
24,Nandini,11,ByteLabs,Cloud Engineering Intern,Mumbai,36.75,30.41,40,50.0,50,"pandas, machine learning","postgresql, power bi, css","You match these required skills: pandas, machine learning. Skills you could improve: postgresql, power bi, css. The internship is located in Mumbai. Your education does not exactly match the listed requirement. You have less experience than the listed requirement."
1,Rahul,21,ByteLabs,Backend Developer Intern,Chennai,36.72,22.03,40,100,50,data analysis,"power bi, node.js, react, docker","You match these required skills: data analysis. Skills you could improve: power bi, node.js, react, docker. The internship is located in Chennai. Your education does not exactly match the listed requirement. Your experience meets the required experience level."
29,Yash,21,ByteLabs,Backend Developer Intern,Chennai,36.72,22.03,40,100,50,data analysis,"power bi, node.js, react, docker","You match these required skills: data analysis. Skills you could improve: power bi, node.js, react, docker. The internship is located in Chennai. Your education does not exactly match the listed requirement. Your experience meets the required experience level."
39,Karthik,6,WebWorks,Data Analyst Intern,Kochi,36.72,22.03,40,100,50,node.js,"javascript, docker, machine learning, power bi","You match these required skills: node.js. Skills you could improve: javascript, docker, machine learning, power bi. The internship is located in Kochi. Your education does not exactly match the listed requirement. Your experience meets the required experience level."
48,Shruthi,6,WebWorks,Data Analyst Intern,Kochi,36.72,22.03,40,100,50,power bi,"javascript, docker, machine learning, node.js","You match these required skills: power bi. Skills you could improve: javascript, docker, machine learning, node.js. The internship is located in Kochi. Your education does not exactly match the listed requirement. Your experience meets the required experience level."
48,Shruthi,21,ByteLabs,Backend Developer Intern,Chennai,36.72,22.03,40,100,50,power bi,"data analysis, node.js, react, docker","You match these required skills: power bi. Skills you could improve: data analysis, node.js, react, docker. The internship is located in Chennai. Your education does not exactly match the listed requirement. Your experience meets the required experience level."
23,Harsh,17,NextGen Systems,Backend Developer Intern,Bangalore,36.63,26.06,40,0.0,100,data analysis,"postgresql, node.js, css","You match these required skills: data analysis. Skills you could improve: postgresql, node.js, css. The internship is located in Bangalore. Your education matches the internship requirement. You have less experience than the listed requirement."
23,Harsh,25,InnoTech,Data Analyst Intern,Mumbai,36.63,26.06,40,0.0,100,"java, javascript","postgresql, html, aws, css","You match these required skills: java, javascript. Skills you could improve: postgresql, html, aws, css. The internship is located in Mumbai. Your education matches the internship requirement. You have less experience than the listed requirement."
6,Neha,11,ByteLabs,Cloud Engineering Intern,Mumbai,36.61,9.35,40,100,100,postgresql,"pandas, machine learning, power bi, css","You match these required skills: postgresql. Skills you could improve: pandas, machine learning, power bi, css. The internship is located in Mumbai. Your education matches the internship requirement. Your experience meets the required experience level."
16,Aishwarya,8,DataSphere,Python Developer Intern,Kochi,36.61,9.35,40,100,100,postgresql,"java, html, node.js","You match these required skills: postgresql. Skills you could improve: java, html, node.js. The internship is located in Kochi. Your education matches the internship requirement. Your experience meets the required experience level."
25,Ritesh,10,CodeCraft,Cloud Engineering Intern,Chennai,36.61,9.35,40,100,100,css,"html, tensorflow, power bi","You match these required skills: css. Skills you could improve: html, tensorflow, power bi. The internship is located in Chennai. Your education matches the internship requirement. Your experience meets the required experience level."
33,Ravi,13,NextGen Systems,Software Engineering Intern,Pune,36.61,9.35,40,100,100,javascript,"machine learning, aws, docker, node.js","You match these required skills: javascript. Skills you could improve: machine learning, aws, docker, node.js. The internship is located in Pune. Your education matches the internship requirement. Your experience meets the required experience level."
50,Sowmya,21,ByteLabs,Backend Developer Intern,Chennai,36.52,21.69,40,100,50,"power bi, react","data analysis, node.js, docker","You match these required skills: power bi, react. Skills you could improve: data analysis, node.js, docker. The internship is located in Chennai. Your education does not exactly match the listed requirement. Your experience meets the required experience level."
6,Neha,6,WebWorks,Data Analyst Intern,Kochi,36.22,8.7,40,100,100,"javascript, docker","machine learning, node.js, power bi","You match these required skills: javascript, docker. Skills you could improve: machine learning, node.js, power bi. The internship is located in Kochi. Your education matches the internship requirement. Your experience meets the required experience level."
12,Pooja,15,ByteLabs,Machine Learning Intern,Kochi,36.07,8.46,40,100,100,git,"postgresql, machine learning, aws, html, sql","You match these required skills: git. Skills you could improve: postgresql, machine learning, aws, html, sql. The internship is located in Kochi. Your education matches the internship requirement. Your experience meets the required experience level."
12,Pooja,28,WebWorks,Machine Learning Intern,Kochi,36.07,8.46,40,100,100,pandas,"react, css, power bi, machine learning","You match these required skills: pandas. Skills you could improve: react, css, power bi, machine learning. The internship is located in Kochi. Your education matches the internship requirement. Your experience meets the required experience level."
38,Deepika,2,AI Labs,Full Stack Developer Intern,Mumbai,36.07,8.46,40,100,100,react,"aws, tensorflow, machine learning, node.js","You match these required skills: react. Skills you could improve: aws, tensorflow, machine learning, node.js. The internship is located in Mumbai. Your education matches the internship requirement. Your experience meets the required experience level."
49,Gaurav,3,WebWorks,AI Engineering Intern,Bangalore,36.05,22.58,100,0.0,50,"react, html","css, power bi, mongodb","You match these required skills: react, html. Skills you could improve: css, power bi, mongodb. The internship location matches your preferred location. Your education does not exactly match the listed requirement. You have less experience than the listed requirement."
37,Surya,5,WebWorks,Frontend Developer Intern,Hyderabad,35.97,29.12,40,50.0,50,data analysis,"css, postgresql","You match these required skills: data analysis. Skills you could improve: css, postgresql. The internship is located in Hyderabad. Your education does not exactly match the listed requirement. You have less experience than the listed requirement."
44,Sakshi,5,WebWorks,Frontend Developer Intern,Hyderabad,35.97,29.12,40,50.0,50,data analysis,"css, postgresql","You match these required skills: data analysis. Skills you could improve: css, postgresql. The internship is located in Hyderabad. Your education does not exactly match the listed requirement. You have less experience than the listed requirement."
46,Manya,18,NextGen Systems,Frontend Developer Intern,Delhi,35.97,29.12,40,50.0,50,"java, postgresql, docker",git,"You match these required skills: java, postgresql, docker. Skills you could improve: git. The internship is located in Delhi. Your education does not exactly match the listed requirement. You have less experience than the listed requirement."
46,Manya,20,InnoTech,Software Engineering Intern,Bangalore,35.97,29.12,40,50.0,50,"sql, tensorflow","html, mongodb","You match these required skills: sql, tensorflow. Skills you could improve: html, mongodb. The internship is located in Bangalore. Your education does not exactly match the listed requirement. You have less experience than the listed requirement."
13,Akash,20,InnoTech,Software Engineering Intern,Bangalore,35.92,9.87,100,0.0,100,tensorflow,"html, sql, mongodb","You match these required skills: tensorflow. Skills you could improve: html, sql, mongodb. The internship location matches your preferred location. Your education matches the internship requirement. You have less experience than the listed requirement."
6,Neha,15,ByteLabs,Machine Learning Intern,Kochi,35.87,20.61,40,100,50,"postgresql, html, sql","git, machine learning, aws","You match these required skills: postgresql, html, sql. Skills you could improve: git, machine learning, aws. The internship is located in Kochi. Your education does not exactly match the listed requirement. Your experience meets the required experience level."
10,Meera,8,DataSphere,Python Developer Intern,Kochi,35.87,20.61,40,100,50,"java, html","postgresql, node.js","You match these required skills: java, html. Skills you could improve: postgresql, node.js. The internship is located in Kochi. Your education does not exactly match the listed requirement. Your experience meets the required experience level."
10,Meera,10,CodeCraft,Cloud Engineering Intern,Chennai,35.87,20.61,40,100,50,"css, html","tensorflow, power bi","You match these required skills: css, html. Skills you could improve: tensorflow, power bi. The internship is located in Chennai. Your education does not exactly match the listed requirement. Your experience meets the required experience level."
10,Meera,14,ByteLabs,Web Development Intern,Delhi,35.87,20.61,40,100,50,"java, html","power bi, pandas","You match these required skills: java, html. Skills you could improve: power bi, pandas. The internship is located in Delhi. Your education does not exactly match the listed requirement. Your experience meets the required experience level."
10,Meera,16,CodeCraft,Data Analyst Intern,Kochi,35.87,20.61,40,100,50,"java, javascript, html",node.js,"You match these required skills: java, javascript, html. Skills you could improve: node.js. The internship is located in Kochi. Your education does not exactly match the listed requirement. Your experience meets the required experience level."
11,Rohan,10,CodeCraft,Cloud Engineering Intern,Chennai,35.87,20.61,40,100,50,"css, tensorflow","html, power bi","You match these required skills: css, tensorflow. Skills you could improve: html, power bi. The internship is located in Chennai. Your education does not exactly match the listed requirement. Your experience meets the required experience level."
16,Aishwarya,10,CodeCraft,Cloud Engineering Intern,Chennai,35.87,20.61,40,100,50,power bi,"css, html, tensorflow","You match these required skills: power bi. Skills you could improve: css, html, tensorflow. The internship is located in Chennai. Your education does not exactly match the listed requirement. Your experience meets the required experience level."
27,Abhishek,2,AI Labs,Full Stack Developer Intern,Mumbai,35.87,20.61,40,100,50,node.js,"aws, tensorflow, machine learning, react","You match these required skills: node.js. Skills you could improve: aws, tensorflow, machine learning, react. The internship is located in Mumbai. Your education does not exactly match the listed requirement. Your experience meets the required experience level."
27,Abhishek,13,NextGen Systems,Software Engineering Intern,Pune,35.87,20.61,40,100,50,node.js,"machine learning, aws, javascript, docker","You match these required skills: node.js. Skills you could improve: machine learning, aws, javascript, docker. The internship is located in Pune. Your education does not exactly match the listed requirement. Your experience meets the required experience level."
33,Ravi,11,ByteLabs,Cloud Engineering Intern,Mumbai,35.87,20.61,40,100,50,"postgresql, power bi","pandas, machine learning, css","You match these required skills: postgresql, power bi. Skills you could improve: pandas, machine learning, css. The internship is located in Mumbai. Your education does not exactly match the listed requirement. Your experience meets the required experience level."
33,Ravi,28,WebWorks,Machine Learning Intern,Kochi,35.87,20.61,40,100,50,power bi,"react, css, machine learning, pandas","You match these required skills: power bi. Skills you could improve: react, css, machine learning, pandas. The internship is located in Kochi. Your education does not exactly match the listed requirement. Your experience meets the required experience level."
36,Anjali,16,CodeCraft,Data Analyst Intern,Kochi,35.87,20.61,40,100,50,"java, javascript","node.js, html","You match these required skills: java, javascript. Skills you could improve: node.js, html. The internship is located in Kochi. Your education does not exactly match the listed requirement. Your experience meets the required experience level."
37,Surya,13,NextGen Systems,Software Engineering Intern,Pune,35.87,20.61,40,100,50,"aws, javascript","machine learning, docker, node.js","You match these required skills: aws, javascript. Skills you could improve: machine learning, docker, node.js. The internship is located in Pune. Your education does not exactly match the listed requirement. Your experience meets the required experience level."
41,Rohit,14,ByteLabs,Web Development Intern,Delhi,35.87,20.61,40,100,50,"java, pandas","power bi, html","You match these required skills: java, pandas. Skills you could improve: power bi, html. The internship is located in Delhi. Your education does not exactly match the listed requirement. Your experience meets the required experience level."
42,Bhavana,14,ByteLabs,Web Development Intern,Delhi,35.87,20.61,40,100,50,"java, pandas, html",power bi,"You match these required skills: java, pandas, html. Skills you could improve: power bi. The internship is located in Delhi. Your education does not exactly match the listed requirement. Your experience meets the required experience level."
43,Darshan,2,AI Labs,Full Stack Developer Intern,Mumbai,35.87,20.61,40,100,50,node.js,"aws, tensorflow, machine learning, react","You match these required skills: node.js. Skills you could improve: aws, tensorflow, machine learning, react. The internship is located in Mumbai. Your education does not exactly match the listed requirement. Your experience meets the required experience level."
43,Darshan,13,NextGen Systems,Software Engineering Intern,Pune,35.87,20.61,40,100,50,"javascript, node.js","machine learning, aws, docker","You match these required skills: javascript, node.js. Skills you could improve: machine learning, aws, docker. The internship is located in Pune. Your education does not exactly match the listed requirement. Your experience meets the required experience level."
44,Sakshi,2,AI Labs,Full Stack Developer Intern,Mumbai,35.87,20.61,40,100,50,"aws, react","tensorflow, machine learning, node.js","You match these required skills: aws, react. Skills you could improve: tensorflow, machine learning, node.js. The internship is located in Mumbai. Your education does not exactly match the listed requirement. Your experience meets the required experience level."
46,Manya,2,AI Labs,Full Stack Developer Intern,Mumbai,35.87,20.61,40,100,50,"tensorflow, react","aws, machine learning, node.js","You match these required skills: tensorflow, react. Skills you could improve: aws, machine learning, node.js. The internship is located in Mumbai. Your education does not exactly match the listed requirement. Your experience meets the required experience level."
50,Sowmya,19,ByteLabs,Web Development Intern,Delhi,35.87,20.61,40,100,50,"react, aws","sql, pandas","You match these required skills: react, aws. Skills you could improve: sql, pandas. The internship is located in Delhi. Your education does not exactly match the listed requirement. Your experience meets the required experience level."
10,Meera,15,ByteLabs,Machine Learning Intern,Kochi,35.67,7.78,40,100,100,html,"git, postgresql, machine learning, aws, sql","You match these required skills: html. Skills you could improve: git, postgresql, machine learning, aws, sql. The internship is located in Kochi. Your education matches the internship requirement. Your experience meets the required experience level."
10,Meera,28,WebWorks,Machine Learning Intern,Kochi,35.67,7.78,40,100,100,css,"react, power bi, machine learning, pandas","You match these required skills: css. Skills you could improve: react, power bi, machine learning, pandas. The internship is located in Kochi. Your education matches the internship requirement. Your experience meets the required experience level."
36,Anjali,11,ByteLabs,Cloud Engineering Intern,Mumbai,35.67,7.78,40,100,100,postgresql,"pandas, machine learning, power bi, css","You match these required skills: postgresql. Skills you could improve: pandas, machine learning, power bi, css. The internship is located in Mumbai. Your education matches the internship requirement. Your experience meets the required experience level."
36,Anjali,30,DevCore,Cloud Engineering Intern,Bangalore,35.67,7.78,40,100,100,postgresql,"html, node.js, machine learning, git","You match these required skills: postgresql. Skills you could improve: html, node.js, machine learning, git. The internship is located in Bangalore. Your education matches the internship requirement. Your experience meets the required experience level."
41,Rohit,28,WebWorks,Machine Learning Intern,Kochi,35.67,7.78,40,100,100,pandas,"react, css, power bi, machine learning","You match these required skills: pandas. Skills you could improve: react, css, power bi, machine learning. The internship is located in Kochi. Your education matches the internship requirement. Your experience meets the required experience level."
2,Arjun,23,NextGen Systems,Cloud Engineering Intern,Pune,35.62,20.2,40,100,50,java,"sql, docker","You match these required skills: java. Skills you could improve: sql, docker. The internship is located in Pune. Your education does not exactly match the listed requirement. Your experience meets the required experience level."
2,Arjun,24,DevCore,Web Development Intern,Kochi,35.62,20.2,40,100,50,"javascript, java",aws,"You match these required skills: javascript, java. Skills you could improve: aws. The internship is located in Kochi. Your education does not exactly match the listed requirement. Your experience meets the required experience level."
3,Priya,26,TechNova,Cloud Engineering Intern,Chennai,35.62,20.2,40,100,50,machine learning,"data analysis, postgresql, docker","You match these required skills: machine learning. Skills you could improve: data analysis, postgresql, docker. The internship is located in Chennai. Your education does not exactly match the listed requirement. Your experience meets the required experience level."
5,Kiran,23,NextGen Systems,Cloud Engineering Intern,Pune,35.62,20.2,40,100,50,"java, docker",sql,"You match these required skills: java, docker. Skills you could improve: sql. The internship is located in Pune. Your education does not exactly match the listed requirement. Your experience meets the required experience level."
5,Kiran,29,DataSphere,Full Stack Developer Intern,Kochi,35.62,20.2,40,100,50,javascript,"postgresql, html","You match these required skills: javascript. Skills you could improve: postgresql, html. The internship is located in Kochi. Your education does not exactly match the listed requirement. Your experience meets the required experience level."
8,Sneha,7,AI Labs,Python Developer Intern,Bangalore,35.62,20.2,40,100,50,pandas,"python, html","You match these required skills: pandas. Skills you could improve: python, html. The internship is located in Bangalore. Your education does not exactly match the listed requirement. Your experience meets the required experience level."
8,Sneha,23,NextGen Systems,Cloud Engineering Intern,Pune,35.62,20.2,40,100,50,"sql, docker",java,"You match these required skills: sql, docker. Skills you could improve: java. The internship is located in Pune. Your education does not exactly match the listed requirement. Your experience meets the required experience level."
8,Sneha,29,DataSphere,Full Stack Developer Intern,Kochi,35.62,20.2,40,100,50,postgresql,"javascript, html","You match these required skills: postgresql. Skills you could improve: javascript, html. The internship is located in Kochi. Your education does not exactly match the listed requirement. Your experience meets the required experience level."
12,Pooja,26,TechNova,Cloud Engineering Intern,Chennai,35.62,20.2,40,100,50,data analysis,"machine learning, postgresql, docker","You match these required skills: data analysis. Skills you could improve: machine learning, postgresql, docker. The internship is located in Chennai. Your education does not exactly match the listed requirement. Your experience meets the required experience level."
19,Sahil,7,AI Labs,Python Developer Intern,Bangalore,35.62,20.2,40,100,50,html,"python, pandas","You match these required skills: html. Skills you could improve: python, pandas. The internship is located in Bangalore. Your education does not exactly match the listed requirement. Your experience meets the required experience level."
19,Sahil,24,DevCore,Web Development Intern,Kochi,35.62,20.2,40,100,50,"javascript, java",aws,"You match these required skills: javascript, java. Skills you could improve: aws. The internship is located in Kochi. Your education does not exactly match the listed requirement. Your experience meets the required experience level."
20,Isha,9,CloudWorks,Python Developer Intern,Kochi,35.62,20.2,40,100,50,power bi,"javascript, aws, html, postgresql","You match these required skills: power bi. Skills you could improve: javascript, aws, html, postgresql. The internship is located in Kochi. Your education does not exactly match the listed requirement. Your experience meets the required experience level."
20,Isha,22,TechNova,Machine Learning Intern,Bangalore,35.62,20.2,40,100,50,"pandas, mongodb","java, python, postgresql, css","You match these required skills: pandas, mongodb. Skills you could improve: java, python, postgresql, css. The internship is located in Bangalore. Your education does not exactly match the listed requirement. Your experience meets the required experience level."
20,Isha,26,TechNova,Cloud Engineering Intern,Chennai,35.62,20.2,40,100,50,machine learning,"data analysis, postgresql, docker","You match these required skills: machine learning. Skills you could improve: data analysis, postgresql, docker. The internship is located in Chennai. Your education does not exactly match the listed requirement. Your experience meets the required experience level."
24,Nandini,26,TechNova,Cloud Engineering Intern,Chennai,35.62,20.2,40,100,50,machine learning,"data analysis, postgresql, docker","You match these required skills: machine learning. Skills you could improve: data analysis, postgresql, docker. The internship is located in Chennai. Your education does not exactly match the listed requirement. Your experience meets the required experience level."
24,Nandini,27,NextGen Systems,Python Developer Intern,Mumbai,35.62,20.2,40,100,50,machine learning,"sql, html, power bi","You match these required skills: machine learning. Skills you could improve: sql, html, power bi. The internship is located in Mumbai. Your education does not exactly match the listed requirement. Your experience meets the required experience level."
38,Deepika,9,CloudWorks,Python Developer Intern,Kochi,35.62,20.2,40,100,50,power bi,"javascript, aws, html, postgresql","You match these required skills: power bi. Skills you could improve: javascript, aws, html, postgresql. The internship is located in Kochi. Your education does not exactly match the listed requirement. Your experience meets the required experience level."
40,Lakshmi,6,WebWorks,Data Analyst Intern,Kochi,35.58,36.8,40,0.0,50,"machine learning, power bi","javascript, docker, node.js","You match these required skills: machine learning, power bi. Skills you could improve: javascript, docker, node.js. The internship is located in Kochi. Your education does not exactly match the listed requirement. You have less experience than the listed requirement."
36,Anjali,6,WebWorks,Data Analyst Intern,Kochi,35.35,7.24,40,100,100,javascript,"docker, machine learning, node.js, power bi","You match these required skills: javascript. Skills you could improve: docker, machine learning, node.js, power bi. The internship is located in Kochi. Your education matches the internship requirement. Your experience meets the required experience level."
8,Sneha,8,DataSphere,Python Developer Intern,Kochi,35.04,15.06,40,50.0,100,postgresql,"java, html, node.js","You match these required skills: postgresql. Skills you could improve: java, html, node.js. The internship is located in Kochi. Your education matches the internship requirement. You have less experience than the listed requirement."
6,Neha,21,ByteLabs,Backend Developer Intern,Chennai,34.95,19.09,40,100,50,"react, docker","data analysis, power bi, node.js","You match these required skills: react, docker. Skills you could improve: data analysis, power bi, node.js. The internship is located in Chennai. Your education does not exactly match the listed requirement. Your experience meets the required experience level."
27,Abhishek,6,WebWorks,Data Analyst Intern,Kochi,34.95,19.09,40,100,50,node.js,"javascript, docker, machine learning, power bi","You match these required skills: node.js. Skills you could improve: javascript, docker, machine learning, power bi. The internship is located in Kochi. Your education does not exactly match the listed requirement. Your experience meets the required experience level."
33,Ravi,21,ByteLabs,Backend Developer Intern,Chennai,34.95,19.09,40,100,50,power bi,"data analysis, node.js, react, docker","You match these required skills: power bi. Skills you could improve: data analysis, node.js, react, docker. The internship is located in Chennai. Your education does not exactly match the listed requirement. Your experience meets the required experience level."
37,Surya,21,ByteLabs,Backend Developer Intern,Chennai,34.95,19.09,40,100,50,data analysis,"power bi, node.js, react, docker","You match these required skills: data analysis. Skills you could improve: power bi, node.js, react, docker. The internship is located in Chennai. Your education does not exactly match the listed requirement. Your experience meets the required experience level."
46,Manya,21,ByteLabs,Backend Developer Intern,Chennai,34.95,19.09,40,100,50,"react, docker","data analysis, power bi, node.js","You match these required skills: react, docker. Skills you could improve: data analysis, power bi, node.js. The internship is located in Chennai. Your education does not exactly match the listed requirement. Your experience meets the required experience level."
15,Nikhil,14,ByteLabs,Web Development Intern,Delhi,34.88,35.63,40,0.0,50,"pandas, html","java, power bi","You match these required skills: pandas, html. Skills you could improve: java, power bi. The internship is located in Delhi. Your education does not exactly match the listed requirement. You have less experience than the listed requirement."
3,Priya,2,AI Labs,Full Stack Developer Intern,Mumbai,34.57,18.44,40,100,50,machine learning,"aws, tensorflow, node.js, react","You match these required skills: machine learning. Skills you could improve: aws, tensorflow, node.js, react. The internship is located in Mumbai. Your education does not exactly match the listed requirement. Your experience meets the required experience level."
3,Priya,13,NextGen Systems,Software Engineering Intern,Pune,34.57,18.44,40,100,50,machine learning,"aws, javascript, docker, node.js","You match these required skills: machine learning. Skills you could improve: aws, javascript, docker, node.js. The internship is located in Pune. Your education does not exactly match the listed requirement. Your experience meets the required experience level."
7,Vivek,22,TechNova,Machine Learning Intern,Bangalore,34.57,18.44,40,100,50,"java, css","python, postgresql, pandas, mongodb","You match these required skills: java, css. Skills you could improve: python, postgresql, pandas, mongodb. The internship is located in Bangalore. Your education does not exactly match the listed requirement. Your experience meets the required experience level."
9,Aditya,17,NextGen Systems,Backend Developer Intern,Bangalore,34.57,18.44,40,100,50,"postgresql, data analysis","node.js, css","You match these required skills: postgresql, data analysis. Skills you could improve: node.js, css. The internship is located in Bangalore. Your education does not exactly match the listed requirement. Your experience meets the required experience level."
10,Meera,26,TechNova,Cloud Engineering Intern,Chennai,34.57,18.44,40,100,50,data analysis,"machine learning, postgresql, docker","You match these required skills: data analysis. Skills you could improve: machine learning, postgresql, docker. The internship is located in Chennai. Your education does not exactly match the listed requirement. Your experience meets the required experience level."
11,Rohan,25,InnoTech,Data Analyst Intern,Mumbai,34.57,18.44,40,100,50,"java, javascript, css","postgresql, html, aws","You match these required skills: java, javascript, css. Skills you could improve: postgresql, html, aws. The internship is located in Mumbai. Your education does not exactly match the listed requirement. Your experience meets the required experience level."
11,Rohan,26,TechNova,Cloud Engineering Intern,Chennai,34.57,18.44,40,100,50,machine learning,"data analysis, postgresql, docker","You match these required skills: machine learning. Skills you could improve: data analysis, postgresql, docker. The internship is located in Chennai. Your education does not exactly match the listed requirement. Your experience meets the required experience level."
11,Rohan,27,NextGen Systems,Python Developer Intern,Mumbai,34.57,18.44,40,100,50,machine learning,"sql, html, power bi","You match these required skills: machine learning. Skills you could improve: sql, html, power bi. The internship is located in Mumbai. Your education does not exactly match the listed requirement. Your experience meets the required experience level."
12,Pooja,2,AI Labs,Full Stack Developer Intern,Mumbai,34.57,18.44,40,100,50,node.js,"aws, tensorflow, machine learning, react","You match these required skills: node.js. Skills you could improve: aws, tensorflow, machine learning, react. The internship is located in Mumbai. Your education does not exactly match the listed requirement. Your experience meets the required experience level."
12,Pooja,13,NextGen Systems,Software Engineering Intern,Pune,34.57,18.44,40,100,50,node.js,"machine learning, aws, javascript, docker","You match these required skills: node.js. Skills you could improve: machine learning, aws, javascript, docker. The internship is located in Pune. Your education does not exactly match the listed requirement. Your experience meets the required experience level."
16,Aishwarya,3,WebWorks,AI Engineering Intern,Bangalore,34.57,18.44,40,100,50,power bi,"react, css, mongodb, html","You match these required skills: power bi. Skills you could improve: react, css, mongodb, html. The internship is located in Bangalore. Your education does not exactly match the listed requirement. Your experience meets the required experience level."
17,Varun,15,ByteLabs,Machine Learning Intern,Kochi,34.57,18.44,40,100,50,"postgresql, aws, sql","git, machine learning, html","You match these required skills: postgresql, aws, sql. Skills you could improve: git, machine learning, html. The internship is located in Kochi. Your education does not exactly match the listed requirement. Your experience meets the required experience level."
17,Varun,28,WebWorks,Machine Learning Intern,Kochi,34.57,18.44,40,100,50,power bi,"react, css, machine learning, pandas","You match these required skills: power bi. Skills you could improve: react, css, machine learning, pandas. The internship is located in Kochi. Your education does not exactly match the listed requirement. Your experience meets the required experience level."
18,Kavya,17,NextGen Systems,Backend Developer Intern,Bangalore,34.57,18.44,40,100,50,data analysis,"postgresql, node.js, css","You match these required skills: data analysis. Skills you could improve: postgresql, node.js, css. The internship is located in Bangalore. Your education does not exactly match the listed requirement. Your experience meets the required experience level."
18,Kavya,26,TechNova,Cloud Engineering Intern,Chennai,34.57,18.44,40,100,50,data analysis,"machine learning, postgresql, docker","You match these required skills: data analysis. Skills you could improve: machine learning, postgresql, docker. The internship is located in Chennai. Your education does not exactly match the listed requirement. Your experience meets the required experience level."
20,Isha,2,AI Labs,Full Stack Developer Intern,Mumbai,34.57,18.44,40,100,50,machine learning,"aws, tensorflow, node.js, react","You match these required skills: machine learning. Skills you could improve: aws, tensorflow, node.js, react. The internship is located in Mumbai. Your education does not exactly match the listed requirement. Your experience meets the required experience level."
20,Isha,15,ByteLabs,Machine Learning Intern,Kochi,34.57,18.44,40,100,50,machine learning,"git, postgresql, aws, html, sql","You match these required skills: machine learning. Skills you could improve: git, postgresql, aws, html, sql. The internship is located in Kochi. Your education does not exactly match the listed requirement. Your experience meets the required experience level."
21,Manish,22,TechNova,Machine Learning Intern,Bangalore,34.57,18.44,40,100,50,"postgresql, css","java, python, pandas, mongodb","You match these required skills: postgresql, css. Skills you could improve: java, python, pandas, mongodb. The internship is located in Bangalore. Your education does not exactly match the listed requirement. Your experience meets the required experience level."
25,Ritesh,22,TechNova,Machine Learning Intern,Bangalore,34.57,18.44,40,100,50,"mongodb, css","java, python, postgresql, pandas","You match these required skills: mongodb, css. Skills you could improve: java, python, postgresql, pandas. The internship is located in Bangalore. Your education does not exactly match the listed requirement. Your experience meets the required experience level."
25,Ritesh,25,InnoTech,Data Analyst Intern,Mumbai,34.57,18.44,40,100,50,"aws, css","java, postgresql, javascript, html","You match these required skills: aws, css. Skills you could improve: java, postgresql, javascript, html. The internship is located in Mumbai. Your education does not exactly match the listed requirement. Your experience meets the required experience level."
25,Ritesh,26,TechNova,Cloud Engineering Intern,Chennai,34.57,18.44,40,100,50,machine learning,"data analysis, postgresql, docker","You match these required skills: machine learning. Skills you could improve: data analysis, postgresql, docker. The internship is located in Chennai. Your education does not exactly match the listed requirement. Your experience meets the required experience level."
36,Anjali,9,CloudWorks,Python Developer Intern,Kochi,34.57,18.44,40,100,50,"javascript, postgresql","power bi, aws, html","You match these required skills: javascript, postgresql. Skills you could improve: power bi, aws, html. The internship is located in Kochi. Your education does not exactly match the listed requirement. Your experience meets the required experience level."
38,Deepika,11,ByteLabs,Cloud Engineering Intern,Mumbai,34.57,18.44,40,100,50,power bi,"pandas, postgresql, machine learning, css","You match these required skills: power bi. Skills you could improve: pandas, postgresql, machine learning, css. The internship is located in Mumbai. Your education does not exactly match the listed requirement. Your experience meets the required experience level."
41,Rohit,17,NextGen Systems,Backend Developer Intern,Bangalore,34.57,18.44,40,100,50,node.js,"postgresql, css, data analysis","You match these required skills: node.js. Skills you could improve: postgresql, css, data analysis. The internship is located in Bangalore. Your education does not exactly match the listed requirement. Your experience meets the required experience level."
47,Pranav,22,TechNova,Machine Learning Intern,Bangalore,34.57,18.44,40,100,50,"python, css","java, postgresql, pandas, mongodb","You match these required skills: python, css. Skills you could improve: java, postgresql, pandas, mongodb. The internship is located in Bangalore. Your education does not exactly match the listed requirement. Your experience meets the required experience level."
47,Pranav,27,NextGen Systems,Python Developer Intern,Mumbai,34.57,18.44,40,100,50,machine learning,"sql, html, power bi","You match these required skills: machine learning. Skills you could improve: sql, html, power bi. The internship is located in Mumbai. Your education does not exactly match the listed requirement. Your experience meets the required experience level."
50,Sowmya,14,ByteLabs,Web Development Intern,Delhi,34.21,17.86,40,100,50,power bi,"java, pandas, html","You match these required skills: power bi. Skills you could improve: java, pandas, html. The internship is located in Delhi. Your education does not exactly match the listed requirement. Your experience meets the required experience level."
3,Priya,4,ByteLabs,Full Stack Developer Intern,Pune,34.18,13.63,40,50.0,100,python,"java, postgresql","You match these required skills: python. Skills you could improve: java, postgresql. The internship is located in Pune. Your education matches the internship requirement. You have less experience than the listed requirement."
40,Lakshmi,14,ByteLabs,Web Development Intern,Delhi,34.18,34.46,40,0.0,50,"power bi, pandas","java, html","You match these required skills: power bi, pandas. Skills you could improve: java, html. The internship is located in Delhi. Your education does not exactly match the listed requirement. You have less experience than the listed requirement."
1,Rahul,17,NextGen Systems,Backend Developer Intern,Bangalore,34.13,26.06,40,50.0,50,data analysis,"postgresql, node.js, css","You match these required skills: data analysis. Skills you could improve: postgresql, node.js, css. The internship is located in Bangalore. Your education does not exactly match the listed requirement. You have less experience than the listed requirement."
4,Ananya,20,InnoTech,Software Engineering Intern,Bangalore,34.13,26.06,40,50.0,50,"sql, mongodb","html, tensorflow","You match these required skills: sql, mongodb. Skills you could improve: html, tensorflow. The internship is located in Bangalore. Your education does not exactly match the listed requirement. You have less experience than the listed requirement."
3,Priya,21,ByteLabs,Backend Developer Intern,Chennai,33.75,17.08,40,100,50,power bi,"data analysis, node.js, react, docker","You match these required skills: power bi. Skills you could improve: data analysis, node.js, react, docker. The internship is located in Chennai. Your education does not exactly match the listed requirement. Your experience meets the required experience level."
5,Kiran,18,NextGen Systems,Frontend Developer Intern,Delhi,33.75,17.08,40,100,50,"java, docker","git, postgresql","You match these required skills: java, docker. Skills you could improve: git, postgresql. The internship is located in Delhi. Your education does not exactly match the listed requirement. Your experience meets the required experience level."
8,Sneha,19,ByteLabs,Web Development Intern,Delhi,33.75,17.08,40,100,50,"sql, pandas","react, aws","You match these required skills: sql, pandas. Skills you could improve: react, aws. The internship is located in Delhi. Your education does not exactly match the listed requirement. Your experience meets the required experience level."
12,Pooja,6,WebWorks,Data Analyst Intern,Kochi,33.75,17.08,40,100,50,node.js,"javascript, docker, machine learning, power bi","You match these required skills: node.js. Skills you could improve: javascript, docker, machine learning, power bi. The internship is located in Kochi. Your education does not exactly match the listed requirement. Your experience meets the required experience level."
14,Divya,7,AI Labs,Python Developer Intern,Bangalore,33.75,17.08,40,100,50,html,"python, pandas","You match these required skills: html. Skills you could improve: python, pandas. The internship is located in Bangalore. Your education does not exactly match the listed requirement. Your experience meets the required experience level."
14,Divya,23,NextGen Systems,Cloud Engineering Intern,Pune,33.75,17.08,40,100,50,"java, docker",sql,"You match these required skills: java, docker. Skills you could improve: sql. The internship is located in Pune. Your education does not exactly match the listed requirement. Your experience meets the required experience level."
20,Isha,21,ByteLabs,Backend Developer Intern,Chennai,33.75,17.08,40,100,50,power bi,"data analysis, node.js, react, docker","You match these required skills: power bi. Skills you could improve: data analysis, node.js, react, docker. The internship is located in Chennai. Your education does not exactly match the listed requirement. Your experience meets the required experience level."
23,Harsh,23,NextGen Systems,Cloud Engineering Intern,Pune,33.75,17.08,40,100,50,java,"sql, docker","You match these required skills: java. Skills you could improve: sql, docker. The internship is located in Pune. Your education does not exactly match the listed requirement. Your experience meets the required experience level."
24,Nandini,21,ByteLabs,Backend Developer Intern,Chennai,33.75,17.08,40,100,50,node.js,"data analysis, power bi, react, docker","You match these required skills: node.js. Skills you could improve: data analysis, power bi, react, docker. The internship is located in Chennai. Your education does not exactly match the listed requirement. Your experience meets the required experience level."
26,Swathi,24,DevCore,Web Development Intern,Kochi,33.75,17.08,40,100,50,"javascript, java",aws,"You match these required skills: javascript, java. Skills you could improve: aws. The internship is located in Kochi. Your education does not exactly match the listed requirement. Your experience meets the required experience level."
28,Tanvi,4,ByteLabs,Full Stack Developer Intern,Pune,33.75,17.08,40,100,50,"java, postgresql",python,"You match these required skills: java, postgresql. Skills you could improve: python. The internship is located in Pune. Your education does not exactly match the listed requirement. Your experience meets the required experience level."
29,Yash,23,NextGen Systems,Cloud Engineering Intern,Pune,33.75,17.08,40,100,50,"sql, java",docker,"You match these required skills: sql, java. Skills you could improve: docker. The internship is located in Pune. Your education does not exactly match the listed requirement. Your experience meets the required experience level."
29,Yash,24,DevCore,Web Development Intern,Kochi,33.75,17.08,40,100,50,"javascript, java",aws,"You match these required skills: javascript, java. Skills you could improve: aws. The internship is located in Kochi. Your education does not exactly match the listed requirement. Your experience meets the required experience level."
29,Yash,29,DataSphere,Full Stack Developer Intern,Kochi,33.75,17.08,40,100,50,"postgresql, javascript",html,"You match these required skills: postgresql, javascript. Skills you could improve: html. The internship is located in Kochi. Your education does not exactly match the listed requirement. Your experience meets the required experience level."
30,Pallavi,4,ByteLabs,Full Stack Developer Intern,Pune,33.75,17.08,40,100,50,"java, postgresql",python,"You match these required skills: java, postgresql. Skills you could improve: python. The internship is located in Pune. Your education does not exactly match the listed requirement. Your experience meets the required experience level."
30,Pallavi,24,DevCore,Web Development Intern,Kochi,33.75,17.08,40,100,50,"javascript, java",aws,"You match these required skills: javascript, java. Skills you could improve: aws. The internship is located in Kochi. Your education does not exactly match the listed requirement. Your experience meets the required experience level."
32,Sanjana,4,ByteLabs,Full Stack Developer Intern,Pune,33.75,17.08,40,100,50,java,"python, postgresql","You match these required skills: java. Skills you could improve: python, postgresql. The internship is located in Pune. Your education does not exactly match the listed requirement. Your experience meets the required experience level."
32,Sanjana,23,NextGen Systems,Cloud Engineering Intern,Pune,33.75,17.08,40,100,50,java,"sql, docker","You match these required skills: java. Skills you could improve: sql, docker. The internship is located in Pune. Your education does not exactly match the listed requirement. Your experience meets the required experience level."
35,Dhanush,27,NextGen Systems,Python Developer Intern,Mumbai,33.75,17.08,40,100,50,machine learning,"sql, html, power bi","You match these required skills: machine learning. Skills you could improve: sql, html, power bi. The internship is located in Mumbai. Your education does not exactly match the listed requirement. Your experience meets the required experience level."
38,Deepika,6,WebWorks,Data Analyst Intern,Kochi,33.75,17.08,40,100,50,power bi,"javascript, docker, machine learning, node.js","You match these required skills: power bi. Skills you could improve: javascript, docker, machine learning, node.js. The internship is located in Kochi. Your education does not exactly match the listed requirement. Your experience meets the required experience level."
35,Dhanush,15,ByteLabs,Machine Learning Intern,Kochi,33.69,25.32,40,50.0,50,"git, machine learning","postgresql, aws, html, sql","You match these required skills: git, machine learning. Skills you could improve: postgresql, aws, html, sql. The internship is located in Kochi. Your education does not exactly match the listed requirement. You have less experience than the listed requirement."
35,Dhanush,28,WebWorks,Machine Learning Intern,Kochi,33.69,25.32,40,50.0,50,"machine learning, pandas","react, css, power bi","You match these required skills: machine learning, pandas. Skills you could improve: react, css, power bi. The internship is located in Kochi. Your education does not exactly match the listed requirement. You have less experience than the listed requirement."
23,Harsh,5,WebWorks,Frontend Developer Intern,Hyderabad,33.67,33.61,40,0.0,50,data analysis,"css, postgresql","You match these required skills: data analysis. Skills you could improve: css, postgresql. The internship is located in Hyderabad. Your education does not exactly match the listed requirement. You have less experience than the listed requirement."
44,Sakshi,20,InnoTech,Software Engineering Intern,Bangalore,33.64,12.74,40,50.0,100,mongodb,"html, sql, tensorflow","You match these required skills: mongodb. Skills you could improve: html, sql, tensorflow. The internship is located in Bangalore. Your education matches the internship requirement. You have less experience than the listed requirement."
9,Aditya,2,AI Labs,Full Stack Developer Intern,Mumbai,33.6,16.84,40,100,50,machine learning,"aws, tensorflow, node.js, react","You match these required skills: machine learning. Skills you could improve: aws, tensorflow, node.js, react. The internship is located in Mumbai. Your education does not exactly match the listed requirement. Your experience meets the required experience level."
9,Aditya,30,DevCore,Cloud Engineering Intern,Bangalore,33.6,16.84,40,100,50,"machine learning, postgresql","html, node.js, git","You match these required skills: machine learning, postgresql. Skills you could improve: html, node.js, git. The internship is located in Bangalore. Your education does not exactly match the listed requirement. Your experience meets the required experience level."
11,Rohan,30,DevCore,Cloud Engineering Intern,Bangalore,33.6,16.84,40,100,50,machine learning,"html, node.js, git, postgresql","You match these required skills: machine learning. Skills you could improve: html, node.js, git, postgresql. The internship is located in Bangalore. Your education does not exactly match the listed requirement. Your experience meets the required experience level."
18,Kavya,15,ByteLabs,Machine Learning Intern,Kochi,33.6,16.84,40,100,50,"git, aws","postgresql, machine learning, html, sql","You match these required skills: git, aws. Skills you could improve: postgresql, machine learning, html, sql. The internship is located in Kochi. Your education does not exactly match the listed requirement. Your experience meets the required experience level."
40,Lakshmi,13,NextGen Systems,Software Engineering Intern,Pune,33.6,16.84,40,100,50,machine learning,"aws, javascript, docker, node.js","You match these required skills: machine learning. Skills you could improve: aws, javascript, docker, node.js. The internship is located in Pune. Your education does not exactly match the listed requirement. Your experience meets the required experience level."
41,Rohit,2,AI Labs,Full Stack Developer Intern,Mumbai,33.6,16.84,40,100,50,node.js,"aws, tensorflow, machine learning, react","You match these required skills: node.js. Skills you could improve: aws, tensorflow, machine learning, react. The internship is located in Mumbai. Your education does not exactly match the listed requirement. Your experience meets the required experience level."
41,Rohit,13,NextGen Systems,Software Engineering Intern,Pune,33.6,16.84,40,100,50,"javascript, node.js","machine learning, aws, docker","You match these required skills: javascript, node.js. Skills you could improve: machine learning, aws, docker. The internship is located in Pune. Your education does not exactly match the listed requirement. Your experience meets the required experience level."
41,Rohit,30,DevCore,Cloud Engineering Intern,Bangalore,33.6,16.84,40,100,50,node.js,"html, machine learning, git, postgresql","You match these required skills: node.js. Skills you could improve: html, machine learning, git, postgresql. The internship is located in Bangalore. Your education does not exactly match the listed requirement. Your experience meets the required experience level."
42,Bhavana,28,WebWorks,Machine Learning Intern,Kochi,33.6,16.84,40,100,50,"react, pandas","css, power bi, machine learning","You match these required skills: react, pandas. Skills you could improve: css, power bi, machine learning. The internship is located in Kochi. Your education does not exactly match the listed requirement. Your experience meets the required experience level."
47,Pranav,2,AI Labs,Full Stack Developer Intern,Mumbai,33.6,16.84,40,100,50,machine learning,"aws, tensorflow, node.js, react","You match these required skills: machine learning. Skills you could improve: aws, tensorflow, node.js, react. The internship is located in Mumbai. Your education does not exactly match the listed requirement. Your experience meets the required experience level."
47,Pranav,13,NextGen Systems,Software Engineering Intern,Pune,33.6,16.84,40,100,50,machine learning,"aws, javascript, docker, node.js","You match these required skills: machine learning. Skills you could improve: aws, javascript, docker, node.js. The internship is located in Pune. Your education does not exactly match the listed requirement. Your experience meets the required experience level."
47,Pranav,15,ByteLabs,Machine Learning Intern,Kochi,33.6,16.84,40,100,50,machine learning,"git, postgresql, aws, html, sql","You match these required skills: machine learning. Skills you could improve: git, postgresql, aws, html, sql. The internship is located in Kochi. Your education does not exactly match the listed requirement. Your experience meets the required experience level."
7,Vivek,27,NextGen Systems,Python Developer Intern,Mumbai,33.57,18.44,100,0.0,50,machine learning,"sql, html, power bi","You match these required skills: machine learning. Skills you could improve: sql, html, power bi. The internship location matches your preferred location. Your education does not exactly match the listed requirement. You have less experience than the listed requirement."
19,Sahil,15,ByteLabs,Machine Learning Intern,Kochi,33.52,12.54,40,50.0,100,html,"git, postgresql, machine learning, aws, sql","You match these required skills: html. Skills you could improve: git, postgresql, machine learning, aws, sql. The internship is located in Kochi. Your education matches the internship requirement. You have less experience than the listed requirement."
43,Darshan,30,DevCore,Cloud Engineering Intern,Bangalore,33.37,20.61,40,0.0,100,node.js,"html, machine learning, git, postgresql","You match these required skills: node.js. Skills you could improve: html, machine learning, git, postgresql. The internship is located in Bangalore. Your education matches the internship requirement. You have less experience than the listed requirement."
50,Sowmya,26,TechNova,Cloud Engineering Intern,Chennai,33.09,15.98,40,100,50,machine learning,"data analysis, postgresql, docker","You match these required skills: machine learning. Skills you could improve: data analysis, postgresql, docker. The internship is located in Chennai. Your education does not exactly match the listed requirement. Your experience meets the required experience level."
10,Meera,21,ByteLabs,Backend Developer Intern,Chennai,32.86,15.59,40,100,50,data analysis,"power bi, node.js, react, docker","You match these required skills: data analysis. Skills you could improve: power bi, node.js, react, docker. The internship is located in Chennai. Your education does not exactly match the listed requirement. Your experience meets the required experience level."
16,Aishwarya,21,ByteLabs,Backend Developer Intern,Chennai,32.86,15.59,40,100,50,power bi,"data analysis, node.js, react, docker","You match these required skills: power bi. Skills you could improve: data analysis, node.js, react, docker. The internship is located in Chennai. Your education does not exactly match the listed requirement. Your experience meets the required experience level."
25,Ritesh,6,WebWorks,Data Analyst Intern,Kochi,32.86,15.59,40,100,50,machine learning,"javascript, docker, node.js, power bi","You match these required skills: machine learning. Skills you could improve: javascript, docker, node.js, power bi. The internship is located in Kochi. Your education does not exactly match the listed requirement. Your experience meets the required experience level."
31,Aman,6,WebWorks,Data Analyst Intern,Kochi,32.86,15.59,40,100,50,node.js,"javascript, docker, machine learning, power bi","You match these required skills: node.js. Skills you could improve: javascript, docker, machine learning, power bi. The internship is located in Kochi. Your education does not exactly match the listed requirement. Your experience meets the required experience level."
35,Dhanush,2,AI Labs,Full Stack Developer Intern,Mumbai,32.86,15.59,40,100,50,machine learning,"aws, tensorflow, node.js, react","You match these required skills: machine learning. Skills you could improve: aws, tensorflow, node.js, react. The internship is located in Mumbai. Your education does not exactly match the listed requirement. Your experience meets the required experience level."
35,Dhanush,13,NextGen Systems,Software Engineering Intern,Pune,32.86,15.59,40,100,50,machine learning,"aws, javascript, docker, node.js","You match these required skills: machine learning. Skills you could improve: aws, javascript, docker, node.js. The internship is located in Pune. Your education does not exactly match the listed requirement. Your experience meets the required experience level."
41,Rohit,6,WebWorks,Data Analyst Intern,Kochi,32.86,15.59,40,100,50,"javascript, node.js","docker, machine learning, power bi","You match these required skills: javascript, node.js. Skills you could improve: docker, machine learning, power bi. The internship is located in Kochi. Your education does not exactly match the listed requirement. Your experience meets the required experience level."
47,Pranav,21,ByteLabs,Backend Developer Intern,Chennai,32.86,15.59,40,100,50,data analysis,"power bi, node.js, react, docker","You match these required skills: data analysis. Skills you could improve: power bi, node.js, react, docker. The internship is located in Chennai. Your education does not exactly match the listed requirement. Your experience meets the required experience level."
2,Arjun,25,InnoTech,Data Analyst Intern,Mumbai,32.63,31.88,40,0.0,50,"java, javascript, css","postgresql, html, aws","You match these required skills: java, javascript, css. Skills you could improve: postgresql, html, aws. The internship is located in Mumbai. Your education does not exactly match the listed requirement. You have less experience than the listed requirement."
15,Nikhil,3,WebWorks,AI Engineering Intern,Bangalore,32.63,31.88,40,0.0,50,"react, html","css, power bi, mongodb","You match these required skills: react, html. Skills you could improve: css, power bi, mongodb. The internship is located in Bangalore. Your education does not exactly match the listed requirement. You have less experience than the listed requirement."
40,Lakshmi,30,DevCore,Cloud Engineering Intern,Bangalore,32.6,16.84,100,0.0,50,machine learning,"html, node.js, git, postgresql","You match these required skills: machine learning. Skills you could improve: html, node.js, git, postgresql. The internship location matches your preferred location. Your education does not exactly match the listed requirement. You have less experience than the listed requirement."
31,Aman,25,InnoTech,Data Analyst Intern,Mumbai,32.57,8.46,100,50.0,50,html,"java, postgresql, javascript, aws, css","You match these required skills: html. Skills you could improve: java, postgresql, javascript, aws, css. The internship location matches your preferred location. Your education does not exactly match the listed requirement. You have less experience than the listed requirement."
2,Arjun,10,CodeCraft,Cloud Engineering Intern,Chennai,32.54,15.06,40,100,50,css,"html, tensorflow, power bi","You match these required skills: css. Skills you could improve: html, tensorflow, power bi. The internship is located in Chennai. Your education does not exactly match the listed requirement. Your experience meets the required experience level."
6,Neha,7,AI Labs,Python Developer Intern,Bangalore,32.54,15.06,40,100,50,html,"python, pandas","You match these required skills: html. Skills you could improve: python, pandas. The internship is located in Bangalore. Your education does not exactly match the listed requirement. Your experience meets the required experience level."
6,Neha,24,DevCore,Web Development Intern,Kochi,32.54,15.06,40,100,50,"javascript, java",aws,"You match these required skills: javascript, java. Skills you could improve: aws. The internship is located in Kochi. Your education does not exactly match the listed requirement. Your experience meets the required experience level."
8,Sneha,14,ByteLabs,Web Development Intern,Delhi,32.54,15.06,40,100,50,pandas,"java, power bi, html","You match these required skills: pandas. Skills you could improve: java, power bi, html. The internship is located in Delhi. Your education does not exactly match the listed requirement. Your experience meets the required experience level."
15,Nikhil,10,CodeCraft,Cloud Engineering Intern,Chennai,32.54,15.06,40,100,50,html,"css, tensorflow, power bi","You match these required skills: html. Skills you could improve: css, tensorflow, power bi. The internship is located in Chennai. Your education does not exactly match the listed requirement. Your experience meets the required experience level."
19,Sahil,14,ByteLabs,Web Development Intern,Delhi,32.54,15.06,40,100,50,"java, html","power bi, pandas","You match these required skills: java, html. Skills you could improve: power bi, pandas. The internship is located in Delhi. Your education does not exactly match the listed requirement. Your experience meets the required experience level."
27,Abhishek,7,AI Labs,Python Developer Intern,Bangalore,32.54,15.06,40,100,50,html,"python, pandas","You match these required skills: html. Skills you could improve: python, pandas. The internship is located in Bangalore. Your education does not exactly match the listed requirement. Your experience meets the required experience level."
33,Ravi,4,ByteLabs,Full Stack Developer Intern,Pune,32.54,15.06,40,100,50,"java, postgresql",python,"You match these required skills: java, postgresql. Skills you could improve: python. The internship is located in Pune. Your education does not exactly match the listed requirement. Your experience meets the required experience level."
33,Ravi,29,DataSphere,Full Stack Developer Intern,Kochi,32.54,15.06,40,100,50,"postgresql, javascript",html,"You match these required skills: postgresql, javascript. Skills you could improve: html. The internship is located in Kochi. Your education does not exactly match the listed requirement. Your experience meets the required experience level."
34,Keerthi,4,ByteLabs,Full Stack Developer Intern,Pune,32.54,15.06,40,100,50,java,"python, postgresql","You match these required skills: java. Skills you could improve: python, postgresql. The internship is located in Pune. Your education does not exactly match the listed requirement. Your experience meets the required experience level."
37,Surya,29,DataSphere,Full Stack Developer Intern,Kochi,32.54,15.06,40,100,50,javascript,"postgresql, html","You match these required skills: javascript. Skills you could improve: postgresql, html. The internship is located in Kochi. Your education does not exactly match the listed requirement. Your experience meets the required experience level."
43,Darshan,23,NextGen Systems,Cloud Engineering Intern,Pune,32.54,15.06,40,100,50,java,"sql, docker","You match these required skills: java. Skills you could improve: sql, docker. The internship is located in Pune. Your education does not exactly match the listed requirement. Your experience meets the required experience level."
43,Darshan,24,DevCore,Web Development Intern,Kochi,32.54,15.06,40,100,50,"javascript, java",aws,"You match these required skills: javascript, java. Skills you could improve: aws. The internship is located in Kochi. Your education does not exactly match the listed requirement. Your experience meets the required experience level."
44,Sakshi,24,DevCore,Web Development Intern,Kochi,32.54,15.06,40,100,50,aws,"javascript, java","You match these required skills: aws. Skills you could improve: javascript, java. The internship is located in Kochi. Your education does not exactly match the listed requirement. Your experience meets the required experience level."
45,Vishal,4,ByteLabs,Full Stack Developer Intern,Pune,32.54,15.06,40,100,50,"python, postgresql",java,"You match these required skills: python, postgresql. Skills you could improve: java. The internship is located in Pune. Your education does not exactly match the listed requirement. Your experience meets the required experience level."
45,Vishal,7,AI Labs,Python Developer Intern,Bangalore,32.54,15.06,40,100,50,python,"pandas, html","You match these required skills: python. Skills you could improve: pandas, html. The internship is located in Bangalore. Your education does not exactly match the listed requirement. Your experience meets the required experience level."
45,Vishal,23,NextGen Systems,Cloud Engineering Intern,Pune,32.54,15.06,40,100,50,sql,"java, docker","You match these required skills: sql. Skills you could improve: java, docker. The internship is located in Pune. Your education does not exactly match the listed requirement. Your experience meets the required experience level."
46,Manya,24,DevCore,Web Development Intern,Kochi,32.54,15.06,40,100,50,"javascript, java",aws,"You match these required skills: javascript, java. Skills you could improve: aws. The internship is located in Kochi. Your education does not exactly match the listed requirement. Your experience meets the required experience level."
49,Gaurav,23,NextGen Systems,Cloud Engineering Intern,Pune,32.54,15.06,40,100,50,sql,"java, docker","You match these required skills: sql. Skills you could improve: java, docker. The internship is located in Pune. Your education does not exactly match the listed requirement. Your experience meets the required experience level."
13,Akash,16,CodeCraft,Data Analyst Intern,Kochi,32.53,31.71,40,0.0,50,"node.js, java, javascript",html,"You match these required skills: node.js, java, javascript. Skills you could improve: html. The internship is located in Kochi. Your education does not exactly match the listed requirement. You have less experience than the listed requirement."
3,Priya,19,ByteLabs,Web Development Intern,Delhi,32.5,0.0,100,100,50,,"react, aws, sql, pandas","Your current skills have limited overlap with the required skills. Skills you could improve: react, aws, sql, pandas. The internship location matches your preferred location. Your education does not exactly match the listed requirement. Your experience meets the required experience level."
4,Ananya,10,CodeCraft,Cloud Engineering Intern,Chennai,32.5,0.0,100,100,50,,"css, html, tensorflow, power bi","Your current skills have limited overlap with the required skills. Skills you could improve: css, html, tensorflow, power bi. The internship location matches your preferred location. Your education does not exactly match the listed requirement. Your experience meets the required experience level."
4,Ananya,21,ByteLabs,Backend Developer Intern,Chennai,32.5,0.0,100,100,50,,"data analysis, power bi, node.js, react, docker","Your current skills have limited overlap with the required skills. Skills you could improve: data analysis, power bi, node.js, react, docker. The internship location matches your preferred location. Your education does not exactly match the listed requirement. Your experience meets the required experience level."
4,Ananya,26,TechNova,Cloud Engineering Intern,Chennai,32.5,0.0,100,100,50,postgresql,"data analysis, machine learning, docker","You match these required skills: postgresql. Skills you could improve: data analysis, machine learning, docker. The internship location matches your preferred location. Your education does not exactly match the listed requirement. Your experience meets the required experience level."
6,Neha,12,CloudWorks,Full Stack Developer Intern,Hyderabad,32.5,0.0,100,100,50,sql,"css, python, aws","You match these required skills: sql. Skills you could improve: css, python, aws. The internship location matches your preferred location. Your education does not exactly match the listed requirement. Your experience meets the required experience level."
9,Aditya,10,CodeCraft,Cloud Engineering Intern,Chennai,32.5,0.0,100,100,50,,"css, html, tensorflow, power bi","Your current skills have limited overlap with the required skills. Skills you could improve: css, html, tensorflow, power bi. The internship location matches your preferred location. Your education does not exactly match the listed requirement. Your experience meets the required experience level."
11,Rohan,14,ByteLabs,Web Development Intern,Delhi,32.5,0.0,100,100,50,java,"power bi, pandas, html","You match these required skills: java. Skills you could improve: power bi, pandas, html. The internship location matches your preferred location. Your education does not exactly match the listed requirement. Your experience meets the required experience level."
11,Rohan,18,NextGen Systems,Frontend Developer Intern,Delhi,32.5,0.0,100,100,50,java,"git, postgresql, docker","You match these required skills: java. Skills you could improve: git, postgresql, docker. The internship location matches your preferred location. Your education does not exactly match the listed requirement. Your experience meets the required experience level."
11,Rohan,19,ByteLabs,Web Development Intern,Delhi,32.5,0.0,100,100,50,,"react, aws, sql, pandas","Your current skills have limited overlap with the required skills. Skills you could improve: react, aws, sql, pandas. The internship location matches your preferred location. Your education does not exactly match the listed requirement. Your experience meets the required experience level."
13,Akash,22,TechNova,Machine Learning Intern,Bangalore,32.5,0.0,100,100,50,java,"python, postgresql, pandas, mongodb, css","You match these required skills: java. Skills you could improve: python, postgresql, pandas, mongodb, css. The internship location matches your preferred location. Your education does not exactly match the listed requirement. Your experience meets the required experience level."
14,Divya,28,WebWorks,Machine Learning Intern,Kochi,32.5,0.0,100,100,50,,"react, css, power bi, machine learning, pandas","Your current skills have limited overlap with the required skills. Skills you could improve: react, css, power bi, machine learning, pandas. The internship location matches your preferred location. Your education does not exactly match the listed requirement. Your experience meets the required experience level."
17,Varun,7,AI Labs,Python Developer Intern,Bangalore,32.5,0.0,100,100,50,,"python, pandas, html","Your current skills have limited overlap with the required skills. Skills you could improve: python, pandas, html. The internship location matches your preferred location. Your education does not exactly match the listed requirement. Your experience meets the required experience level."
17,Varun,22,TechNova,Machine Learning Intern,Bangalore,32.5,0.0,100,100,50,postgresql,"java, python, pandas, mongodb, css","You match these required skills: postgresql. Skills you could improve: java, python, pandas, mongodb, css. The internship location matches your preferred location. Your education does not exactly match the listed requirement. Your experience meets the required experience level."
19,Sahil,21,ByteLabs,Backend Developer Intern,Chennai,32.5,0.0,100,100,50,,"data analysis, power bi, node.js, react, docker","Your current skills have limited overlap with the required skills. Skills you could improve: data analysis, power bi, node.js, react, docker. The internship location matches your preferred location. Your education does not exactly match the listed requirement. Your experience meets the required experience level."
19,Sahil,26,TechNova,Cloud Engineering Intern,Chennai,32.5,0.0,100,100,50,,"data analysis, machine learning, postgresql, docker","Your current skills have limited overlap with the required skills. Skills you could improve: data analysis, machine learning, postgresql, docker. The internship location matches your preferred location. Your education does not exactly match the listed requirement. Your experience meets the required experience level."
20,Isha,4,ByteLabs,Full Stack Developer Intern,Pune,32.5,0.0,100,100,50,,"python, java, postgresql","Your current skills have limited overlap with the required skills. Skills you could improve: python, java, postgresql. The internship location matches your preferred location. Your education does not exactly match the listed requirement. Your experience meets the required experience level."
20,Isha,23,NextGen Systems,Cloud Engineering Intern,Pune,32.5,0.0,100,100,50,,"sql, java, docker","Your current skills have limited overlap with the required skills. Skills you could improve: sql, java, docker. The internship location matches your preferred location. Your education does not exactly match the listed requirement. Your experience meets the required experience level."
21,Manish,23,NextGen Systems,Cloud Engineering Intern,Pune,32.5,0.0,100,100,50,sql,"java, docker","You match these required skills: sql. Skills you could improve: java, docker. The internship location matches your preferred location. Your education does not exactly match the listed requirement. Your experience meets the required experience level."
24,Nandini,9,CloudWorks,Python Developer Intern,Kochi,32.5,0.0,100,100,50,,"power bi, javascript, aws, html, postgresql","Your current skills have limited overlap with the required skills. Skills you could improve: power bi, javascript, aws, html, postgresql. The internship location matches your preferred location. Your education does not exactly match the listed requirement. Your experience meets the required experience level."
24,Nandini,24,DevCore,Web Development Intern,Kochi,32.5,0.0,100,100,50,,"aws, javascript, java","Your current skills have limited overlap with the required skills. Skills you could improve: aws, javascript, java. The internship location matches your preferred location. Your education does not exactly match the listed requirement. Your experience meets the required experience level."
24,Nandini,29,DataSphere,Full Stack Developer Intern,Kochi,32.5,0.0,100,100,50,,"postgresql, javascript, html","Your current skills have limited overlap with the required skills. Skills you could improve: postgresql, javascript, html. The internship location matches your preferred location. Your education does not exactly match the listed requirement. Your experience meets the required experience level."
25,Ritesh,14,ByteLabs,Web Development Intern,Delhi,32.5,0.0,100,100,50,,"java, power bi, pandas, html","Your current skills have limited overlap with the required skills. Skills you could improve: java, power bi, pandas, html. The internship location matches your preferred location. Your education does not exactly match the listed requirement. Your experience meets the required experience level."
29,Yash,14,ByteLabs,Web Development Intern,Delhi,32.5,0.0,100,100,50,java,"power bi, pandas, html","You match these required skills: java. Skills you could improve: power bi, pandas, html. The internship location matches your preferred location. Your education does not exactly match the listed requirement. Your experience meets the required experience level."
29,Yash,18,NextGen Systems,Frontend Developer Intern,Delhi,32.5,0.0,100,100,50,"java, postgresql","git, docker","You match these required skills: java, postgresql. Skills you could improve: git, docker. The internship location matches your preferred location. Your education does not exactly match the listed requirement. Your experience meets the required experience level."
30,Pallavi,3,WebWorks,AI Engineering Intern,Bangalore,32.5,0.0,100,100,50,,"react, css, power bi, mongodb, html","Your current skills have limited overlap with the required skills. Skills you could improve: react, css, power bi, mongodb, html. The internship location matches your preferred location. Your education does not exactly match the listed requirement. Your experience meets the required experience level."
30,Pallavi,7,AI Labs,Python Developer Intern,Bangalore,32.5,0.0,100,100,50,,"python, pandas, html","Your current skills have limited overlap with the required skills. Skills you could improve: python, pandas, html. The internship location matches your preferred location. Your education does not exactly match the listed requirement. Your experience meets the required experience level."
30,Pallavi,17,NextGen Systems,Backend Developer Intern,Bangalore,32.5,0.0,100,100,50,postgresql,"node.js, css, data analysis","You match these required skills: postgresql. Skills you could improve: node.js, css, data analysis. The internship location matches your preferred location. Your education does not exactly match the listed requirement. Your experience meets the required experience level."
32,Sanjana,6,WebWorks,Data Analyst Intern,Kochi,32.5,0.0,100,100,50,javascript,"docker, machine learning, node.js, power bi","You match these required skills: javascript. Skills you could improve: docker, machine learning, node.js, power bi. The internship location matches your preferred location. Your education does not exactly match the listed requirement. Your experience meets the required experience level."
32,Sanjana,15,ByteLabs,Machine Learning Intern,Kochi,32.5,0.0,100,100,50,,"git, postgresql, machine learning, aws, html, sql","Your current skills have limited overlap with the required skills. Skills you could improve: git, postgresql, machine learning, aws, html, sql. The internship location matches your preferred location. Your education does not exactly match the listed requirement. Your experience meets the required experience level."
32,Sanjana,29,DataSphere,Full Stack Developer Intern,Kochi,32.5,0.0,100,100,50,javascript,"postgresql, html","You match these required skills: javascript. Skills you could improve: postgresql, html. The internship location matches your preferred location. Your education does not exactly match the listed requirement. Your experience meets the required experience level."
34,Keerthi,12,CloudWorks,Full Stack Developer Intern,Hyderabad,32.5,0.0,100,100,50,,"css, sql, python, aws","Your current skills have limited overlap with the required skills. Skills you could improve: css, sql, python, aws. The internship location matches your preferred location. Your education does not exactly match the listed requirement. Your experience meets the required experience level."
37,Surya,27,NextGen Systems,Python Developer Intern,Mumbai,32.5,0.0,100,100,50,,"machine learning, sql, html, power bi","Your current skills have limited overlap with the required skills. Skills you could improve: machine learning, sql, html, power bi. The internship location matches your preferred location. Your education does not exactly match the listed requirement. Your experience meets the required experience level."
38,Deepika,26,TechNova,Cloud Engineering Intern,Chennai,32.5,0.0,100,100,50,,"data analysis, machine learning, postgresql, docker","Your current skills have limited overlap with the required skills. Skills you could improve: data analysis, machine learning, postgresql, docker. The internship location matches your preferred location. Your education does not exactly match the listed requirement. Your experience meets the required experience level."
41,Rohit,10,CodeCraft,Cloud Engineering Intern,Chennai,32.5,0.0,100,100,50,,"css, html, tensorflow, power bi","Your current skills have limited overlap with the required skills. Skills you could improve: css, html, tensorflow, power bi. The internship location matches your preferred location. Your education does not exactly match the listed requirement. Your experience meets the required experience level."
41,Rohit,26,TechNova,Cloud Engineering Intern,Chennai,32.5,0.0,100,100,50,,"data analysis, machine learning, postgresql, docker","Your current skills have limited overlap with the required skills. Skills you could improve: data analysis, machine learning, postgresql, docker. The internship location matches your preferred location. Your education does not exactly match the listed requirement. Your experience meets the required experience level."
44,Sakshi,10,CodeCraft,Cloud Engineering Intern,Chennai,32.5,0.0,100,100,50,,"css, html, tensorflow, power bi","Your current skills have limited overlap with the required skills. Skills you could improve: css, html, tensorflow, power bi. The internship location matches your preferred location. Your education does not exactly match the listed requirement. Your experience meets the required experience level."
45,Vishal,18,NextGen Systems,Frontend Developer Intern,Delhi,32.5,0.0,100,100,50,postgresql,"java, git, docker","You match these required skills: postgresql. Skills you could improve: java, git, docker. The internship location matches your preferred location. Your education does not exactly match the listed requirement. Your experience meets the required experience level."
47,Pranav,14,ByteLabs,Web Development Intern,Delhi,32.5,0.0,100,100,50,,"java, power bi, pandas, html","Your current skills have limited overlap with the required skills. Skills you could improve: java, power bi, pandas, html. The internship location matches your preferred location. Your education does not exactly match the listed requirement. Your experience meets the required experience level."
47,Pranav,19,ByteLabs,Web Development Intern,Delhi,32.5,0.0,100,100,50,,"react, aws, sql, pandas","Your current skills have limited overlap with the required skills. Skills you could improve: react, aws, sql, pandas. The internship location matches your preferred location. Your education does not exactly match the listed requirement. Your experience meets the required experience level."
48,Shruthi,18,NextGen Systems,Frontend Developer Intern,Delhi,32.5,0.0,100,100,50,,"java, git, postgresql, docker","Your current skills have limited overlap with the required skills. Skills you could improve: java, git, postgresql, docker. The internship location matches your preferred location. Your education does not exactly match the listed requirement. Your experience meets the required experience level."
50,Sowmya,4,ByteLabs,Full Stack Developer Intern,Pune,32.5,0.0,100,100,50,,"python, java, postgresql","Your current skills have limited overlap with the required skills. Skills you could improve: python, java, postgresql. The internship location matches your preferred location. Your education does not exactly match the listed requirement. Your experience meets the required experience level."
13,Akash,14,ByteLabs,Web Development Intern,Delhi,32.45,19.09,40,0.0,100,"java, power bi","pandas, html","You match these required skills: java, power bi. Skills you could improve: pandas, html. The internship is located in Delhi. Your education matches the internship requirement. You have less experience than the listed requirement."
43,Darshan,6,WebWorks,Data Analyst Intern,Kochi,32.45,19.09,40,0.0,100,"javascript, node.js","docker, machine learning, power bi","You match these required skills: javascript, node.js. Skills you could improve: docker, machine learning, power bi. The internship is located in Kochi. Your education matches the internship requirement. You have less experience than the listed requirement."
50,Sowmya,30,DevCore,Cloud Engineering Intern,Bangalore,32.25,14.59,40,100,50,machine learning,"html, node.js, git, postgresql","You match these required skills: machine learning. Skills you could improve: html, node.js, git, postgresql. The internship is located in Bangalore. Your education does not exactly match the listed requirement. Your experience meets the required experience level."
1,Rahul,12,CloudWorks,Full Stack Developer Intern,Hyderabad,32.16,14.44,40,100,50,python,"css, sql, aws","You match these required skills: python. Skills you could improve: css, sql, aws. The internship is located in Hyderabad. Your education does not exactly match the listed requirement. Your experience meets the required experience level."
1,Rahul,19,ByteLabs,Web Development Intern,Delhi,32.16,14.44,40,100,50,pandas,"react, aws, sql","You match these required skills: pandas. Skills you could improve: react, aws, sql. The internship is located in Delhi. Your education does not exactly match the listed requirement. Your experience meets the required experience level."
22,Shreya,12,CloudWorks,Full Stack Developer Intern,Hyderabad,32.16,14.44,40,100,50,css,"sql, python, aws","You match these required skills: css. Skills you could improve: sql, python, aws. The internship is located in Hyderabad. Your education does not exactly match the listed requirement. Your experience meets the required experience level."
26,Swathi,1,CloudWorks,Cloud Engineering Intern,Pune,32.16,14.44,40,100,50,java,"aws, postgresql, pandas","You match these required skills: java. Skills you could improve: aws, postgresql, pandas. The internship is located in Pune. Your education does not exactly match the listed requirement. Your experience meets the required experience level."
28,Tanvi,5,WebWorks,Frontend Developer Intern,Hyderabad,32.16,14.44,40,100,50,postgresql,"css, data analysis","You match these required skills: postgresql. Skills you could improve: css, data analysis. The internship is located in Hyderabad. Your education does not exactly match the listed requirement. Your experience meets the required experience level."
28,Tanvi,18,NextGen Systems,Frontend Developer Intern,Delhi,32.16,14.44,40,100,50,"java, postgresql","git, docker","You match these required skills: java, postgresql. Skills you could improve: git, docker. The internship is located in Delhi. Your education does not exactly match the listed requirement. Your experience meets the required experience level."
29,Yash,12,CloudWorks,Full Stack Developer Intern,Hyderabad,32.16,14.44,40,100,50,sql,"css, python, aws","You match these required skills: sql. Skills you could improve: css, python, aws. The internship is located in Hyderabad. Your education does not exactly match the listed requirement. Your experience meets the required experience level."
29,Yash,20,InnoTech,Software Engineering Intern,Bangalore,32.16,14.44,40,100,50,sql,"html, mongodb, tensorflow","You match these required skills: sql. Skills you could improve: html, mongodb, tensorflow. The internship is located in Bangalore. Your education does not exactly match the listed requirement. Your experience meets the required experience level."
30,Pallavi,1,CloudWorks,Cloud Engineering Intern,Pune,32.16,14.44,40,100,50,"postgresql, java","aws, pandas","You match these required skills: postgresql, java. Skills you could improve: aws, pandas. The internship is located in Pune. Your education does not exactly match the listed requirement. Your experience meets the required experience level."
30,Pallavi,12,CloudWorks,Full Stack Developer Intern,Hyderabad,32.16,14.44,40,100,50,sql,"css, python, aws","You match these required skills: sql. Skills you could improve: css, python, aws. The internship is located in Hyderabad. Your education does not exactly match the listed requirement. Your experience meets the required experience level."
30,Pallavi,19,ByteLabs,Web Development Intern,Delhi,32.16,14.44,40,100,50,sql,"react, aws, pandas","You match these required skills: sql. Skills you could improve: react, aws, pandas. The internship is located in Delhi. Your education does not exactly match the listed requirement. Your experience meets the required experience level."
32,Sanjana,5,WebWorks,Frontend Developer Intern,Hyderabad,32.16,14.44,40,100,50,css,"data analysis, postgresql","You match these required skills: css. Skills you could improve: data analysis, postgresql. The internship is located in Hyderabad. Your education does not exactly match the listed requirement. Your experience meets the required experience level."
32,Sanjana,12,CloudWorks,Full Stack Developer Intern,Hyderabad,32.16,14.44,40,100,50,css,"sql, python, aws","You match these required skills: css. Skills you could improve: sql, python, aws. The internship is located in Hyderabad. Your education does not exactly match the listed requirement. Your experience meets the required experience level."
32,Sanjana,18,NextGen Systems,Frontend Developer Intern,Delhi,32.16,14.44,40,100,50,java,"git, postgresql, docker","You match these required skills: java. Skills you could improve: git, postgresql, docker. The internship is located in Delhi. Your education does not exactly match the listed requirement. Your experience meets the required experience level."
35,Dhanush,21,ByteLabs,Backend Developer Intern,Chennai,32.16,14.44,40,100,50,data analysis,"power bi, node.js, react, docker","You match these required skills: data analysis. Skills you could improve: power bi, node.js, react, docker. The internship is located in Chennai. Your education does not exactly match the listed requirement. Your experience meets the required experience level."
39,Karthik,1,CloudWorks,Cloud Engineering Intern,Pune,32.16,14.44,40,100,50,pandas,"aws, postgresql, java","You match these required skills: pandas. Skills you could improve: aws, postgresql, java. The internship is located in Pune. Your education does not exactly match the listed requirement. Your experience meets the required experience level."
39,Karthik,19,ByteLabs,Web Development Intern,Delhi,32.16,14.44,40,100,50,pandas,"react, aws, sql","You match these required skills: pandas. Skills you could improve: react, aws, sql. The internship is located in Delhi. Your education does not exactly match the listed requirement. Your experience meets the required experience level."
48,Shruthi,12,CloudWorks,Full Stack Developer Intern,Hyderabad,32.16,14.44,40,100,50,aws,"css, sql, python","You match these required skills: aws. Skills you could improve: css, sql, python. The internship is located in Hyderabad. Your education does not exactly match the listed requirement. Your experience meets the required experience level."
37,Surya,17,NextGen Systems,Backend Developer Intern,Bangalore,32.05,22.58,40,50.0,50,data analysis,"postgresql, node.js, css","You match these required skills: data analysis. Skills you could improve: postgresql, node.js, css. The internship is located in Bangalore. Your education does not exactly match the listed requirement. You have less experience than the listed requirement."
44,Sakshi,17,NextGen Systems,Backend Developer Intern,Bangalore,32.05,22.58,40,50.0,50,data analysis,"postgresql, node.js, css","You match these required skills: data analysis. Skills you could improve: postgresql, node.js, css. The internship is located in Bangalore. Your education does not exactly match the listed requirement. You have less experience than the listed requirement."
13,Akash,30,DevCore,Cloud Engineering Intern,Bangalore,31.86,15.59,100,0.0,50,node.js,"html, machine learning, git, postgresql","You match these required skills: node.js. Skills you could improve: html, machine learning, git, postgresql. The internship location matches your preferred location. Your education does not exactly match the listed requirement. You have less experience than the listed requirement."
7,Vivek,17,NextGen Systems,Backend Developer Intern,Bangalore,31.75,30.41,40,0.0,50,"css, data analysis","postgresql, node.js","You match these required skills: css, data analysis. Skills you could improve: postgresql, node.js. The internship is located in Bangalore. Your education does not exactly match the listed requirement. You have less experience than the listed requirement."
21,Manish,25,InnoTech,Data Analyst Intern,Mumbai,31.75,30.41,40,0.0,50,"postgresql, aws, css","java, javascript, html","You match these required skills: postgresql, aws, css. Skills you could improve: java, javascript, html. The internship is located in Mumbai. Your education does not exactly match the listed requirement. You have less experience than the listed requirement."
35,Dhanush,5,WebWorks,Frontend Developer Intern,Hyderabad,31.72,22.03,40,50.0,50,data analysis,"css, postgresql","You match these required skills: data analysis. Skills you could improve: css, postgresql. The internship is located in Hyderabad. Your education does not exactly match the listed requirement. You have less experience than the listed requirement."
3,Priya,29,DataSphere,Full Stack Developer Intern,Kochi,31.68,13.63,40,100,50,html,"postgresql, javascript","You match these required skills: html. Skills you could improve: postgresql, javascript. The internship is located in Kochi. Your education does not exactly match the listed requirement. Your experience meets the required experience level."
4,Ananya,23,NextGen Systems,Cloud Engineering Intern,Pune,31.68,13.63,40,100,50,sql,"java, docker","You match these required skills: sql. Skills you could improve: java, docker. The internship is located in Pune. Your education does not exactly match the listed requirement. Your experience meets the required experience level."
5,Kiran,3,WebWorks,AI Engineering Intern,Bangalore,31.68,13.63,40,100,50,react,"css, power bi, mongodb, html","You match these required skills: react. Skills you could improve: css, power bi, mongodb, html. The internship is located in Bangalore. Your education does not exactly match the listed requirement. Your experience meets the required experience level."
5,Kiran,26,TechNova,Cloud Engineering Intern,Chennai,31.68,13.63,40,100,50,docker,"data analysis, machine learning, postgresql","You match these required skills: docker. Skills you could improve: data analysis, machine learning, postgresql. The internship is located in Chennai. Your education does not exactly match the listed requirement. Your experience meets the required experience level."
8,Sneha,9,CloudWorks,Python Developer Intern,Kochi,31.68,13.63,40,100,50,postgresql,"power bi, javascript, aws, html","You match these required skills: postgresql. Skills you could improve: power bi, javascript, aws, html. The internship is located in Kochi. Your education does not exactly match the listed requirement. Your experience meets the required experience level."
12,Pooja,7,AI Labs,Python Developer Intern,Bangalore,31.68,13.63,40,100,50,pandas,"python, html","You match these required skills: pandas. Skills you could improve: python, html. The internship is located in Bangalore. Your education does not exactly match the listed requirement. Your experience meets the required experience level."
15,Nikhil,22,TechNova,Machine Learning Intern,Bangalore,31.68,13.63,40,100,50,pandas,"java, python, postgresql, mongodb, css","You match these required skills: pandas. Skills you could improve: java, python, postgresql, mongodb, css. The internship is located in Bangalore. Your education does not exactly match the listed requirement. Your experience meets the required experience level."
17,Varun,23,NextGen Systems,Cloud Engineering Intern,Pune,31.68,13.63,40,100,50,sql,"java, docker","You match these required skills: sql. Skills you could improve: java, docker. The internship is located in Pune. Your education does not exactly match the listed requirement. Your experience meets the required experience level."
17,Varun,24,DevCore,Web Development Intern,Kochi,31.68,13.63,40,100,50,aws,"javascript, java","You match these required skills: aws. Skills you could improve: javascript, java. The internship is located in Kochi. Your education does not exactly match the listed requirement. Your experience meets the required experience level."
19,Sahil,3,WebWorks,AI Engineering Intern,Bangalore,31.68,13.63,40,100,50,html,"react, css, power bi, mongodb","You match these required skills: html. Skills you could improve: react, css, power bi, mongodb. The internship is located in Bangalore. Your education does not exactly match the listed requirement. Your experience meets the required experience level."
19,Sahil,27,NextGen Systems,Python Developer Intern,Mumbai,31.68,13.63,40,100,50,html,"machine learning, sql, power bi","You match these required skills: html. Skills you could improve: machine learning, sql, power bi. The internship is located in Mumbai. Your education does not exactly match the listed requirement. Your experience meets the required experience level."
20,Isha,7,AI Labs,Python Developer Intern,Bangalore,31.68,13.63,40,100,50,pandas,"python, html","You match these required skills: pandas. Skills you could improve: python, html. The internship is located in Bangalore. Your education does not exactly match the listed requirement. Your experience meets the required experience level."
24,Nandini,7,AI Labs,Python Developer Intern,Bangalore,31.68,13.63,40,100,50,pandas,"python, html","You match these required skills: pandas. Skills you could improve: python, html. The internship is located in Bangalore. Your education does not exactly match the listed requirement. Your experience meets the required experience level."
38,Deepika,4,ByteLabs,Full Stack Developer Intern,Pune,31.68,13.63,40,100,50,python,"java, postgresql","You match these required skills: python. Skills you could improve: java, postgresql. The internship is located in Pune. Your education does not exactly match the listed requirement. Your experience meets the required experience level."
38,Deepika,7,AI Labs,Python Developer Intern,Bangalore,31.68,13.63,40,100,50,python,"pandas, html","You match these required skills: python. Skills you could improve: pandas, html. The internship is located in Bangalore. Your education does not exactly match the listed requirement. Your experience meets the required experience level."
46,Manya,15,ByteLabs,Machine Learning Intern,Kochi,31.61,9.35,40,50.0,100,"postgresql, sql","git, machine learning, aws, html","You match these required skills: postgresql, sql. Skills you could improve: git, machine learning, aws, html. The internship is located in Kochi. Your education matches the internship requirement. You have less experience than the listed requirement."
46,Manya,28,WebWorks,Machine Learning Intern,Kochi,31.61,9.35,40,50.0,100,react,"css, power bi, machine learning, pandas","You match these required skills: react. Skills you could improve: css, power bi, machine learning, pandas. The internship is located in Kochi. Your education matches the internship requirement. You have less experience than the listed requirement."
13,Akash,26,TechNova,Cloud Engineering Intern,Chennai,31.25,17.08,40,0.0,100,data analysis,"machine learning, postgresql, docker","You match these required skills: data analysis. Skills you could improve: machine learning, postgresql, docker. The internship is located in Chennai. Your education matches the internship requirement. You have less experience than the listed requirement."
1,Rahul,14,ByteLabs,Web Development Intern,Delhi,31.14,12.74,40,100,50,pandas,"java, power bi, html","You match these required skills: pandas. Skills you could improve: java, power bi, html. The internship is located in Delhi. Your education does not exactly match the listed requirement. Your experience meets the required experience level."
6,Neha,19,ByteLabs,Web Development Intern,Delhi,31.14,12.74,40,100,50,"react, sql","aws, pandas","You match these required skills: react, sql. Skills you could improve: aws, pandas. The internship is located in Delhi. Your education does not exactly match the listed requirement. Your experience meets the required experience level."
6,Neha,20,InnoTech,Software Engineering Intern,Bangalore,31.14,12.74,40,100,50,"html, sql","mongodb, tensorflow","You match these required skills: html, sql. Skills you could improve: mongodb, tensorflow. The internship is located in Bangalore. Your education does not exactly match the listed requirement. Your experience meets the required experience level."
14,Divya,10,CodeCraft,Cloud Engineering Intern,Chennai,31.14,12.74,40,100,50,html,"css, tensorflow, power bi","You match these required skills: html. Skills you could improve: css, tensorflow, power bi. The internship is located in Chennai. Your education does not exactly match the listed requirement. Your experience meets the required experience level."
14,Divya,14,ByteLabs,Web Development Intern,Delhi,31.14,12.74,40,100,50,"java, html","power bi, pandas","You match these required skills: java, html. Skills you could improve: power bi, pandas. The internship is located in Delhi. Your education does not exactly match the listed requirement. Your experience meets the required experience level."
26,Swathi,16,CodeCraft,Data Analyst Intern,Kochi,31.14,12.74,40,100,50,"java, javascript","node.js, html","You match these required skills: java, javascript. Skills you could improve: node.js, html. The internship is located in Kochi. Your education does not exactly match the listed requirement. Your experience meets the required experience level."
27,Abhishek,1,CloudWorks,Cloud Engineering Intern,Pune,31.14,12.74,40,100,50,postgresql,"aws, pandas, java","You match these required skills: postgresql. Skills you could improve: aws, pandas, java. The internship is located in Pune. Your education does not exactly match the listed requirement. Your experience meets the required experience level."
27,Abhishek,5,WebWorks,Frontend Developer Intern,Hyderabad,31.14,12.74,40,100,50,postgresql,"css, data analysis","You match these required skills: postgresql. Skills you could improve: css, data analysis. The internship is located in Hyderabad. Your education does not exactly match the listed requirement. Your experience meets the required experience level."
27,Abhishek,18,NextGen Systems,Frontend Developer Intern,Delhi,31.14,12.74,40,100,50,postgresql,"java, git, docker","You match these required skills: postgresql. Skills you could improve: java, git, docker. The internship is located in Delhi. Your education does not exactly match the listed requirement. Your experience meets the required experience level."
28,Tanvi,10,CodeCraft,Cloud Engineering Intern,Chennai,31.14,12.74,40,100,50,html,"css, tensorflow, power bi","You match these required skills: html. Skills you could improve: css, tensorflow, power bi. The internship is located in Chennai. Your education does not exactly match the listed requirement. Your experience meets the required experience level."
28,Tanvi,14,ByteLabs,Web Development Intern,Delhi,31.14,12.74,40,100,50,"java, html","power bi, pandas","You match these required skills: java, html. Skills you could improve: power bi, pandas. The internship is located in Delhi. Your education does not exactly match the listed requirement. Your experience meets the required experience level."
29,Yash,16,CodeCraft,Data Analyst Intern,Kochi,31.14,12.74,40,100,50,"java, javascript","node.js, html","You match these required skills: java, javascript. Skills you could improve: node.js, html. The internship is located in Kochi. Your education does not exactly match the listed requirement. Your experience meets the required experience level."
30,Pallavi,14,ByteLabs,Web Development Intern,Delhi,31.14,12.74,40,100,50,java,"power bi, pandas, html","You match these required skills: java. Skills you could improve: power bi, pandas, html. The internship is located in Delhi. Your education does not exactly match the listed requirement. Your experience meets the required experience level."
30,Pallavi,16,CodeCraft,Data Analyst Intern,Kochi,31.14,12.74,40,100,50,"java, javascript","node.js, html","You match these required skills: java, javascript. Skills you could improve: node.js, html. The internship is located in Kochi. Your education does not exactly match the listed requirement. Your experience meets the required experience level."
32,Sanjana,10,CodeCraft,Cloud Engineering Intern,Chennai,31.14,12.74,40,100,50,css,"html, tensorflow, power bi","You match these required skills: css. Skills you could improve: html, tensorflow, power bi. The internship is located in Chennai. Your education does not exactly match the listed requirement. Your experience meets the required experience level."
32,Sanjana,14,ByteLabs,Web Development Intern,Delhi,31.14,12.74,40,100,50,java,"power bi, pandas, html","You match these required skills: java. Skills you could improve: power bi, pandas, html. The internship is located in Delhi. Your education does not exactly match the listed requirement. Your experience meets the required experience level."
33,Ravi,1,CloudWorks,Cloud Engineering Intern,Pune,31.14,12.74,40,100,50,"postgresql, java","aws, pandas","You match these required skills: postgresql, java. Skills you could improve: aws, pandas. The internship is located in Pune. Your education does not exactly match the listed requirement. Your experience meets the required experience level."
33,Ravi,18,NextGen Systems,Frontend Developer Intern,Delhi,31.14,12.74,40,100,50,"java, postgresql","git, docker","You match these required skills: java, postgresql. Skills you could improve: git, docker. The internship is located in Delhi. Your education does not exactly match the listed requirement. Your experience meets the required experience level."
33,Ravi,19,ByteLabs,Web Development Intern,Delhi,31.14,12.74,40,100,50,sql,"react, aws, pandas","You match these required skills: sql. Skills you could improve: react, aws, pandas. The internship is located in Delhi. Your education does not exactly match the listed requirement. Your experience meets the required experience level."
33,Ravi,20,InnoTech,Software Engineering Intern,Bangalore,31.14,12.74,40,100,50,sql,"html, mongodb, tensorflow","You match these required skills: sql. Skills you could improve: html, mongodb, tensorflow. The internship is located in Bangalore. Your education does not exactly match the listed requirement. Your experience meets the required experience level."
37,Surya,1,CloudWorks,Cloud Engineering Intern,Pune,31.14,12.74,40,100,50,"aws, java","postgresql, pandas","You match these required skills: aws, java. Skills you could improve: postgresql, pandas. The internship is located in Pune. Your education does not exactly match the listed requirement. Your experience meets the required experience level."
37,Surya,12,CloudWorks,Full Stack Developer Intern,Hyderabad,31.14,12.74,40,100,50,aws,"css, sql, python","You match these required skills: aws. Skills you could improve: css, sql, python. The internship is located in Hyderabad. Your education does not exactly match the listed requirement. Your experience meets the required experience level."
37,Surya,19,ByteLabs,Web Development Intern,Delhi,31.14,12.74,40,100,50,aws,"react, sql, pandas","You match these required skills: aws. Skills you could improve: react, sql, pandas. The internship is located in Delhi. Your education does not exactly match the listed requirement. Your experience meets the required experience level."
39,Karthik,10,CodeCraft,Cloud Engineering Intern,Chennai,31.14,12.74,40,100,50,html,"css, tensorflow, power bi","You match these required skills: html. Skills you could improve: css, tensorflow, power bi. The internship is located in Chennai. Your education does not exactly match the listed requirement. Your experience meets the required experience level."
44,Sakshi,1,CloudWorks,Cloud Engineering Intern,Pune,31.14,12.74,40,100,50,aws,"postgresql, pandas, java","You match these required skills: aws. Skills you could improve: postgresql, pandas, java. The internship is located in Pune. Your education does not exactly match the listed requirement. Your experience meets the required experience level."
46,Manya,12,CloudWorks,Full Stack Developer Intern,Hyderabad,31.14,12.74,40,100,50,sql,"css, python, aws","You match these required skills: sql. Skills you could improve: css, python, aws. The internship is located in Hyderabad. Your education does not exactly match the listed requirement. Your experience meets the required experience level."
40,Lakshmi,15,ByteLabs,Machine Learning Intern,Kochi,31.1,16.84,40,0.0,100,machine learning,"git, postgresql, aws, html, sql","You match these required skills: machine learning. Skills you could improve: git, postgresql, aws, html, sql. The internship is located in Kochi. Your education matches the internship requirement. You have less experience than the listed requirement."
4,Ananya,11,ByteLabs,Cloud Engineering Intern,Mumbai,31.07,8.46,40,50.0,100,"pandas, postgresql","machine learning, power bi, css","You match these required skills: pandas, postgresql. Skills you could improve: machine learning, power bi, css. The internship is located in Mumbai. Your education matches the internship requirement. You have less experience than the listed requirement."
5,Kiran,2,AI Labs,Full Stack Developer Intern,Mumbai,31.02,12.54,40,100,50,react,"aws, tensorflow, machine learning, node.js","You match these required skills: react. Skills you could improve: aws, tensorflow, machine learning, node.js. The internship is located in Mumbai. Your education does not exactly match the listed requirement. Your experience meets the required experience level."
5,Kiran,28,WebWorks,Machine Learning Intern,Kochi,31.02,12.54,40,100,50,react,"css, power bi, machine learning, pandas","You match these required skills: react. Skills you could improve: css, power bi, machine learning, pandas. The internship is located in Kochi. Your education does not exactly match the listed requirement. Your experience meets the required experience level."
7,Vivek,23,NextGen Systems,Cloud Engineering Intern,Pune,31.02,12.54,40,100,50,java,"sql, docker","You match these required skills: java. Skills you could improve: sql, docker. The internship is located in Pune. Your education does not exactly match the listed requirement. Your experience meets the required experience level."
8,Sneha,13,NextGen Systems,Software Engineering Intern,Pune,31.02,12.54,40,100,50,docker,"machine learning, aws, javascript, node.js","You match these required skills: docker. Skills you could improve: machine learning, aws, javascript, node.js. The internship is located in Pune. Your education does not exactly match the listed requirement. Your experience meets the required experience level."
9,Aditya,7,AI Labs,Python Developer Intern,Bangalore,31.02,12.54,40,100,50,pandas,"python, html","You match these required skills: pandas. Skills you could improve: python, html. The internship is located in Bangalore. Your education does not exactly match the listed requirement. Your experience meets the required experience level."
9,Aditya,23,NextGen Systems,Cloud Engineering Intern,Pune,31.02,12.54,40,100,50,"sql, java",docker,"You match these required skills: sql, java. Skills you could improve: docker. The internship is located in Pune. Your education does not exactly match the listed requirement. Your experience meets the required experience level."
9,Aditya,24,DevCore,Web Development Intern,Kochi,31.02,12.54,40,100,50,"javascript, java",aws,"You match these required skills: javascript, java. Skills you could improve: aws. The internship is located in Kochi. Your education does not exactly match the listed requirement. Your experience meets the required experience level."
9,Aditya,29,DataSphere,Full Stack Developer Intern,Kochi,31.02,12.54,40,100,50,"postgresql, javascript",html,"You match these required skills: postgresql, javascript. Skills you could improve: html. The internship is located in Kochi. Your education does not exactly match the listed requirement. Your experience meets the required experience level."
10,Meera,23,NextGen Systems,Cloud Engineering Intern,Pune,31.02,12.54,40,100,50,java,"sql, docker","You match these required skills: java. Skills you could improve: sql, docker. The internship is located in Pune. Your education does not exactly match the listed requirement. Your experience meets the required experience level."
10,Meera,24,DevCore,Web Development Intern,Kochi,31.02,12.54,40,100,50,"javascript, java",aws,"You match these required skills: javascript, java. Skills you could improve: aws. The internship is located in Kochi. Your education does not exactly match the listed requirement. Your experience meets the required experience level."
10,Meera,29,DataSphere,Full Stack Developer Intern,Kochi,31.02,12.54,40,100,50,"javascript, html",postgresql,"You match these required skills: javascript, html. Skills you could improve: postgresql. The internship is located in Kochi. Your education does not exactly match the listed requirement. Your experience meets the required experience level."
11,Rohan,24,DevCore,Web Development Intern,Kochi,31.02,12.54,40,100,50,"javascript, java",aws,"You match these required skills: javascript, java. Skills you could improve: aws. The internship is located in Kochi. Your education does not exactly match the listed requirement. Your experience meets the required experience level."
11,Rohan,29,DataSphere,Full Stack Developer Intern,Kochi,31.02,12.54,40,100,50,javascript,"postgresql, html","You match these required skills: javascript. Skills you could improve: postgresql, html. The internship is located in Kochi. Your education does not exactly match the listed requirement. Your experience meets the required experience level."
15,Nikhil,2,AI Labs,Full Stack Developer Intern,Mumbai,31.02,12.54,40,100,50,react,"aws, tensorflow, machine learning, node.js","You match these required skills: react. Skills you could improve: aws, tensorflow, machine learning, node.js. The internship is located in Mumbai. Your education does not exactly match the listed requirement. Your experience meets the required experience level."
16,Aishwarya,23,NextGen Systems,Cloud Engineering Intern,Pune,31.02,12.54,40,100,50,sql,"java, docker","You match these required skills: sql. Skills you could improve: java, docker. The internship is located in Pune. Your education does not exactly match the listed requirement. Your experience meets the required experience level."
16,Aishwarya,29,DataSphere,Full Stack Developer Intern,Kochi,31.02,12.54,40,100,50,postgresql,"javascript, html","You match these required skills: postgresql. Skills you could improve: javascript, html. The internship is located in Kochi. Your education does not exactly match the listed requirement. Your experience meets the required experience level."
18,Kavya,7,AI Labs,Python Developer Intern,Bangalore,31.02,12.54,40,100,50,python,"pandas, html","You match these required skills: python. Skills you could improve: pandas, html. The internship is located in Bangalore. Your education does not exactly match the listed requirement. Your experience meets the required experience level."
18,Kavya,24,DevCore,Web Development Intern,Kochi,31.02,12.54,40,100,50,aws,"javascript, java","You match these required skills: aws. Skills you could improve: javascript, java. The internship is located in Kochi. Your education does not exactly match the listed requirement. Your experience meets the required experience level."
19,Sahil,2,AI Labs,Full Stack Developer Intern,Mumbai,31.02,12.54,40,100,50,tensorflow,"aws, machine learning, node.js, react","You match these required skills: tensorflow. Skills you could improve: aws, machine learning, node.js, react. The internship is located in Mumbai. Your education does not exactly match the listed requirement. Your experience meets the required experience level."
19,Sahil,13,NextGen Systems,Software Engineering Intern,Pune,31.02,12.54,40,100,50,javascript,"machine learning, aws, docker, node.js","You match these required skills: javascript. Skills you could improve: machine learning, aws, docker, node.js. The internship is located in Pune. Your education does not exactly match the listed requirement. Your experience meets the required experience level."
19,Sahil,30,DevCore,Cloud Engineering Intern,Bangalore,31.02,12.54,40,100,50,html,"node.js, machine learning, git, postgresql","You match these required skills: html. Skills you could improve: node.js, machine learning, git, postgresql. The internship is located in Bangalore. Your education does not exactly match the listed requirement. Your experience meets the required experience level."
21,Manish,24,DevCore,Web Development Intern,Kochi,31.02,12.54,40,100,50,aws,"javascript, java","You match these required skills: aws. Skills you could improve: javascript, java. The internship is located in Kochi. Your education does not exactly match the listed requirement. Your experience meets the required experience level."
25,Ritesh,24,DevCore,Web Development Intern,Kochi,31.02,12.54,40,100,50,aws,"javascript, java","You match these required skills: aws. Skills you could improve: javascript, java. The internship is located in Kochi. Your education does not exactly match the listed requirement. Your experience meets the required experience level."
31,Aman,7,AI Labs,Python Developer Intern,Bangalore,31.02,12.54,40,100,50,html,"python, pandas","You match these required skills: html. Skills you could improve: python, pandas. The internship is located in Bangalore. Your education does not exactly match the listed requirement. Your experience meets the required experience level."
31,Aman,29,DataSphere,Full Stack Developer Intern,Kochi,31.02,12.54,40,100,50,html,"postgresql, javascript","You match these required skills: html. Skills you could improve: postgresql, javascript. The internship is located in Kochi. Your education does not exactly match the listed requirement. Your experience meets the required experience level."
36,Anjali,7,AI Labs,Python Developer Intern,Bangalore,31.02,12.54,40,100,50,python,"pandas, html","You match these required skills: python. Skills you could improve: pandas, html. The internship is located in Bangalore. Your education does not exactly match the listed requirement. Your experience meets the required experience level."
41,Rohit,23,NextGen Systems,Cloud Engineering Intern,Pune,31.02,12.54,40,100,50,java,"sql, docker","You match these required skills: java. Skills you could improve: sql, docker. The internship is located in Pune. Your education does not exactly match the listed requirement. Your experience meets the required experience level."
41,Rohit,24,DevCore,Web Development Intern,Kochi,31.02,12.54,40,100,50,"javascript, java",aws,"You match these required skills: javascript, java. Skills you could improve: aws. The internship is located in Kochi. Your education does not exactly match the listed requirement. Your experience meets the required experience level."
42,Bhavana,4,ByteLabs,Full Stack Developer Intern,Pune,31.02,12.54,40,100,50,"python, java",postgresql,"You match these required skills: python, java. Skills you could improve: postgresql. The internship is located in Pune. Your education does not exactly match the listed requirement. Your experience meets the required experience level."
47,Pranav,4,ByteLabs,Full Stack Developer Intern,Pune,31.02,12.54,40,100,50,python,"java, postgresql","You match these required skills: python. Skills you could improve: java, postgresql. The internship is located in Pune. Your education does not exactly match the listed requirement. Your experience meets the required experience level."
47,Pranav,7,AI Labs,Python Developer Intern,Bangalore,31.02,12.54,40,100,50,python,"pandas, html","You match these required skills: python. Skills you could improve: pandas, html. The internship is located in Bangalore. Your education does not exactly match the listed requirement. Your experience meets the required experience level."
1,Rahul,2,AI Labs,Full Stack Developer Intern,Mumbai,31.0,0.0,40,100,100,,"aws, tensorflow, machine learning, node.js, react","Your current skills have limited overlap with the required skills. Skills you could improve: aws, tensorflow, machine learning, node.js, react. The internship is located in Mumbai. Your education matches the internship requirement. Your experience meets the required experience level."
1,Rahul,10,CodeCraft,Cloud Engineering Intern,Chennai,31.0,0.0,40,100,100,,"css, html, tensorflow, power bi","Your current skills have limited overlap with the required skills. Skills you could improve: css, html, tensorflow, power bi. The internship is located in Chennai. Your education matches the internship requirement. Your experience meets the required experience level."
1,Rahul,27,NextGen Systems,Python Developer Intern,Mumbai,31.0,0.0,40,100,100,,"machine learning, sql, html, power bi","Your current skills have limited overlap with the required skills. Skills you could improve: machine learning, sql, html, power bi. The internship is located in Mumbai. Your education matches the internship requirement. Your experience meets the required experience level."
4,Ananya,6,WebWorks,Data Analyst Intern,Kochi,31.0,0.0,40,100,100,,"javascript, docker, machine learning, node.js, power bi","Your current skills have limited overlap with the required skills. Skills you could improve: javascript, docker, machine learning, node.js, power bi. The internship is located in Kochi. Your education matches the internship requirement. Your experience meets the required experience level."
4,Ananya,30,DevCore,Cloud Engineering Intern,Bangalore,31.0,0.0,40,100,100,postgresql,"html, node.js, machine learning, git","You match these required skills: postgresql. Skills you could improve: html, node.js, machine learning, git. The internship is located in Bangalore. Your education matches the internship requirement. Your experience meets the required experience level."
5,Kiran,1,CloudWorks,Cloud Engineering Intern,Pune,31.0,0.0,40,100,100,java,"aws, postgresql, pandas","You match these required skills: java. Skills you could improve: aws, postgresql, pandas. The internship is located in Pune. Your education matches the internship requirement. Your experience meets the required experience level."
5,Kiran,7,AI Labs,Python Developer Intern,Bangalore,31.0,0.0,40,100,100,,"python, pandas, html","Your current skills have limited overlap with the required skills. Skills you could improve: python, pandas, html. The internship is located in Bangalore. Your education matches the internship requirement. Your experience meets the required experience level."
5,Kiran,17,NextGen Systems,Backend Developer Intern,Bangalore,31.0,0.0,40,100,100,,"postgresql, node.js, css, data analysis","Your current skills have limited overlap with the required skills. Skills you could improve: postgresql, node.js, css, data analysis. The internship is located in Bangalore. Your education matches the internship requirement. Your experience meets the required experience level."
5,Kiran,22,TechNova,Machine Learning Intern,Bangalore,31.0,0.0,40,100,100,java,"python, postgresql, pandas, mongodb, css","You match these required skills: java. Skills you could improve: python, postgresql, pandas, mongodb, css. The internship is located in Bangalore. Your education matches the internship requirement. Your experience meets the required experience level."
9,Aditya,4,ByteLabs,Full Stack Developer Intern,Pune,31.0,0.0,40,100,100,"java, postgresql",python,"You match these required skills: java, postgresql. Skills you could improve: python. The internship is located in Pune. Your education matches the internship requirement. Your experience meets the required experience level."
11,Rohan,4,ByteLabs,Full Stack Developer Intern,Pune,31.0,0.0,40,100,100,java,"python, postgresql","You match these required skills: java. Skills you could improve: python, postgresql. The internship is located in Pune. Your education matches the internship requirement. Your experience meets the required experience level."
12,Pooja,4,ByteLabs,Full Stack Developer Intern,Pune,31.0,0.0,40,100,100,,"python, java, postgresql","Your current skills have limited overlap with the required skills. Skills you could improve: python, java, postgresql. The internship is located in Pune. Your education matches the internship requirement. Your experience meets the required experience level."
13,Akash,12,CloudWorks,Full Stack Developer Intern,Hyderabad,31.0,0.0,40,100,100,,"css, sql, python, aws","Your current skills have limited overlap with the required skills. Skills you could improve: css, sql, python, aws. The internship is located in Hyderabad. Your education matches the internship requirement. Your experience meets the required experience level."
14,Divya,11,ByteLabs,Cloud Engineering Intern,Mumbai,31.0,0.0,40,100,100,,"pandas, postgresql, machine learning, power bi, css","Your current skills have limited overlap with the required skills. Skills you could improve: pandas, postgresql, machine learning, power bi, css. The internship is located in Mumbai. Your education matches the internship requirement. Your experience meets the required experience level."
17,Varun,18,NextGen Systems,Frontend Developer Intern,Delhi,31.0,0.0,40,100,100,postgresql,"java, git, docker","You match these required skills: postgresql. Skills you could improve: java, git, docker. The internship is located in Delhi. Your education matches the internship requirement. Your experience meets the required experience level."
18,Kavya,10,CodeCraft,Cloud Engineering Intern,Chennai,31.0,0.0,40,100,100,,"css, html, tensorflow, power bi","Your current skills have limited overlap with the required skills. Skills you could improve: css, html, tensorflow, power bi. The internship is located in Chennai. Your education matches the internship requirement. Your experience meets the required experience level."
18,Kavya,27,NextGen Systems,Python Developer Intern,Mumbai,31.0,0.0,40,100,100,,"machine learning, sql, html, power bi","Your current skills have limited overlap with the required skills. Skills you could improve: machine learning, sql, html, power bi. The internship is located in Mumbai. Your education matches the internship requirement. Your experience meets the required experience level."
20,Isha,8,DataSphere,Python Developer Intern,Kochi,31.0,0.0,40,100,100,,"java, postgresql, html, node.js","Your current skills have limited overlap with the required skills. Skills you could improve: java, postgresql, html, node.js. The internship is located in Kochi. Your education matches the internship requirement. Your experience meets the required experience level."
20,Isha,18,NextGen Systems,Frontend Developer Intern,Delhi,31.0,0.0,40,100,100,,"java, git, postgresql, docker","Your current skills have limited overlap with the required skills. Skills you could improve: java, git, postgresql, docker. The internship is located in Delhi. Your education matches the internship requirement. Your experience meets the required experience level."
22,Shreya,2,AI Labs,Full Stack Developer Intern,Mumbai,31.0,0.0,40,100,100,,"aws, tensorflow, machine learning, node.js, react","Your current skills have limited overlap with the required skills. Skills you could improve: aws, tensorflow, machine learning, node.js, react. The internship is located in Mumbai. Your education matches the internship requirement. Your experience meets the required experience level."
25,Ritesh,23,NextGen Systems,Cloud Engineering Intern,Pune,31.0,0.0,40,100,100,,"sql, java, docker","Your current skills have limited overlap with the required skills. Skills you could improve: sql, java, docker. The internship is located in Pune. Your education matches the internship requirement. Your experience meets the required experience level."
26,Swathi,3,WebWorks,AI Engineering Intern,Bangalore,31.0,0.0,40,100,100,,"react, css, power bi, mongodb, html","Your current skills have limited overlap with the required skills. Skills you could improve: react, css, power bi, mongodb, html. The internship is located in Bangalore. Your education matches the internship requirement. Your experience meets the required experience level."
26,Swathi,29,DataSphere,Full Stack Developer Intern,Kochi,31.0,0.0,40,100,100,javascript,"postgresql, html","You match these required skills: javascript. Skills you could improve: postgresql, html. The internship is located in Kochi. Your education matches the internship requirement. Your experience meets the required experience level."
27,Abhishek,28,WebWorks,Machine Learning Intern,Kochi,31.0,0.0,40,100,100,,"react, css, power bi, machine learning, pandas","Your current skills have limited overlap with the required skills. Skills you could improve: react, css, power bi, machine learning, pandas. The internship is located in Kochi. Your education matches the internship requirement. Your experience meets the required experience level."
29,Yash,4,ByteLabs,Full Stack Developer Intern,Pune,31.0,0.0,40,100,100,"java, postgresql",python,"You match these required skills: java, postgresql. Skills you could improve: python. The internship is located in Pune. Your education matches the internship requirement. Your experience meets the required experience level."
29,Yash,28,WebWorks,Machine Learning Intern,Kochi,31.0,0.0,40,100,100,,"react, css, power bi, machine learning, pandas","Your current skills have limited overlap with the required skills. Skills you could improve: react, css, power bi, machine learning, pandas. The internship is located in Kochi. Your education matches the internship requirement. Your experience meets the required experience level."
30,Pallavi,11,ByteLabs,Cloud Engineering Intern,Mumbai,31.0,0.0,40,100,100,postgresql,"pandas, machine learning, power bi, css","You match these required skills: postgresql. Skills you could improve: pandas, machine learning, power bi, css. The internship is located in Mumbai. Your education matches the internship requirement. Your experience meets the required experience level."
31,Aman,23,NextGen Systems,Cloud Engineering Intern,Pune,31.0,0.0,40,100,100,,"sql, java, docker","Your current skills have limited overlap with the required skills. Skills you could improve: sql, java, docker. The internship is located in Pune. Your education matches the internship requirement. Your experience meets the required experience level."
32,Sanjana,7,AI Labs,Python Developer Intern,Bangalore,31.0,0.0,40,100,100,,"python, pandas, html","Your current skills have limited overlap with the required skills. Skills you could improve: python, pandas, html. The internship is located in Bangalore. Your education matches the internship requirement. Your experience meets the required experience level."
32,Sanjana,19,ByteLabs,Web Development Intern,Delhi,31.0,0.0,40,100,100,,"react, aws, sql, pandas","Your current skills have limited overlap with the required skills. Skills you could improve: react, aws, sql, pandas. The internship is located in Delhi. Your education matches the internship requirement. Your experience meets the required experience level."
33,Ravi,2,AI Labs,Full Stack Developer Intern,Mumbai,31.0,0.0,40,100,100,,"aws, tensorflow, machine learning, node.js, react","Your current skills have limited overlap with the required skills. Skills you could improve: aws, tensorflow, machine learning, node.js, react. The internship is located in Mumbai. Your education matches the internship requirement. Your experience meets the required experience level."
34,Keerthi,7,AI Labs,Python Developer Intern,Bangalore,31.0,0.0,40,100,100,,"python, pandas, html","Your current skills have limited overlap with the required skills. Skills you could improve: python, pandas, html. The internship is located in Bangalore. Your education matches the internship requirement. Your experience meets the required experience level."
34,Keerthi,9,CloudWorks,Python Developer Intern,Kochi,31.0,0.0,40,100,100,javascript,"power bi, aws, html, postgresql","You match these required skills: javascript. Skills you could improve: power bi, aws, html, postgresql. The internship is located in Kochi. Your education matches the internship requirement. Your experience meets the required experience level."
38,Deepika,5,WebWorks,Frontend Developer Intern,Hyderabad,31.0,0.0,40,100,100,,"css, data analysis, postgresql","Your current skills have limited overlap with the required skills. Skills you could improve: css, data analysis, postgresql. The internship is located in Hyderabad. Your education matches the internship requirement. Your experience meets the required experience level."
38,Deepika,13,NextGen Systems,Software Engineering Intern,Pune,31.0,0.0,40,100,100,,"machine learning, aws, javascript, docker, node.js","Your current skills have limited overlap with the required skills. Skills you could improve: machine learning, aws, javascript, docker, node.js. The internship is located in Pune. Your education matches the internship requirement. Your experience meets the required experience level."
38,Deepika,23,NextGen Systems,Cloud Engineering Intern,Pune,31.0,0.0,40,100,100,,"sql, java, docker","Your current skills have limited overlap with the required skills. Skills you could improve: sql, java, docker. The internship is located in Pune. Your education matches the internship requirement. Your experience meets the required experience level."
39,Karthik,12,CloudWorks,Full Stack Developer Intern,Hyderabad,31.0,0.0,40,100,100,,"css, sql, python, aws","Your current skills have limited overlap with the required skills. Skills you could improve: css, sql, python, aws. The internship is located in Hyderabad. Your education matches the internship requirement. Your experience meets the required experience level."
39,Karthik,26,TechNova,Cloud Engineering Intern,Chennai,31.0,0.0,40,100,100,,"data analysis, machine learning, postgresql, docker","Your current skills have limited overlap with the required skills. Skills you could improve: data analysis, machine learning, postgresql, docker. The internship is located in Chennai. Your education matches the internship requirement. Your experience meets the required experience level."
41,Rohit,15,ByteLabs,Machine Learning Intern,Kochi,31.0,0.0,40,100,100,,"git, postgresql, machine learning, aws, html, sql","Your current skills have limited overlap with the required skills. Skills you could improve: git, postgresql, machine learning, aws, html, sql. The internship is located in Kochi. Your education matches the internship requirement. Your experience meets the required experience level."
44,Sakshi,14,ByteLabs,Web Development Intern,Delhi,31.0,0.0,40,100,100,,"java, power bi, pandas, html","Your current skills have limited overlap with the required skills. Skills you could improve: java, power bi, pandas, html. The internship is located in Delhi. Your education matches the internship requirement. Your experience meets the required experience level."
44,Sakshi,29,DataSphere,Full Stack Developer Intern,Kochi,31.0,0.0,40,100,100,,"postgresql, javascript, html","Your current skills have limited overlap with the required skills. Skills you could improve: postgresql, javascript, html. The internship is located in Kochi. Your education matches the internship requirement. Your experience meets the required experience level."
45,Vishal,21,ByteLabs,Backend Developer Intern,Chennai,31.0,0.0,40,100,100,,"data analysis, power bi, node.js, react, docker","Your current skills have limited overlap with the required skills. Skills you could improve: data analysis, power bi, node.js, react, docker. The internship is located in Chennai. Your education matches the internship requirement. Your experience meets the required experience level."
45,Vishal,26,TechNova,Cloud Engineering Intern,Chennai,31.0,0.0,40,100,100,postgresql,"data analysis, machine learning, docker","You match these required skills: postgresql. Skills you could improve: data analysis, machine learning, docker. The internship is located in Chennai. Your education matches the internship requirement. Your experience meets the required experience level."
45,Vishal,29,DataSphere,Full Stack Developer Intern,Kochi,31.0,0.0,40,100,100,postgresql,"javascript, html","You match these required skills: postgresql. Skills you could improve: javascript, html. The internship is located in Kochi. Your education matches the internship requirement. Your experience meets the required experience level."
47,Pranav,8,DataSphere,Python Developer Intern,Kochi,31.0,0.0,40,100,100,,"java, postgresql, html, node.js","Your current skills have limited overlap with the required skills. Skills you could improve: java, postgresql, html, node.js. The internship is located in Kochi. Your education matches the internship requirement. Your experience meets the required experience level."
48,Shruthi,16,CodeCraft,Data Analyst Intern,Kochi,31.0,0.0,40,100,100,,"node.js, java, javascript, html","Your current skills have limited overlap with the required skills. Skills you could improve: node.js, java, javascript, html. The internship is located in Kochi. Your education matches the internship requirement. Your experience meets the required experience level."
48,Shruthi,17,NextGen Systems,Backend Developer Intern,Bangalore,31.0,0.0,40,100,100,,"postgresql, node.js, css, data analysis","Your current skills have limited overlap with the required skills. Skills you could improve: postgresql, node.js, css, data analysis. The internship is located in Bangalore. Your education matches the internship requirement. Your experience meets the required experience level."
49,Gaurav,24,DevCore,Web Development Intern,Kochi,31.0,0.0,40,100,100,,"aws, javascript, java","Your current skills have limited overlap with the required skills. Skills you could improve: aws, javascript, java. The internship is located in Kochi. Your education matches the internship requirement. Your experience meets the required experience level."
50,Sowmya,5,WebWorks,Frontend Developer Intern,Hyderabad,31.0,0.0,40,100,100,,"css, data analysis, postgresql","Your current skills have limited overlap with the required skills. Skills you could improve: css, data analysis, postgresql. The internship is located in Hyderabad. Your education matches the internship requirement. Your experience meets the required experience level."
15,Nikhil,28,WebWorks,Machine Learning Intern,Kochi,30.96,29.11,40,0.0,50,"react, pandas","css, power bi, machine learning","You match these required skills: react, pandas. Skills you could improve: css, power bi, machine learning. The internship is located in Kochi. Your education does not exactly match the listed requirement. You have less experience than the listed requirement."
2,Arjun,17,NextGen Systems,Backend Developer Intern,Bangalore,30.68,13.63,100,0.0,50,css,"postgresql, node.js, data analysis","You match these required skills: css. Skills you could improve: postgresql, node.js, data analysis. The internship location matches your preferred location. Your education does not exactly match the listed requirement. You have less experience than the listed requirement."
8,Sneha,4,ByteLabs,Full Stack Developer Intern,Pune,30.62,20.2,40,50.0,50,postgresql,"python, java","You match these required skills: postgresql. Skills you could improve: python, java. The internship is located in Pune. Your education does not exactly match the listed requirement. You have less experience than the listed requirement."
24,Nandini,17,NextGen Systems,Backend Developer Intern,Bangalore,30.62,20.2,40,50.0,50,node.js,"postgresql, css, data analysis","You match these required skills: node.js. Skills you could improve: postgresql, css, data analysis. The internship is located in Bangalore. Your education does not exactly match the listed requirement. You have less experience than the listed requirement."
8,Sneha,21,ByteLabs,Backend Developer Intern,Chennai,30.5,11.67,40,100,50,docker,"data analysis, power bi, node.js, react","You match these required skills: docker. Skills you could improve: data analysis, power bi, node.js, react. The internship is located in Chennai. Your education does not exactly match the listed requirement. Your experience meets the required experience level."
13,Akash,24,DevCore,Web Development Intern,Kochi,30.5,11.67,40,100,50,"javascript, java",aws,"You match these required skills: javascript, java. Skills you could improve: aws. The internship is located in Kochi. Your education does not exactly match the listed requirement. Your experience meets the required experience level."
19,Sahil,6,WebWorks,Data Analyst Intern,Kochi,30.5,11.67,40,100,50,javascript,"docker, machine learning, node.js, power bi","You match these required skills: javascript. Skills you could improve: docker, machine learning, node.js, power bi. The internship is located in Kochi. Your education does not exactly match the listed requirement. Your experience meets the required experience level."
35,Dhanush,7,AI Labs,Python Developer Intern,Bangalore,30.5,11.67,40,100,50,pandas,"python, html","You match these required skills: pandas. Skills you could improve: python, html. The internship is located in Bangalore. Your education does not exactly match the listed requirement. Your experience meets the required experience level."
3,Priya,12,CloudWorks,Full Stack Developer Intern,Hyderabad,30.41,11.52,40,100,50,python,"css, sql, aws","You match these required skills: python. Skills you could improve: css, sql, aws. The internship is located in Hyderabad. Your education does not exactly match the listed requirement. Your experience meets the required experience level."
4,Ananya,1,CloudWorks,Cloud Engineering Intern,Pune,30.41,11.52,40,100,50,"postgresql, pandas","aws, java","You match these required skills: postgresql, pandas. Skills you could improve: aws, java. The internship is located in Pune. Your education does not exactly match the listed requirement. Your experience meets the required experience level."
12,Pooja,1,CloudWorks,Cloud Engineering Intern,Pune,30.41,11.52,40,100,50,pandas,"aws, postgresql, java","You match these required skills: pandas. Skills you could improve: aws, postgresql, java. The internship is located in Pune. Your education does not exactly match the listed requirement. Your experience meets the required experience level."
14,Divya,22,TechNova,Machine Learning Intern,Bangalore,30.41,11.52,40,100,50,"java, mongodb","python, postgresql, pandas, css","You match these required skills: java, mongodb. Skills you could improve: python, postgresql, pandas, css. The internship is located in Bangalore. Your education does not exactly match the listed requirement. Your experience meets the required experience level."
14,Divya,26,TechNova,Cloud Engineering Intern,Chennai,30.41,11.52,40,100,50,docker,"data analysis, machine learning, postgresql","You match these required skills: docker. Skills you could improve: data analysis, machine learning, postgresql. The internship is located in Chennai. Your education does not exactly match the listed requirement. Your experience meets the required experience level."
14,Divya,27,NextGen Systems,Python Developer Intern,Mumbai,30.41,11.52,40,100,50,html,"machine learning, sql, power bi","You match these required skills: html. Skills you could improve: machine learning, sql, power bi. The internship is located in Mumbai. Your education does not exactly match the listed requirement. Your experience meets the required experience level."
17,Varun,1,CloudWorks,Cloud Engineering Intern,Pune,30.41,11.52,40,100,50,"aws, postgresql","pandas, java","You match these required skills: aws, postgresql. Skills you could improve: pandas, java. The internship is located in Pune. Your education does not exactly match the listed requirement. Your experience meets the required experience level."
20,Isha,19,ByteLabs,Web Development Intern,Delhi,30.41,11.52,40,100,50,pandas,"react, aws, sql","You match these required skills: pandas. Skills you could improve: react, aws, sql. The internship is located in Delhi. Your education does not exactly match the listed requirement. Your experience meets the required experience level."
20,Isha,20,InnoTech,Software Engineering Intern,Bangalore,30.41,11.52,40,100,50,mongodb,"html, sql, tensorflow","You match these required skills: mongodb. Skills you could improve: html, sql, tensorflow. The internship is located in Bangalore. Your education does not exactly match the listed requirement. Your experience meets the required experience level."
22,Shreya,22,TechNova,Machine Learning Intern,Bangalore,30.41,11.52,40,100,50,css,"java, python, postgresql, pandas, mongodb","You match these required skills: css. Skills you could improve: java, python, postgresql, pandas, mongodb. The internship is located in Bangalore. Your education does not exactly match the listed requirement. Your experience meets the required experience level."
24,Nandini,1,CloudWorks,Cloud Engineering Intern,Pune,30.41,11.52,40,100,50,pandas,"aws, postgresql, java","You match these required skills: pandas. Skills you could improve: aws, postgresql, java. The internship is located in Pune. Your education does not exactly match the listed requirement. Your experience meets the required experience level."
24,Nandini,19,ByteLabs,Web Development Intern,Delhi,30.41,11.52,40,100,50,pandas,"react, aws, sql","You match these required skills: pandas. Skills you could improve: react, aws, sql. The internship is located in Delhi. Your education does not exactly match the listed requirement. Your experience meets the required experience level."
26,Swathi,22,TechNova,Machine Learning Intern,Bangalore,30.41,11.52,40,100,50,java,"python, postgresql, pandas, mongodb, css","You match these required skills: java. Skills you could improve: python, postgresql, pandas, mongodb, css. The internship is located in Bangalore. Your education does not exactly match the listed requirement. Your experience meets the required experience level."
28,Tanvi,26,TechNova,Cloud Engineering Intern,Chennai,30.41,11.52,40,100,50,postgresql,"data analysis, machine learning, docker","You match these required skills: postgresql. Skills you could improve: data analysis, machine learning, docker. The internship is located in Chennai. Your education does not exactly match the listed requirement. Your experience meets the required experience level."
28,Tanvi,27,NextGen Systems,Python Developer Intern,Mumbai,30.41,11.52,40,100,50,"sql, html","machine learning, power bi","You match these required skills: sql, html. Skills you could improve: machine learning, power bi. The internship is located in Mumbai. Your education does not exactly match the listed requirement. Your experience meets the required experience level."
29,Yash,9,CloudWorks,Python Developer Intern,Kochi,30.41,11.52,40,100,50,"javascript, postgresql","power bi, aws, html","You match these required skills: javascript, postgresql. Skills you could improve: power bi, aws, html. The internship is located in Kochi. Your education does not exactly match the listed requirement. Your experience meets the required experience level."
29,Yash,25,InnoTech,Data Analyst Intern,Mumbai,30.41,11.52,40,100,50,"java, postgresql, javascript","html, aws, css","You match these required skills: java, postgresql, javascript. Skills you could improve: html, aws, css. The internship is located in Mumbai. Your education does not exactly match the listed requirement. Your experience meets the required experience level."
29,Yash,27,NextGen Systems,Python Developer Intern,Mumbai,30.41,11.52,40,100,50,sql,"machine learning, html, power bi","You match these required skills: sql. Skills you could improve: machine learning, html, power bi. The internship is located in Mumbai. Your education does not exactly match the listed requirement. Your experience meets the required experience level."
30,Pallavi,25,InnoTech,Data Analyst Intern,Mumbai,30.41,11.52,40,100,50,"java, postgresql, javascript","html, aws, css","You match these required skills: java, postgresql, javascript. Skills you could improve: html, aws, css. The internship is located in Mumbai. Your education does not exactly match the listed requirement. Your experience meets the required experience level."
30,Pallavi,26,TechNova,Cloud Engineering Intern,Chennai,30.41,11.52,40,100,50,"postgresql, docker","data analysis, machine learning","You match these required skills: postgresql, docker. Skills you could improve: data analysis, machine learning. The internship is located in Chennai. Your education does not exactly match the listed requirement. Your experience meets the required experience level."
30,Pallavi,27,NextGen Systems,Python Developer Intern,Mumbai,30.41,11.52,40,100,50,sql,"machine learning, html, power bi","You match these required skills: sql. Skills you could improve: machine learning, html, power bi. The internship is located in Mumbai. Your education does not exactly match the listed requirement. Your experience meets the required experience level."
32,Sanjana,3,WebWorks,AI Engineering Intern,Bangalore,30.41,11.52,40,100,50,css,"react, power bi, mongodb, html","You match these required skills: css. Skills you could improve: react, power bi, mongodb, html. The internship is located in Bangalore. Your education does not exactly match the listed requirement. Your experience meets the required experience level."
38,Deepika,12,CloudWorks,Full Stack Developer Intern,Hyderabad,30.41,11.52,40,100,50,python,"css, sql, aws","You match these required skills: python. Skills you could improve: css, sql, aws. The internship is located in Hyderabad. Your education does not exactly match the listed requirement. Your experience meets the required experience level."
38,Deepika,18,NextGen Systems,Frontend Developer Intern,Delhi,30.41,11.52,40,100,50,git,"java, postgresql, docker","You match these required skills: git. Skills you could improve: java, postgresql, docker. The internship is located in Delhi. Your education does not exactly match the listed requirement. Your experience meets the required experience level."
38,Deepika,19,ByteLabs,Web Development Intern,Delhi,30.41,11.52,40,100,50,react,"aws, sql, pandas","You match these required skills: react. Skills you could improve: aws, sql, pandas. The internship is located in Delhi. Your education does not exactly match the listed requirement. Your experience meets the required experience level."
39,Karthik,9,CloudWorks,Python Developer Intern,Kochi,30.41,11.52,40,100,50,html,"power bi, javascript, aws, postgresql","You match these required skills: html. Skills you could improve: power bi, javascript, aws, postgresql. The internship is located in Kochi. Your education does not exactly match the listed requirement. Your experience meets the required experience level."
39,Karthik,22,TechNova,Machine Learning Intern,Bangalore,30.41,11.52,40,100,50,pandas,"java, python, postgresql, mongodb, css","You match these required skills: pandas. Skills you could improve: java, python, postgresql, mongodb, css. The internship is located in Bangalore. Your education does not exactly match the listed requirement. Your experience meets the required experience level."
7,Vivek,21,ByteLabs,Backend Developer Intern,Chennai,30.36,15.59,40,0.0,100,data analysis,"power bi, node.js, react, docker","You match these required skills: data analysis. Skills you could improve: power bi, node.js, react, docker. The internship is located in Chennai. Your education matches the internship requirement. You have less experience than the listed requirement."
21,Manish,6,WebWorks,Data Analyst Intern,Kochi,30.36,15.59,40,0.0,100,power bi,"javascript, docker, machine learning, node.js","You match these required skills: power bi. Skills you could improve: javascript, docker, machine learning, node.js. The internship is located in Kochi. Your education matches the internship requirement. You have less experience than the listed requirement."
13,Akash,9,CloudWorks,Python Developer Intern,Kochi,30.29,27.98,40,0.0,50,"power bi, javascript","aws, html, postgresql","You match these required skills: power bi, javascript. Skills you could improve: aws, html, postgresql. The internship is located in Kochi. Your education does not exactly match the listed requirement. You have less experience than the listed requirement."
6,Neha,10,CodeCraft,Cloud Engineering Intern,Chennai,30.24,11.23,40,100,50,html,"css, tensorflow, power bi","You match these required skills: html. Skills you could improve: css, tensorflow, power bi. The internship is located in Chennai. Your education does not exactly match the listed requirement. Your experience meets the required experience level."
27,Abhishek,14,ByteLabs,Web Development Intern,Delhi,30.24,11.23,40,100,50,html,"java, power bi, pandas","You match these required skills: html. Skills you could improve: java, power bi, pandas. The internship is located in Delhi. Your education does not exactly match the listed requirement. Your experience meets the required experience level."
33,Ravi,8,DataSphere,Python Developer Intern,Kochi,30.24,11.23,40,100,50,"java, postgresql","html, node.js","You match these required skills: java, postgresql. Skills you could improve: html, node.js. The internship is located in Kochi. Your education does not exactly match the listed requirement. Your experience meets the required experience level."
34,Keerthi,8,DataSphere,Python Developer Intern,Kochi,30.24,11.23,40,100,50,java,"postgresql, html, node.js","You match these required skills: java. Skills you could improve: postgresql, html, node.js. The internship is located in Kochi. Your education does not exactly match the listed requirement. Your experience meets the required experience level."
34,Keerthi,14,ByteLabs,Web Development Intern,Delhi,30.24,11.23,40,100,50,java,"power bi, pandas, html","You match these required skills: java. Skills you could improve: power bi, pandas, html. The internship is located in Delhi. Your education does not exactly match the listed requirement. Your experience meets the required experience level."
37,Surya,16,CodeCraft,Data Analyst Intern,Kochi,30.24,11.23,40,100,50,"java, javascript","node.js, html","You match these required skills: java, javascript. Skills you could improve: node.js, html. The internship is located in Kochi. Your education does not exactly match the listed requirement. Your experience meets the required experience level."
46,Manya,10,CodeCraft,Cloud Engineering Intern,Chennai,30.24,11.23,40,100,50,tensorflow,"css, html, power bi","You match these required skills: tensorflow. Skills you could improve: css, html, power bi. The internship is located in Chennai. Your education does not exactly match the listed requirement. Your experience meets the required experience level."
46,Manya,14,ByteLabs,Web Development Intern,Delhi,30.24,11.23,40,100,50,java,"power bi, pandas, html","You match these required skills: java. Skills you could improve: power bi, pandas, html. The internship is located in Delhi. Your education does not exactly match the listed requirement. Your experience meets the required experience level."
46,Manya,16,CodeCraft,Data Analyst Intern,Kochi,30.24,11.23,40,100,50,"java, javascript","node.js, html","You match these required skills: java, javascript. Skills you could improve: node.js, html. The internship is located in Kochi. Your education does not exactly match the listed requirement. Your experience meets the required experience level."
49,Gaurav,10,CodeCraft,Cloud Engineering Intern,Chennai,30.24,11.23,40,100,50,html,"css, tensorflow, power bi","You match these required skills: html. Skills you could improve: css, tensorflow, power bi. The internship is located in Chennai. Your education does not exactly match the listed requirement. Your experience meets the required experience level."
50,Sowmya,24,DevCore,Web Development Intern,Kochi,30.08,10.96,40,100,50,aws,"javascript, java","You match these required skills: aws. Skills you could improve: javascript, java. The internship is located in Kochi. Your education does not exactly match the listed requirement. Your experience meets the required experience level."
2,Arjun,14,ByteLabs,Web Development Intern,Delhi,30.04,15.06,40,0.0,100,java,"power bi, pandas, html","You match these required skills: java. Skills you could improve: power bi, pandas, html. The internship is located in Delhi. Your education matches the internship requirement. You have less experience than the listed requirement."
15,Nikhil,8,DataSphere,Python Developer Intern,Kochi,30.04,15.06,40,0.0,100,html,"java, postgresql, node.js","You match these required skills: html. Skills you could improve: java, postgresql, node.js. The internship is located in Kochi. Your education matches the internship requirement. You have less experience than the listed requirement."
21,Manish,4,ByteLabs,Full Stack Developer Intern,Pune,30.02,12.54,100,0.0,50,postgresql,"python, java","You match these required skills: postgresql. Skills you could improve: python, java. The internship location matches your preferred location. Your education does not exactly match the listed requirement. You have less experience than the listed requirement."
40,Lakshmi,7,AI Labs,Python Developer Intern,Bangalore,30.02,12.54,100,0.0,50,pandas,"python, html","You match these required skills: pandas. Skills you could improve: python, html. The internship location matches your preferred location. Your education does not exactly match the listed requirement. You have less experience than the listed requirement."
7,Vivek,28,WebWorks,Machine Learning Intern,Kochi,30.01,27.52,40,0.0,50,"css, machine learning","react, power bi, pandas","You match these required skills: css, machine learning. Skills you could improve: react, power bi, pandas. The internship is located in Kochi. Your education does not exactly match the listed requirement. You have less experience than the listed requirement."
49,Gaurav,17,NextGen Systems,Backend Developer Intern,Bangalore,30.0,0.0,100,0.0,100,postgresql,"node.js, css, data analysis","You match these required skills: postgresql. Skills you could improve: node.js, css, data analysis. The internship location matches your preferred location. Your education matches the internship requirement. You have less experience than the listed requirement."
9,Aditya,1,CloudWorks,Cloud Engineering Intern,Pune,29.86,10.6,40,100,50,"postgresql, pandas, java",aws,"You match these required skills: postgresql, pandas, java. Skills you could improve: aws. The internship is located in Pune. Your education does not exactly match the listed requirement. Your experience meets the required experience level."
9,Aditya,12,CloudWorks,Full Stack Developer Intern,Hyderabad,29.86,10.6,40,100,50,sql,"css, python, aws","You match these required skills: sql. Skills you could improve: css, python, aws. The internship is located in Hyderabad. Your education does not exactly match the listed requirement. Your experience meets the required experience level."
9,Aditya,20,InnoTech,Software Engineering Intern,Bangalore,29.86,10.6,40,100,50,sql,"html, mongodb, tensorflow","You match these required skills: sql. Skills you could improve: html, mongodb, tensorflow. The internship is located in Bangalore. Your education does not exactly match the listed requirement. Your experience meets the required experience level."
10,Meera,1,CloudWorks,Cloud Engineering Intern,Pune,29.86,10.6,40,100,50,java,"aws, postgresql, pandas","You match these required skills: java. Skills you could improve: aws, postgresql, pandas. The internship is located in Pune. Your education does not exactly match the listed requirement. Your experience meets the required experience level."
10,Meera,12,CloudWorks,Full Stack Developer Intern,Hyderabad,29.86,10.6,40,100,50,css,"sql, python, aws","You match these required skills: css. Skills you could improve: sql, python, aws. The internship is located in Hyderabad. Your education does not exactly match the listed requirement. Your experience meets the required experience level."
10,Meera,18,NextGen Systems,Frontend Developer Intern,Delhi,29.86,10.6,40,100,50,java,"git, postgresql, docker","You match these required skills: java. Skills you could improve: git, postgresql, docker. The internship is located in Delhi. Your education does not exactly match the listed requirement. Your experience meets the required experience level."
11,Rohan,5,WebWorks,Frontend Developer Intern,Hyderabad,29.86,10.6,40,100,50,css,"data analysis, postgresql","You match these required skills: css. Skills you could improve: data analysis, postgresql. The internship is located in Hyderabad. Your education does not exactly match the listed requirement. Your experience meets the required experience level."
11,Rohan,12,CloudWorks,Full Stack Developer Intern,Hyderabad,29.86,10.6,40,100,50,css,"sql, python, aws","You match these required skills: css. Skills you could improve: sql, python, aws. The internship is located in Hyderabad. Your education does not exactly match the listed requirement. Your experience meets the required experience level."
11,Rohan,20,InnoTech,Software Engineering Intern,Bangalore,29.86,10.6,40,100,50,tensorflow,"html, sql, mongodb","You match these required skills: tensorflow. Skills you could improve: html, sql, mongodb. The internship is located in Bangalore. Your education does not exactly match the listed requirement. Your experience meets the required experience level."
16,Aishwarya,20,InnoTech,Software Engineering Intern,Bangalore,29.86,10.6,40,100,50,sql,"html, mongodb, tensorflow","You match these required skills: sql. Skills you could improve: html, mongodb, tensorflow. The internship is located in Bangalore. Your education does not exactly match the listed requirement. Your experience meets the required experience level."
18,Kavya,18,NextGen Systems,Frontend Developer Intern,Delhi,29.86,10.6,40,100,50,git,"java, postgresql, docker","You match these required skills: git. Skills you could improve: java, postgresql, docker. The internship is located in Delhi. Your education does not exactly match the listed requirement. Your experience meets the required experience level."
23,Harsh,13,NextGen Systems,Software Engineering Intern,Pune,29.86,10.6,40,100,50,javascript,"machine learning, aws, docker, node.js","You match these required skills: javascript. Skills you could improve: machine learning, aws, docker, node.js. The internship is located in Pune. Your education does not exactly match the listed requirement. Your experience meets the required experience level."
25,Ritesh,1,CloudWorks,Cloud Engineering Intern,Pune,29.86,10.6,40,100,50,aws,"postgresql, pandas, java","You match these required skills: aws. Skills you could improve: postgresql, pandas, java. The internship is located in Pune. Your education does not exactly match the listed requirement. Your experience meets the required experience level."
25,Ritesh,20,InnoTech,Software Engineering Intern,Bangalore,29.86,10.6,40,100,50,mongodb,"html, sql, tensorflow","You match these required skills: mongodb. Skills you could improve: html, sql, tensorflow. The internship is located in Bangalore. Your education does not exactly match the listed requirement. Your experience meets the required experience level."
26,Swathi,13,NextGen Systems,Software Engineering Intern,Pune,29.86,10.6,40,100,50,"javascript, docker","machine learning, aws, node.js","You match these required skills: javascript, docker. Skills you could improve: machine learning, aws, node.js. The internship is located in Pune. Your education does not exactly match the listed requirement. Your experience meets the required experience level."
28,Tanvi,2,AI Labs,Full Stack Developer Intern,Mumbai,29.86,10.6,40,100,50,react,"aws, tensorflow, machine learning, node.js","You match these required skills: react. Skills you could improve: aws, tensorflow, machine learning, node.js. The internship is located in Mumbai. Your education does not exactly match the listed requirement. Your experience meets the required experience level."
28,Tanvi,11,ByteLabs,Cloud Engineering Intern,Mumbai,29.86,10.6,40,100,50,postgresql,"pandas, machine learning, power bi, css","You match these required skills: postgresql. Skills you could improve: pandas, machine learning, power bi, css. The internship is located in Mumbai. Your education does not exactly match the listed requirement. Your experience meets the required experience level."
28,Tanvi,13,NextGen Systems,Software Engineering Intern,Pune,29.86,10.6,40,100,50,javascript,"machine learning, aws, docker, node.js","You match these required skills: javascript. Skills you could improve: machine learning, aws, docker, node.js. The internship is located in Pune. Your education does not exactly match the listed requirement. Your experience meets the required experience level."
28,Tanvi,28,WebWorks,Machine Learning Intern,Kochi,29.86,10.6,40,100,50,react,"css, power bi, machine learning, pandas","You match these required skills: react. Skills you could improve: css, power bi, machine learning, pandas. The internship is located in Kochi. Your education does not exactly match the listed requirement. Your experience meets the required experience level."
29,Yash,13,NextGen Systems,Software Engineering Intern,Pune,29.86,10.6,40,100,50,javascript,"machine learning, aws, docker, node.js","You match these required skills: javascript. Skills you could improve: machine learning, aws, docker, node.js. The internship is located in Pune. Your education does not exactly match the listed requirement. Your experience meets the required experience level."
30,Pallavi,13,NextGen Systems,Software Engineering Intern,Pune,29.86,10.6,40,100,50,"javascript, docker","machine learning, aws, node.js","You match these required skills: javascript, docker. Skills you could improve: machine learning, aws, node.js. The internship is located in Pune. Your education does not exactly match the listed requirement. Your experience meets the required experience level."
31,Aman,19,ByteLabs,Web Development Intern,Delhi,29.86,10.6,40,100,50,react,"aws, sql, pandas","You match these required skills: react. Skills you could improve: aws, sql, pandas. The internship is located in Delhi. Your education does not exactly match the listed requirement. Your experience meets the required experience level."
32,Sanjana,11,ByteLabs,Cloud Engineering Intern,Mumbai,29.86,10.6,40,100,50,css,"pandas, postgresql, machine learning, power bi","You match these required skills: css. Skills you could improve: pandas, postgresql, machine learning, power bi. The internship is located in Mumbai. Your education does not exactly match the listed requirement. Your experience meets the required experience level."
36,Anjali,5,WebWorks,Frontend Developer Intern,Hyderabad,29.86,10.6,40,100,50,postgresql,"css, data analysis","You match these required skills: postgresql. Skills you could improve: css, data analysis. The internship is located in Hyderabad. Your education does not exactly match the listed requirement. Your experience meets the required experience level."
36,Anjali,12,CloudWorks,Full Stack Developer Intern,Hyderabad,29.86,10.6,40,100,50,"sql, python","css, aws","You match these required skills: sql, python. Skills you could improve: css, aws. The internship is located in Hyderabad. Your education does not exactly match the listed requirement. Your experience meets the required experience level."
36,Anjali,19,ByteLabs,Web Development Intern,Delhi,29.86,10.6,40,100,50,"react, sql","aws, pandas","You match these required skills: react, sql. Skills you could improve: aws, pandas. The internship is located in Delhi. Your education does not exactly match the listed requirement. Your experience meets the required experience level."
39,Karthik,15,ByteLabs,Machine Learning Intern,Kochi,29.86,10.6,40,100,50,html,"git, postgresql, machine learning, aws, sql","You match these required skills: html. Skills you could improve: git, postgresql, machine learning, aws, sql. The internship is located in Kochi. Your education does not exactly match the listed requirement. Your experience meets the required experience level."
39,Karthik,28,WebWorks,Machine Learning Intern,Kochi,29.86,10.6,40,100,50,pandas,"react, css, power bi, machine learning","You match these required skills: pandas. Skills you could improve: react, css, power bi, machine learning. The internship is located in Kochi. Your education does not exactly match the listed requirement. Your experience meets the required experience level."
40,Lakshmi,12,CloudWorks,Full Stack Developer Intern,Hyderabad,29.86,10.6,40,100,50,css,"sql, python, aws","You match these required skills: css. Skills you could improve: sql, python, aws. The internship is located in Hyderabad. Your education does not exactly match the listed requirement. Your experience meets the required experience level."
41,Rohit,12,CloudWorks,Full Stack Developer Intern,Hyderabad,29.86,10.6,40,100,50,python,"css, sql, aws","You match these required skills: python. Skills you could improve: css, sql, aws. The internship is located in Hyderabad. Your education does not exactly match the listed requirement. Your experience meets the required experience level."
41,Rohit,18,NextGen Systems,Frontend Developer Intern,Delhi,29.86,10.6,40,100,50,java,"git, postgresql, docker","You match these required skills: java. Skills you could improve: git, postgresql, docker. The internship is located in Delhi. Your education does not exactly match the listed requirement. Your experience meets the required experience level."
41,Rohit,19,ByteLabs,Web Development Intern,Delhi,29.86,10.6,40,100,50,pandas,"react, aws, sql","You match these required skills: pandas. Skills you could improve: react, aws, sql. The internship is located in Delhi. Your education does not exactly match the listed requirement. Your experience meets the required experience level."
42,Bhavana,12,CloudWorks,Full Stack Developer Intern,Hyderabad,29.86,10.6,40,100,50,python,"css, sql, aws","You match these required skills: python. Skills you could improve: css, sql, aws. The internship is located in Hyderabad. Your education does not exactly match the listed requirement. Your experience meets the required experience level."
48,Shruthi,2,AI Labs,Full Stack Developer Intern,Mumbai,29.86,10.6,40,100,50,aws,"tensorflow, machine learning, node.js, react","You match these required skills: aws. Skills you could improve: tensorflow, machine learning, node.js, react. The internship is located in Mumbai. Your education does not exactly match the listed requirement. Your experience meets the required experience level."
48,Shruthi,13,NextGen Systems,Software Engineering Intern,Pune,29.86,10.6,40,100,50,aws,"machine learning, javascript, docker, node.js","You match these required skills: aws. Skills you could improve: machine learning, javascript, docker, node.js. The internship is located in Pune. Your education does not exactly match the listed requirement. Your experience meets the required experience level."
48,Shruthi,15,ByteLabs,Machine Learning Intern,Kochi,29.86,10.6,40,100,50,aws,"git, postgresql, machine learning, html, sql","You match these required skills: aws. Skills you could improve: git, postgresql, machine learning, html, sql. The internship is located in Kochi. Your education does not exactly match the listed requirement. Your experience meets the required experience level."
23,Harsh,1,CloudWorks,Cloud Engineering Intern,Pune,29.66,14.44,40,0.0,100,java,"aws, postgresql, pandas","You match these required skills: java. Skills you could improve: aws, postgresql, pandas. The internship is located in Pune. Your education matches the internship requirement. You have less experience than the listed requirement."
3,Priya,16,CodeCraft,Data Analyst Intern,Kochi,29.6,10.16,40,100,50,html,"node.js, java, javascript","You match these required skills: html. Skills you could improve: node.js, java, javascript. The internship is located in Kochi. Your education does not exactly match the listed requirement. Your experience meets the required experience level."
4,Ananya,14,ByteLabs,Web Development Intern,Delhi,29.6,10.16,40,100,50,pandas,"java, power bi, html","You match these required skills: pandas. Skills you could improve: java, power bi, html. The internship is located in Delhi. Your education does not exactly match the listed requirement. Your experience meets the required experience level."
6,Neha,17,NextGen Systems,Backend Developer Intern,Bangalore,29.6,10.16,40,100,50,postgresql,"node.js, css, data analysis","You match these required skills: postgresql. Skills you could improve: node.js, css, data analysis. The internship is located in Bangalore. Your education does not exactly match the listed requirement. Your experience meets the required experience level."
6,Neha,27,NextGen Systems,Python Developer Intern,Mumbai,29.6,10.16,40,100,50,"sql, html","machine learning, power bi","You match these required skills: sql, html. Skills you could improve: machine learning, power bi. The internship is located in Mumbai. Your education does not exactly match the listed requirement. Your experience meets the required experience level."
24,Nandini,10,CodeCraft,Cloud Engineering Intern,Chennai,29.6,10.16,40,100,50,tensorflow,"css, html, power bi","You match these required skills: tensorflow. Skills you could improve: css, html, power bi. The internship is located in Chennai. Your education does not exactly match the listed requirement. Your experience meets the required experience level."
24,Nandini,14,ByteLabs,Web Development Intern,Delhi,29.6,10.16,40,100,50,pandas,"java, power bi, html","You match these required skills: pandas. Skills you could improve: java, power bi, html. The internship is located in Delhi. Your education does not exactly match the listed requirement. Your experience meets the required experience level."
27,Abhishek,27,NextGen Systems,Python Developer Intern,Mumbai,29.6,10.16,40,100,50,"sql, html","machine learning, power bi","You match these required skills: sql, html. Skills you could improve: machine learning, power bi. The internship is located in Mumbai. Your education does not exactly match the listed requirement. Your experience meets the required experience level."
33,Ravi,22,TechNova,Machine Learning Intern,Bangalore,29.6,10.16,40,100,50,"java, postgresql","python, pandas, mongodb, css","You match these required skills: java, postgresql. Skills you could improve: python, pandas, mongodb, css. The internship is located in Bangalore. Your education does not exactly match the listed requirement. Your experience meets the required experience level."
34,Keerthi,3,WebWorks,AI Engineering Intern,Bangalore,29.6,10.16,40,100,50,react,"css, power bi, mongodb, html","You match these required skills: react. Skills you could improve: css, power bi, mongodb, html. The internship is located in Bangalore. Your education does not exactly match the listed requirement. Your experience meets the required experience level."
44,Sakshi,9,CloudWorks,Python Developer Intern,Kochi,29.6,10.16,40,100,50,aws,"power bi, javascript, html, postgresql","You match these required skills: aws. Skills you could improve: power bi, javascript, html, postgresql. The internship is located in Kochi. Your education does not exactly match the listed requirement. Your experience meets the required experience level."
44,Sakshi,22,TechNova,Machine Learning Intern,Bangalore,29.6,10.16,40,100,50,mongodb,"java, python, postgresql, pandas, css","You match these required skills: mongodb. Skills you could improve: java, python, postgresql, pandas, css. The internship is located in Bangalore. Your education does not exactly match the listed requirement. Your experience meets the required experience level."
45,Vishal,27,NextGen Systems,Python Developer Intern,Mumbai,29.6,10.16,40,100,50,sql,"machine learning, html, power bi","You match these required skills: sql. Skills you could improve: machine learning, html, power bi. The internship is located in Mumbai. Your education does not exactly match the listed requirement. Your experience meets the required experience level."
46,Manya,3,WebWorks,AI Engineering Intern,Bangalore,29.6,10.16,40,100,50,react,"css, power bi, mongodb, html","You match these required skills: react. Skills you could improve: css, power bi, mongodb, html. The internship is located in Bangalore. Your education does not exactly match the listed requirement. Your experience meets the required experience level."
46,Manya,22,TechNova,Machine Learning Intern,Bangalore,29.6,10.16,40,100,50,"java, postgresql","python, pandas, mongodb, css","You match these required skills: java, postgresql. Skills you could improve: python, pandas, mongodb, css. The internship is located in Bangalore. Your education does not exactly match the listed requirement. Your experience meets the required experience level."
46,Manya,26,TechNova,Cloud Engineering Intern,Chennai,29.6,10.16,40,100,50,"postgresql, docker","data analysis, machine learning","You match these required skills: postgresql, docker. Skills you could improve: data analysis, machine learning. The internship is located in Chennai. Your education does not exactly match the listed requirement. Your experience meets the required experience level."
46,Manya,27,NextGen Systems,Python Developer Intern,Mumbai,29.6,10.16,40,100,50,sql,"machine learning, html, power bi","You match these required skills: sql. Skills you could improve: machine learning, html, power bi. The internship is located in Mumbai. Your education does not exactly match the listed requirement. Your experience meets the required experience level."
31,Aman,17,NextGen Systems,Backend Developer Intern,Bangalore,29.57,18.44,40,50.0,50,node.js,"postgresql, css, data analysis","You match these required skills: node.js. Skills you could improve: postgresql, css, data analysis. The internship is located in Bangalore. Your education does not exactly match the listed requirement. You have less experience than the listed requirement."
14,Divya,21,ByteLabs,Backend Developer Intern,Chennai,29.42,9.87,40,100,50,docker,"data analysis, power bi, node.js, react","You match these required skills: docker. Skills you could improve: data analysis, power bi, node.js, react. The internship is located in Chennai. Your education does not exactly match the listed requirement. Your experience meets the required experience level."
26,Swathi,6,WebWorks,Data Analyst Intern,Kochi,29.42,9.87,40,100,50,"javascript, docker","machine learning, node.js, power bi","You match these required skills: javascript, docker. Skills you could improve: machine learning, node.js, power bi. The internship is located in Kochi. Your education does not exactly match the listed requirement. Your experience meets the required experience level."
28,Tanvi,6,WebWorks,Data Analyst Intern,Kochi,29.42,9.87,40,100,50,javascript,"docker, machine learning, node.js, power bi","You match these required skills: javascript. Skills you could improve: docker, machine learning, node.js, power bi. The internship is located in Kochi. Your education does not exactly match the listed requirement. Your experience meets the required experience level."
28,Tanvi,21,ByteLabs,Backend Developer Intern,Chennai,29.42,9.87,40,100,50,react,"data analysis, power bi, node.js, docker","You match these required skills: react. Skills you could improve: data analysis, power bi, node.js, docker. The internship is located in Chennai. Your education does not exactly match the listed requirement. Your experience meets the required experience level."
29,Yash,6,WebWorks,Data Analyst Intern,Kochi,29.42,9.87,40,100,50,javascript,"docker, machine learning, node.js, power bi","You match these required skills: javascript. Skills you could improve: docker, machine learning, node.js, power bi. The internship is located in Kochi. Your education does not exactly match the listed requirement. Your experience meets the required experience level."
30,Pallavi,21,ByteLabs,Backend Developer Intern,Chennai,29.42,9.87,40,100,50,docker,"data analysis, power bi, node.js, react","You match these required skills: docker. Skills you could improve: data analysis, power bi, node.js, react. The internship is located in Chennai. Your education does not exactly match the listed requirement. Your experience meets the required experience level."
35,Dhanush,1,CloudWorks,Cloud Engineering Intern,Pune,29.42,9.87,40,100,50,pandas,"aws, postgresql, java","You match these required skills: pandas. Skills you could improve: aws, postgresql, java. The internship is located in Pune. Your education does not exactly match the listed requirement. Your experience meets the required experience level."
22,Shreya,3,WebWorks,AI Engineering Intern,Bangalore,29.13,26.06,40,0.0,50,"css, html","react, power bi, mongodb","You match these required skills: css, html. Skills you could improve: react, power bi, mongodb. The internship is located in Bangalore. Your education does not exactly match the listed requirement. You have less experience than the listed requirement."
22,Shreya,25,InnoTech,Data Analyst Intern,Mumbai,29.13,26.06,40,0.0,50,"html, css","java, postgresql, javascript, aws","You match these required skills: html, css. Skills you could improve: java, postgresql, javascript, aws. The internship is located in Mumbai. Your education does not exactly match the listed requirement. You have less experience than the listed requirement."
22,Shreya,26,TechNova,Cloud Engineering Intern,Chennai,29.13,26.06,40,0.0,50,data analysis,"machine learning, postgresql, docker","You match these required skills: data analysis. Skills you could improve: machine learning, postgresql, docker. The internship is located in Chennai. Your education does not exactly match the listed requirement. You have less experience than the listed requirement."
23,Harsh,26,TechNova,Cloud Engineering Intern,Chennai,29.13,26.06,40,0.0,50,data analysis,"machine learning, postgresql, docker","You match these required skills: data analysis. Skills you could improve: machine learning, postgresql, docker. The internship is located in Chennai. Your education does not exactly match the listed requirement. You have less experience than the listed requirement."
6,Neha,2,AI Labs,Full Stack Developer Intern,Mumbai,29.11,9.35,40,100,50,react,"aws, tensorflow, machine learning, node.js","You match these required skills: react. Skills you could improve: aws, tensorflow, machine learning, node.js. The internship is located in Mumbai. Your education does not exactly match the listed requirement. Your experience meets the required experience level."
6,Neha,13,NextGen Systems,Software Engineering Intern,Pune,29.11,9.35,40,100,50,"javascript, docker","machine learning, aws, node.js","You match these required skills: javascript, docker. Skills you could improve: machine learning, aws, node.js. The internship is located in Pune. Your education does not exactly match the listed requirement. Your experience meets the required experience level."
6,Neha,28,WebWorks,Machine Learning Intern,Kochi,29.11,9.35,40,100,50,react,"css, power bi, machine learning, pandas","You match these required skills: react. Skills you could improve: css, power bi, machine learning, pandas. The internship is located in Kochi. Your education does not exactly match the listed requirement. Your experience meets the required experience level."
7,Vivek,10,CodeCraft,Cloud Engineering Intern,Chennai,29.11,9.35,40,100,50,css,"html, tensorflow, power bi","You match these required skills: css. Skills you could improve: html, tensorflow, power bi. The internship is located in Chennai. Your education does not exactly match the listed requirement. Your experience meets the required experience level."
9,Aditya,14,ByteLabs,Web Development Intern,Delhi,29.11,9.35,40,100,50,"java, pandas","power bi, html","You match these required skills: java, pandas. Skills you could improve: power bi, html. The internship is located in Delhi. Your education does not exactly match the listed requirement. Your experience meets the required experience level."
9,Aditya,16,CodeCraft,Data Analyst Intern,Kochi,29.11,9.35,40,100,50,"java, javascript","node.js, html","You match these required skills: java, javascript. Skills you could improve: node.js, html. The internship is located in Kochi. Your education does not exactly match the listed requirement. Your experience meets the required experience level."
11,Rohan,16,CodeCraft,Data Analyst Intern,Kochi,29.11,9.35,40,100,50,"java, javascript","node.js, html","You match these required skills: java, javascript. Skills you could improve: node.js, html. The internship is located in Kochi. Your education does not exactly match the listed requirement. Your experience meets the required experience level."
27,Abhishek,11,ByteLabs,Cloud Engineering Intern,Mumbai,29.11,9.35,40,100,50,postgresql,"pandas, machine learning, power bi, css","You match these required skills: postgresql. Skills you could improve: pandas, machine learning, power bi, css. The internship is located in Mumbai. Your education does not exactly match the listed requirement. Your experience meets the required experience level."
31,Aman,14,ByteLabs,Web Development Intern,Delhi,29.11,9.35,40,100,50,html,"java, power bi, pandas","You match these required skills: html. Skills you could improve: java, power bi, pandas. The internship is located in Delhi. Your education does not exactly match the listed requirement. Your experience meets the required experience level."
33,Ravi,15,ByteLabs,Machine Learning Intern,Kochi,29.11,9.35,40,100,50,"postgresql, sql","git, machine learning, aws, html","You match these required skills: postgresql, sql. Skills you could improve: git, machine learning, aws, html. The internship is located in Kochi. Your education does not exactly match the listed requirement. Your experience meets the required experience level."
34,Keerthi,2,AI Labs,Full Stack Developer Intern,Mumbai,29.11,9.35,40,100,50,react,"aws, tensorflow, machine learning, node.js","You match these required skills: react. Skills you could improve: aws, tensorflow, machine learning, node.js. The internship is located in Mumbai. Your education does not exactly match the listed requirement. Your experience meets the required experience level."
34,Keerthi,13,NextGen Systems,Software Engineering Intern,Pune,29.11,9.35,40,100,50,"javascript, docker","machine learning, aws, node.js","You match these required skills: javascript, docker. Skills you could improve: machine learning, aws, node.js. The internship is located in Pune. Your education does not exactly match the listed requirement. Your experience meets the required experience level."
34,Keerthi,28,WebWorks,Machine Learning Intern,Kochi,29.11,9.35,40,100,50,react,"css, power bi, machine learning, pandas","You match these required skills: react. Skills you could improve: css, power bi, machine learning, pandas. The internship is located in Kochi. Your education does not exactly match the listed requirement. Your experience meets the required experience level."
36,Anjali,14,ByteLabs,Web Development Intern,Delhi,29.11,9.35,40,100,50,java,"power bi, pandas, html","You match these required skills: java. Skills you could improve: power bi, pandas, html. The internship is located in Delhi. Your education does not exactly match the listed requirement. Your experience meets the required experience level."
37,Surya,30,DevCore,Cloud Engineering Intern,Bangalore,29.11,9.35,40,100,50,git,"html, node.js, machine learning, postgresql","You match these required skills: git. Skills you could improve: html, node.js, machine learning, postgresql. The internship is located in Bangalore. Your education does not exactly match the listed requirement. Your experience meets the required experience level."
42,Bhavana,10,CodeCraft,Cloud Engineering Intern,Chennai,29.11,9.35,40,100,50,html,"css, tensorflow, power bi","You match these required skills: html. Skills you could improve: css, tensorflow, power bi. The internship is located in Chennai. Your education does not exactly match the listed requirement. Your experience meets the required experience level."
44,Sakshi,13,NextGen Systems,Software Engineering Intern,Pune,29.11,9.35,40,100,50,aws,"machine learning, javascript, docker, node.js","You match these required skills: aws. Skills you could improve: machine learning, javascript, docker, node.js. The internship is located in Pune. Your education does not exactly match the listed requirement. Your experience meets the required experience level."
45,Vishal,15,ByteLabs,Machine Learning Intern,Kochi,29.11,9.35,40,100,50,"postgresql, sql","git, machine learning, aws, html","You match these required skills: postgresql, sql. Skills you could improve: git, machine learning, aws, html. The internship is located in Kochi. Your education does not exactly match the listed requirement. Your experience meets the required experience level."
47,Pranav,10,CodeCraft,Cloud Engineering Intern,Chennai,29.11,9.35,40,100,50,css,"html, tensorflow, power bi","You match these required skills: css. Skills you could improve: html, tensorflow, power bi. The internship is located in Chennai. Your education does not exactly match the listed requirement. Your experience meets the required experience level."
49,Gaurav,2,AI Labs,Full Stack Developer Intern,Mumbai,29.11,9.35,40,100,50,react,"aws, tensorflow, machine learning, node.js","You match these required skills: react. Skills you could improve: aws, tensorflow, machine learning, node.js. The internship is located in Mumbai. Your education does not exactly match the listed requirement. Your experience meets the required experience level."
50,Sowmya,12,CloudWorks,Full Stack Developer Intern,Hyderabad,29.06,9.27,40,100,50,aws,"css, sql, python","You match these required skills: aws. Skills you could improve: css, sql, python. The internship is located in Hyderabad. Your education does not exactly match the listed requirement. Your experience meets the required experience level."
50,Sowmya,20,InnoTech,Software Engineering Intern,Bangalore,29.06,9.27,40,100,50,mongodb,"html, sql, tensorflow","You match these required skills: mongodb. Skills you could improve: html, sql, tensorflow. The internship is located in Bangalore. Your education does not exactly match the listed requirement. Your experience meets the required experience level."
3,Priya,22,TechNova,Machine Learning Intern,Bangalore,29.02,9.19,40,100,50,python,"java, postgresql, pandas, mongodb, css","You match these required skills: python. Skills you could improve: java, postgresql, pandas, mongodb, css. The internship is located in Bangalore. Your education does not exactly match the listed requirement. Your experience meets the required experience level."
4,Ananya,3,WebWorks,AI Engineering Intern,Bangalore,29.02,9.19,40,100,50,mongodb,"react, css, power bi, html","You match these required skills: mongodb. Skills you could improve: react, css, power bi, html. The internship is located in Bangalore. Your education does not exactly match the listed requirement. Your experience meets the required experience level."
4,Ananya,27,NextGen Systems,Python Developer Intern,Mumbai,29.02,9.19,40,100,50,sql,"machine learning, html, power bi","You match these required skills: sql. Skills you could improve: machine learning, html, power bi. The internship is located in Mumbai. Your education does not exactly match the listed requirement. Your experience meets the required experience level."
12,Pooja,22,TechNova,Machine Learning Intern,Bangalore,29.02,9.19,40,100,50,pandas,"java, python, postgresql, mongodb, css","You match these required skills: pandas. Skills you could improve: java, python, postgresql, mongodb, css. The internship is located in Bangalore. Your education does not exactly match the listed requirement. Your experience meets the required experience level."
17,Varun,25,InnoTech,Data Analyst Intern,Mumbai,29.02,9.19,40,100,50,"postgresql, aws","java, javascript, html, css","You match these required skills: postgresql, aws. Skills you could improve: java, javascript, html, css. The internship is located in Mumbai. Your education does not exactly match the listed requirement. Your experience meets the required experience level."
24,Nandini,22,TechNova,Machine Learning Intern,Bangalore,29.02,9.19,40,100,50,pandas,"java, python, postgresql, mongodb, css","You match these required skills: pandas. Skills you could improve: java, python, postgresql, mongodb, css. The internship is located in Bangalore. Your education does not exactly match the listed requirement. Your experience meets the required experience level."
38,Deepika,22,TechNova,Machine Learning Intern,Bangalore,29.02,9.19,40,100,50,python,"java, postgresql, pandas, mongodb, css","You match these required skills: python. Skills you could improve: java, postgresql, pandas, mongodb, css. The internship is located in Bangalore. Your education does not exactly match the listed requirement. Your experience meets the required experience level."
40,Lakshmi,20,InnoTech,Software Engineering Intern,Bangalore,28.86,10.6,100,0.0,50,tensorflow,"html, sql, mongodb","You match these required skills: tensorflow. Skills you could improve: html, sql, mongodb. The internship location matches your preferred location. Your education does not exactly match the listed requirement. You have less experience than the listed requirement."
8,Sneha,5,WebWorks,Frontend Developer Intern,Hyderabad,28.75,17.08,40,50.0,50,postgresql,"css, data analysis","You match these required skills: postgresql. Skills you could improve: css, data analysis. The internship is located in Hyderabad. Your education does not exactly match the listed requirement. You have less experience than the listed requirement."
26,Swathi,4,ByteLabs,Full Stack Developer Intern,Pune,28.75,17.08,40,50.0,50,java,"python, postgresql","You match these required skills: java. Skills you could improve: python, postgresql. The internship is located in Pune. Your education does not exactly match the listed requirement. You have less experience than the listed requirement."
35,Dhanush,17,NextGen Systems,Backend Developer Intern,Bangalore,28.75,17.08,40,50.0,50,data analysis,"postgresql, node.js, css","You match these required skills: data analysis. Skills you could improve: postgresql, node.js, css. The internship is located in Bangalore. Your education does not exactly match the listed requirement. You have less experience than the listed requirement."
34,Keerthi,6,WebWorks,Data Analyst Intern,Kochi,28.72,8.7,40,100,50,"javascript, docker","machine learning, node.js, power bi","You match these required skills: javascript, docker. Skills you could improve: machine learning, node.js, power bi. The internship is located in Kochi. Your education does not exactly match the listed requirement. Your experience meets the required experience level."
37,Surya,6,WebWorks,Data Analyst Intern,Kochi,28.72,8.7,40,100,50,javascript,"docker, machine learning, node.js, power bi","You match these required skills: javascript. Skills you could improve: docker, machine learning, node.js, power bi. The internship is located in Kochi. Your education does not exactly match the listed requirement. Your experience meets the required experience level."
46,Manya,6,WebWorks,Data Analyst Intern,Kochi,28.72,8.7,40,100,50,"javascript, docker","machine learning, node.js, power bi","You match these required skills: javascript, docker. Skills you could improve: machine learning, node.js, power bi. The internship is located in Kochi. Your education does not exactly match the listed requirement. Your experience meets the required experience level."
7,Vivek,6,WebWorks,Data Analyst Intern,Kochi,28.69,25.32,40,0.0,50,"javascript, machine learning","docker, node.js, power bi","You match these required skills: javascript, machine learning. Skills you could improve: docker, node.js, power bi. The internship is located in Kochi. Your education does not exactly match the listed requirement. You have less experience than the listed requirement."
21,Manish,21,ByteLabs,Backend Developer Intern,Chennai,28.69,25.32,40,0.0,50,"power bi, react","data analysis, node.js, docker","You match these required skills: power bi, react. Skills you could improve: data analysis, node.js, docker. The internship is located in Chennai. Your education does not exactly match the listed requirement. You have less experience than the listed requirement."
43,Darshan,18,NextGen Systems,Frontend Developer Intern,Delhi,28.64,12.74,40,0.0,100,java,"git, postgresql, docker","You match these required skills: java. Skills you could improve: git, postgresql, docker. The internship is located in Delhi. Your education matches the internship requirement. You have less experience than the listed requirement."
49,Gaurav,1,CloudWorks,Cloud Engineering Intern,Pune,28.64,12.74,40,0.0,100,"postgresql, pandas","aws, java","You match these required skills: postgresql, pandas. Skills you could improve: aws, java. The internship is located in Pune. Your education matches the internship requirement. You have less experience than the listed requirement."
49,Gaurav,14,ByteLabs,Web Development Intern,Delhi,28.64,25.23,40,0.0,50,"pandas, html","java, power bi","You match these required skills: pandas, html. Skills you could improve: java, power bi. The internship is located in Delhi. Your education does not exactly match the listed requirement. You have less experience than the listed requirement."
9,Aditya,9,CloudWorks,Python Developer Intern,Kochi,28.57,8.46,40,100,50,"javascript, postgresql","power bi, aws, html","You match these required skills: javascript, postgresql. Skills you could improve: power bi, aws, html. The internship is located in Kochi. Your education does not exactly match the listed requirement. Your experience meets the required experience level."
9,Aditya,22,TechNova,Machine Learning Intern,Bangalore,28.57,8.46,40,100,50,"java, postgresql, pandas","python, mongodb, css","You match these required skills: java, postgresql, pandas. Skills you could improve: python, mongodb, css. The internship is located in Bangalore. Your education does not exactly match the listed requirement. Your experience meets the required experience level."
9,Aditya,25,InnoTech,Data Analyst Intern,Mumbai,28.57,8.46,40,100,50,"java, postgresql, javascript","html, aws, css","You match these required skills: java, postgresql, javascript. Skills you could improve: html, aws, css. The internship is located in Mumbai. Your education does not exactly match the listed requirement. Your experience meets the required experience level."
10,Meera,9,CloudWorks,Python Developer Intern,Kochi,28.57,8.46,40,100,50,"javascript, html","power bi, aws, postgresql","You match these required skills: javascript, html. Skills you could improve: power bi, aws, postgresql. The internship is located in Kochi. Your education does not exactly match the listed requirement. Your experience meets the required experience level."
10,Meera,27,NextGen Systems,Python Developer Intern,Mumbai,28.57,8.46,40,100,50,html,"machine learning, sql, power bi","You match these required skills: html. Skills you could improve: machine learning, sql, power bi. The internship is located in Mumbai. Your education does not exactly match the listed requirement. Your experience meets the required experience level."
11,Rohan,3,WebWorks,AI Engineering Intern,Bangalore,28.57,8.46,40,100,50,css,"react, power bi, mongodb, html","You match these required skills: css. Skills you could improve: react, power bi, mongodb, html. The internship is located in Bangalore. Your education does not exactly match the listed requirement. Your experience meets the required experience level."
11,Rohan,9,CloudWorks,Python Developer Intern,Kochi,28.57,8.46,40,100,50,javascript,"power bi, aws, html, postgresql","You match these required skills: javascript. Skills you could improve: power bi, aws, html, postgresql. The internship is located in Kochi. Your education does not exactly match the listed requirement. Your experience meets the required experience level."
11,Rohan,17,NextGen Systems,Backend Developer Intern,Bangalore,28.57,8.46,40,100,50,css,"postgresql, node.js, data analysis","You match these required skills: css. Skills you could improve: postgresql, node.js, data analysis. The internship is located in Bangalore. Your education does not exactly match the listed requirement. Your experience meets the required experience level."
11,Rohan,22,TechNova,Machine Learning Intern,Bangalore,28.57,8.46,40,100,50,"java, css","python, postgresql, pandas, mongodb","You match these required skills: java, css. Skills you could improve: python, postgresql, pandas, mongodb. The internship is located in Bangalore. Your education does not exactly match the listed requirement. Your experience meets the required experience level."
12,Pooja,11,ByteLabs,Cloud Engineering Intern,Mumbai,28.57,8.46,40,100,50,pandas,"postgresql, machine learning, power bi, css","You match these required skills: pandas. Skills you could improve: postgresql, machine learning, power bi, css. The internship is located in Mumbai. Your education does not exactly match the listed requirement. Your experience meets the required experience level."
16,Aishwarya,17,NextGen Systems,Backend Developer Intern,Bangalore,28.57,8.46,40,100,50,postgresql,"node.js, css, data analysis","You match these required skills: postgresql. Skills you could improve: node.js, css, data analysis. The internship is located in Bangalore. Your education does not exactly match the listed requirement. Your experience meets the required experience level."
16,Aishwarya,25,InnoTech,Data Analyst Intern,Mumbai,28.57,8.46,40,100,50,postgresql,"java, javascript, html, aws, css","You match these required skills: postgresql. Skills you could improve: java, javascript, html, aws, css. The internship is located in Mumbai. Your education does not exactly match the listed requirement. Your experience meets the required experience level."
16,Aishwarya,26,TechNova,Cloud Engineering Intern,Chennai,28.57,8.46,40,100,50,postgresql,"data analysis, machine learning, docker","You match these required skills: postgresql. Skills you could improve: data analysis, machine learning, docker. The internship is located in Chennai. Your education does not exactly match the listed requirement. Your experience meets the required experience level."
18,Kavya,3,WebWorks,AI Engineering Intern,Bangalore,28.57,8.46,40,100,50,react,"css, power bi, mongodb, html","You match these required skills: react. Skills you could improve: css, power bi, mongodb, html. The internship is located in Bangalore. Your education does not exactly match the listed requirement. Your experience meets the required experience level."
18,Kavya,9,CloudWorks,Python Developer Intern,Kochi,28.57,8.46,40,100,50,aws,"power bi, javascript, html, postgresql","You match these required skills: aws. Skills you could improve: power bi, javascript, html, postgresql. The internship is located in Kochi. Your education does not exactly match the listed requirement. Your experience meets the required experience level."
18,Kavya,22,TechNova,Machine Learning Intern,Bangalore,28.57,8.46,40,100,50,python,"java, postgresql, pandas, mongodb, css","You match these required skills: python. Skills you could improve: java, postgresql, pandas, mongodb, css. The internship is located in Bangalore. Your education does not exactly match the listed requirement. Your experience meets the required experience level."
18,Kavya,25,InnoTech,Data Analyst Intern,Mumbai,28.57,8.46,40,100,50,aws,"java, postgresql, javascript, html, css","You match these required skills: aws. Skills you could improve: java, postgresql, javascript, html, css. The internship is located in Mumbai. Your education does not exactly match the listed requirement. Your experience meets the required experience level."
25,Ritesh,9,CloudWorks,Python Developer Intern,Kochi,28.57,8.46,40,100,50,aws,"power bi, javascript, html, postgresql","You match these required skills: aws. Skills you could improve: power bi, javascript, html, postgresql. The internship is located in Kochi. Your education does not exactly match the listed requirement. Your experience meets the required experience level."
25,Ritesh,17,NextGen Systems,Backend Developer Intern,Bangalore,28.57,8.46,40,100,50,css,"postgresql, node.js, data analysis","You match these required skills: css. Skills you could improve: postgresql, node.js, data analysis. The internship is located in Bangalore. Your education does not exactly match the listed requirement. Your experience meets the required experience level."
31,Aman,9,CloudWorks,Python Developer Intern,Kochi,28.57,8.46,40,100,50,html,"power bi, javascript, aws, postgresql","You match these required skills: html. Skills you could improve: power bi, javascript, aws, postgresql. The internship is located in Kochi. Your education does not exactly match the listed requirement. Your experience meets the required experience level."
31,Aman,22,TechNova,Machine Learning Intern,Bangalore,28.57,8.46,40,100,50,mongodb,"java, python, postgresql, pandas, css","You match these required skills: mongodb. Skills you could improve: java, python, postgresql, pandas, css. The internship is located in Bangalore. Your education does not exactly match the listed requirement. Your experience meets the required experience level."
36,Anjali,3,WebWorks,AI Engineering Intern,Bangalore,28.57,8.46,40,100,50,react,"css, power bi, mongodb, html","You match these required skills: react. Skills you could improve: css, power bi, mongodb, html. The internship is located in Bangalore. Your education does not exactly match the listed requirement. Your experience meets the required experience level."
36,Anjali,17,NextGen Systems,Backend Developer Intern,Bangalore,28.57,8.46,40,100,50,postgresql,"node.js, css, data analysis","You match these required skills: postgresql. Skills you could improve: node.js, css, data analysis. The internship is located in Bangalore. Your education does not exactly match the listed requirement. Your experience meets the required experience level."
36,Anjali,26,TechNova,Cloud Engineering Intern,Chennai,28.57,8.46,40,100,50,postgresql,"data analysis, machine learning, docker","You match these required skills: postgresql. Skills you could improve: data analysis, machine learning, docker. The internship is located in Chennai. Your education does not exactly match the listed requirement. Your experience meets the required experience level."
38,Deepika,15,ByteLabs,Machine Learning Intern,Kochi,28.57,8.46,40,100,50,git,"postgresql, machine learning, aws, html, sql","You match these required skills: git. Skills you could improve: postgresql, machine learning, aws, html, sql. The internship is located in Kochi. Your education does not exactly match the listed requirement. Your experience meets the required experience level."
38,Deepika,30,DevCore,Cloud Engineering Intern,Bangalore,28.57,8.46,40,100,50,git,"html, node.js, machine learning, postgresql","You match these required skills: git. Skills you could improve: html, node.js, machine learning, postgresql. The internship is located in Bangalore. Your education does not exactly match the listed requirement. Your experience meets the required experience level."
41,Rohit,25,InnoTech,Data Analyst Intern,Mumbai,28.57,8.46,40,100,50,"java, javascript","postgresql, html, aws, css","You match these required skills: java, javascript. Skills you could improve: postgresql, html, aws, css. The internship is located in Mumbai. Your education does not exactly match the listed requirement. Your experience meets the required experience level."
42,Bhavana,27,NextGen Systems,Python Developer Intern,Mumbai,28.57,8.46,40,100,50,html,"machine learning, sql, power bi","You match these required skills: html. Skills you could improve: machine learning, sql, power bi. The internship is located in Mumbai. Your education does not exactly match the listed requirement. Your experience meets the required experience level."
47,Pranav,3,WebWorks,AI Engineering Intern,Bangalore,28.57,8.46,40,100,50,css,"react, power bi, mongodb, html","You match these required skills: css. Skills you could improve: react, power bi, mongodb, html. The internship is located in Bangalore. Your education does not exactly match the listed requirement. Your experience meets the required experience level."
47,Pranav,25,InnoTech,Data Analyst Intern,Mumbai,28.57,8.46,40,100,50,css,"java, postgresql, javascript, html, aws","You match these required skills: css. Skills you could improve: java, postgresql, javascript, html, aws. The internship is located in Mumbai. Your education does not exactly match the listed requirement. Your experience meets the required experience level."
7,Vivek,29,DataSphere,Full Stack Developer Intern,Kochi,28.52,12.54,40,0.0,100,javascript,"postgresql, html","You match these required skills: javascript. Skills you could improve: postgresql, html. The internship is located in Kochi. Your education matches the internship requirement. You have less experience than the listed requirement."
15,Nikhil,11,ByteLabs,Cloud Engineering Intern,Mumbai,28.52,12.54,40,0.0,100,pandas,"postgresql, machine learning, power bi, css","You match these required skills: pandas. Skills you could improve: postgresql, machine learning, power bi, css. The internship is located in Mumbai. Your education matches the internship requirement. You have less experience than the listed requirement."
15,Nikhil,30,DevCore,Cloud Engineering Intern,Bangalore,28.52,12.54,40,0.0,100,html,"node.js, machine learning, git, postgresql","You match these required skills: html. Skills you could improve: node.js, machine learning, git, postgresql. The internship is located in Bangalore. Your education matches the internship requirement. You have less experience than the listed requirement."
35,Dhanush,22,TechNova,Machine Learning Intern,Bangalore,28.22,7.87,40,100,50,pandas,"java, python, postgresql, mongodb, css","You match these required skills: pandas. Skills you could improve: java, python, postgresql, mongodb, css. The internship is located in Bangalore. Your education does not exactly match the listed requirement. Your experience meets the required experience level."
10,Meera,11,ByteLabs,Cloud Engineering Intern,Mumbai,28.17,7.78,40,100,50,css,"pandas, postgresql, machine learning, power bi","You match these required skills: css. Skills you could improve: pandas, postgresql, machine learning, power bi. The internship is located in Mumbai. Your education does not exactly match the listed requirement. Your experience meets the required experience level."
18,Kavya,28,WebWorks,Machine Learning Intern,Kochi,28.17,7.78,40,100,50,react,"css, power bi, machine learning, pandas","You match these required skills: react. Skills you could improve: css, power bi, machine learning, pandas. The internship is located in Kochi. Your education does not exactly match the listed requirement. Your experience meets the required experience level."
18,Kavya,30,DevCore,Cloud Engineering Intern,Bangalore,28.17,7.78,40,100,50,git,"html, node.js, machine learning, postgresql","You match these required skills: git. Skills you could improve: html, node.js, machine learning, postgresql. The internship is located in Bangalore. Your education does not exactly match the listed requirement. Your experience meets the required experience level."
36,Anjali,2,AI Labs,Full Stack Developer Intern,Mumbai,28.17,7.78,40,100,50,react,"aws, tensorflow, machine learning, node.js","You match these required skills: react. Skills you could improve: aws, tensorflow, machine learning, node.js. The internship is located in Mumbai. Your education does not exactly match the listed requirement. Your experience meets the required experience level."
36,Anjali,15,ByteLabs,Machine Learning Intern,Kochi,28.17,7.78,40,100,50,"postgresql, sql","git, machine learning, aws, html","You match these required skills: postgresql, sql. Skills you could improve: git, machine learning, aws, html. The internship is located in Kochi. Your education does not exactly match the listed requirement. Your experience meets the required experience level."
36,Anjali,28,WebWorks,Machine Learning Intern,Kochi,28.17,7.78,40,100,50,react,"css, power bi, machine learning, pandas","You match these required skills: react. Skills you could improve: css, power bi, machine learning, pandas. The internship is located in Kochi. Your education does not exactly match the listed requirement. Your experience meets the required experience level."
41,Rohit,11,ByteLabs,Cloud Engineering Intern,Mumbai,28.17,7.78,40,100,50,pandas,"postgresql, machine learning, power bi, css","You match these required skills: pandas. Skills you could improve: postgresql, machine learning, power bi, css. The internship is located in Mumbai. Your education does not exactly match the listed requirement. Your experience meets the required experience level."
42,Bhavana,11,ByteLabs,Cloud Engineering Intern,Mumbai,28.17,7.78,40,100,50,pandas,"postgresql, machine learning, power bi, css","You match these required skills: pandas. Skills you could improve: postgresql, machine learning, power bi, css. The internship is located in Mumbai. Your education does not exactly match the listed requirement. Your experience meets the required experience level."
42,Bhavana,15,ByteLabs,Machine Learning Intern,Kochi,28.17,7.78,40,100,50,html,"git, postgresql, machine learning, aws, sql","You match these required skills: html. Skills you could improve: git, postgresql, machine learning, aws, sql. The internship is located in Kochi. Your education does not exactly match the listed requirement. Your experience meets the required experience level."
49,Gaurav,30,DevCore,Cloud Engineering Intern,Bangalore,28.11,9.35,100,0.0,50,"html, postgresql","node.js, machine learning, git","You match these required skills: html, postgresql. Skills you could improve: node.js, machine learning, git. The internship location matches your preferred location. Your education does not exactly match the listed requirement. You have less experience than the listed requirement."
13,Akash,29,DataSphere,Full Stack Developer Intern,Kochi,28.0,11.67,40,0.0,100,javascript,"postgresql, html","You match these required skills: javascript. Skills you could improve: postgresql, html. The internship is located in Kochi. Your education matches the internship requirement. You have less experience than the listed requirement."
50,Sowmya,22,TechNova,Machine Learning Intern,Bangalore,27.94,7.4,40,100,50,mongodb,"java, python, postgresql, pandas, css","You match these required skills: mongodb. Skills you could improve: java, python, postgresql, pandas, css. The internship is located in Bangalore. Your education does not exactly match the listed requirement. Your experience meets the required experience level."
50,Sowmya,25,InnoTech,Data Analyst Intern,Mumbai,27.94,7.4,40,100,50,aws,"java, postgresql, javascript, html, css","You match these required skills: aws. Skills you could improve: java, postgresql, javascript, html, css. The internship is located in Mumbai. Your education does not exactly match the listed requirement. Your experience meets the required experience level."
22,Shreya,27,NextGen Systems,Python Developer Intern,Mumbai,27.91,11.52,40,0.0,100,html,"machine learning, sql, power bi","You match these required skills: html. Skills you could improve: machine learning, sql, power bi. The internship is located in Mumbai. Your education matches the internship requirement. You have less experience than the listed requirement."
23,Harsh,9,CloudWorks,Python Developer Intern,Kochi,27.91,11.52,40,0.0,100,javascript,"power bi, aws, html, postgresql","You match these required skills: javascript. Skills you could improve: power bi, aws, html, postgresql. The internship is located in Kochi. Your education matches the internship requirement. You have less experience than the listed requirement."
25,Ritesh,21,ByteLabs,Backend Developer Intern,Chennai,27.85,7.24,40,100,50,react,"data analysis, power bi, node.js, docker","You match these required skills: react. Skills you could improve: data analysis, power bi, node.js, docker. The internship is located in Chennai. Your education does not exactly match the listed requirement. Your experience meets the required experience level."
36,Anjali,21,ByteLabs,Backend Developer Intern,Chennai,27.85,7.24,40,100,50,react,"data analysis, power bi, node.js, docker","You match these required skills: react. Skills you could improve: data analysis, power bi, node.js, docker. The internship is located in Chennai. Your education does not exactly match the listed requirement. Your experience meets the required experience level."
21,Manish,5,WebWorks,Frontend Developer Intern,Hyderabad,27.77,23.79,40,0.0,50,"css, postgresql",data analysis,"You match these required skills: css, postgresql. Skills you could improve: data analysis. The internship is located in Hyderabad. Your education does not exactly match the listed requirement. You have less experience than the listed requirement."
21,Manish,19,ByteLabs,Web Development Intern,Delhi,27.77,23.79,40,0.0,50,"react, aws, sql",pandas,"You match these required skills: react, aws, sql. Skills you could improve: pandas. The internship is located in Delhi. Your education does not exactly match the listed requirement. You have less experience than the listed requirement."
49,Gaurav,16,CodeCraft,Data Analyst Intern,Kochi,27.74,11.23,40,0.0,100,html,"node.js, java, javascript","You match these required skills: html. Skills you could improve: node.js, java, javascript. The internship is located in Kochi. Your education matches the internship requirement. You have less experience than the listed requirement."
40,Lakshmi,17,NextGen Systems,Backend Developer Intern,Bangalore,27.57,8.46,100,0.0,50,css,"postgresql, node.js, data analysis","You match these required skills: css. Skills you could improve: postgresql, node.js, data analysis. The internship location matches your preferred location. Your education does not exactly match the listed requirement. You have less experience than the listed requirement."
19,Sahil,8,DataSphere,Python Developer Intern,Kochi,27.54,15.06,40,50.0,50,"java, html","postgresql, node.js","You match these required skills: java, html. Skills you could improve: postgresql, node.js. The internship is located in Kochi. Your education does not exactly match the listed requirement. You have less experience than the listed requirement."
3,Priya,18,NextGen Systems,Frontend Developer Intern,Delhi,27.5,0.0,100,50.0,50,,"java, git, postgresql, docker","Your current skills have limited overlap with the required skills. Skills you could improve: java, git, postgresql, docker. The internship location matches your preferred location. Your education does not exactly match the listed requirement. You have less experience than the listed requirement."
26,Swathi,5,WebWorks,Frontend Developer Intern,Hyderabad,27.5,0.0,100,50.0,50,,"css, data analysis, postgresql","Your current skills have limited overlap with the required skills. Skills you could improve: css, data analysis, postgresql. The internship location matches your preferred location. Your education does not exactly match the listed requirement. You have less experience than the listed requirement."
31,Aman,11,ByteLabs,Cloud Engineering Intern,Mumbai,27.5,0.0,100,50.0,50,,"pandas, postgresql, machine learning, power bi, css","Your current skills have limited overlap with the required skills. Skills you could improve: pandas, postgresql, machine learning, power bi, css. The internship location matches your preferred location. Your education does not exactly match the listed requirement. You have less experience than the listed requirement."
37,Surya,11,ByteLabs,Cloud Engineering Intern,Mumbai,27.5,0.0,100,50.0,50,,"pandas, postgresql, machine learning, power bi, css","Your current skills have limited overlap with the required skills. Skills you could improve: pandas, postgresql, machine learning, power bi, css. The internship location matches your preferred location. Your education does not exactly match the listed requirement. You have less experience than the listed requirement."
21,Manish,18,NextGen Systems,Frontend Developer Intern,Delhi,27.36,10.6,40,0.0,100,postgresql,"java, git, docker","You match these required skills: postgresql. Skills you could improve: java, git, docker. The internship is located in Delhi. Your education matches the internship requirement. You have less experience than the listed requirement."
49,Gaurav,9,CloudWorks,Python Developer Intern,Kochi,27.1,10.16,40,0.0,100,"html, postgresql","power bi, javascript, aws","You match these required skills: html, postgresql. Skills you could improve: power bi, javascript, aws. The internship is located in Kochi. Your education matches the internship requirement. You have less experience than the listed requirement."
49,Gaurav,25,InnoTech,Data Analyst Intern,Mumbai,27.1,10.16,40,0.0,100,"postgresql, html","java, javascript, aws, css","You match these required skills: postgresql, html. Skills you could improve: java, javascript, aws, css. The internship is located in Mumbai. Your education matches the internship requirement. You have less experience than the listed requirement."
43,Darshan,17,NextGen Systems,Backend Developer Intern,Bangalore,27.05,22.58,40,0.0,50,node.js,"postgresql, css, data analysis","You match these required skills: node.js. Skills you could improve: postgresql, css, data analysis. The internship is located in Bangalore. Your education does not exactly match the listed requirement. You have less experience than the listed requirement."
49,Gaurav,27,NextGen Systems,Python Developer Intern,Mumbai,27.05,22.58,40,0.0,50,"sql, html","machine learning, power bi","You match these required skills: sql, html. Skills you could improve: machine learning, power bi. The internship is located in Mumbai. Your education does not exactly match the listed requirement. You have less experience than the listed requirement."
13,Akash,5,WebWorks,Frontend Developer Intern,Hyderabad,26.72,22.03,40,0.0,50,data analysis,"css, postgresql","You match these required skills: data analysis. Skills you could improve: css, postgresql. The internship is located in Hyderabad. Your education does not exactly match the listed requirement. You have less experience than the listed requirement."
22,Shreya,21,ByteLabs,Backend Developer Intern,Chennai,26.72,22.03,40,0.0,50,data analysis,"power bi, node.js, react, docker","You match these required skills: data analysis. Skills you could improve: power bi, node.js, react, docker. The internship is located in Chennai. Your education does not exactly match the listed requirement. You have less experience than the listed requirement."
23,Harsh,21,ByteLabs,Backend Developer Intern,Chennai,26.72,22.03,40,0.0,50,data analysis,"power bi, node.js, react, docker","You match these required skills: data analysis. Skills you could improve: power bi, node.js, react, docker. The internship is located in Chennai. Your education does not exactly match the listed requirement. You have less experience than the listed requirement."
4,Ananya,4,ByteLabs,Full Stack Developer Intern,Pune,26.68,13.63,40,50.0,50,"python, postgresql",java,"You match these required skills: python, postgresql. Skills you could improve: java. The internship is located in Pune. Your education does not exactly match the listed requirement. You have less experience than the listed requirement."
8,Sneha,17,NextGen Systems,Backend Developer Intern,Bangalore,26.68,13.63,40,50.0,50,postgresql,"node.js, css, data analysis","You match these required skills: postgresql. Skills you could improve: node.js, css, data analysis. The internship is located in Bangalore. Your education does not exactly match the listed requirement. You have less experience than the listed requirement."
8,Sneha,25,InnoTech,Data Analyst Intern,Mumbai,26.68,13.63,40,50.0,50,postgresql,"java, javascript, html, aws, css","You match these required skills: postgresql. Skills you could improve: java, javascript, html, aws, css. The internship is located in Mumbai. Your education does not exactly match the listed requirement. You have less experience than the listed requirement."
7,Vivek,14,ByteLabs,Web Development Intern,Delhi,26.61,9.35,40,0.0,100,java,"power bi, pandas, html","You match these required skills: java. Skills you could improve: power bi, pandas, html. The internship is located in Delhi. Your education matches the internship requirement. You have less experience than the listed requirement."
21,Manish,8,DataSphere,Python Developer Intern,Kochi,26.61,9.35,40,0.0,100,postgresql,"java, html, node.js","You match these required skills: postgresql. Skills you could improve: java, html, node.js. The internship is located in Kochi. Your education matches the internship requirement. You have less experience than the listed requirement."
26,Swathi,8,DataSphere,Python Developer Intern,Kochi,26.14,12.74,40,50.0,50,java,"postgresql, html, node.js","You match these required skills: java. Skills you could improve: postgresql, html, node.js. The internship is located in Kochi. Your education does not exactly match the listed requirement. You have less experience than the listed requirement."
37,Surya,18,NextGen Systems,Frontend Developer Intern,Delhi,26.14,12.74,40,50.0,50,"java, git","postgresql, docker","You match these required skills: java, git. Skills you could improve: postgresql, docker. The internship is located in Delhi. Your education does not exactly match the listed requirement. You have less experience than the listed requirement."
7,Vivek,3,WebWorks,AI Engineering Intern,Bangalore,26.07,8.46,40,0.0,100,css,"react, power bi, mongodb, html","You match these required skills: css. Skills you could improve: react, power bi, mongodb, html. The internship is located in Bangalore. Your education matches the internship requirement. You have less experience than the listed requirement."
8,Sneha,15,ByteLabs,Machine Learning Intern,Kochi,26.02,12.54,40,50.0,50,"postgresql, sql","git, machine learning, aws, html","You match these required skills: postgresql, sql. Skills you could improve: git, machine learning, aws, html. The internship is located in Kochi. Your education does not exactly match the listed requirement. You have less experience than the listed requirement."
8,Sneha,28,WebWorks,Machine Learning Intern,Kochi,26.02,12.54,40,50.0,50,pandas,"react, css, power bi, machine learning","You match these required skills: pandas. Skills you could improve: react, css, power bi, machine learning. The internship is located in Kochi. Your education does not exactly match the listed requirement. You have less experience than the listed requirement."
4,Ananya,8,DataSphere,Python Developer Intern,Kochi,26.0,0.0,40,50.0,100,postgresql,"java, html, node.js","You match these required skills: postgresql. Skills you could improve: java, html, node.js. The internship is located in Kochi. Your education matches the internship requirement. You have less experience than the listed requirement."
4,Ananya,18,NextGen Systems,Frontend Developer Intern,Delhi,26.0,0.0,40,50.0,100,postgresql,"java, git, docker","You match these required skills: postgresql. Skills you could improve: java, git, docker. The internship is located in Delhi. Your education matches the internship requirement. You have less experience than the listed requirement."
19,Sahil,4,ByteLabs,Full Stack Developer Intern,Pune,26.0,0.0,40,50.0,100,java,"python, postgresql","You match these required skills: java. Skills you could improve: python, postgresql. The internship is located in Pune. Your education matches the internship requirement. You have less experience than the listed requirement."
19,Sahil,28,WebWorks,Machine Learning Intern,Kochi,26.0,0.0,40,50.0,100,,"react, css, power bi, machine learning, pandas","Your current skills have limited overlap with the required skills. Skills you could improve: react, css, power bi, machine learning, pandas. The internship is located in Kochi. Your education matches the internship requirement. You have less experience than the listed requirement."
24,Nandini,4,ByteLabs,Full Stack Developer Intern,Pune,26.0,0.0,40,50.0,100,,"python, java, postgresql","Your current skills have limited overlap with the required skills. Skills you could improve: python, java, postgresql. The internship is located in Pune. Your education matches the internship requirement. You have less experience than the listed requirement."
26,Swathi,20,InnoTech,Software Engineering Intern,Bangalore,26.0,0.0,40,50.0,100,,"html, sql, mongodb, tensorflow","Your current skills have limited overlap with the required skills. Skills you could improve: html, sql, mongodb, tensorflow. The internship is located in Bangalore. Your education matches the internship requirement. You have less experience than the listed requirement."
31,Aman,5,WebWorks,Frontend Developer Intern,Hyderabad,26.0,0.0,40,50.0,100,,"css, data analysis, postgresql","Your current skills have limited overlap with the required skills. Skills you could improve: css, data analysis, postgresql. The internship is located in Hyderabad. Your education matches the internship requirement. You have less experience than the listed requirement."
35,Dhanush,8,DataSphere,Python Developer Intern,Kochi,26.0,0.0,40,50.0,100,,"java, postgresql, html, node.js","Your current skills have limited overlap with the required skills. Skills you could improve: java, postgresql, html, node.js. The internship is located in Kochi. Your education matches the internship requirement. You have less experience than the listed requirement."
37,Surya,4,ByteLabs,Full Stack Developer Intern,Pune,26.0,0.0,40,50.0,100,java,"python, postgresql","You match these required skills: java. Skills you could improve: python, postgresql. The internship is located in Pune. Your education matches the internship requirement. You have less experience than the listed requirement."
37,Surya,28,WebWorks,Machine Learning Intern,Kochi,26.0,0.0,40,50.0,100,,"react, css, power bi, machine learning, pandas","Your current skills have limited overlap with the required skills. Skills you could improve: react, css, power bi, machine learning, pandas. The internship is located in Kochi. Your education matches the internship requirement. You have less experience than the listed requirement."
7,Vivek,16,CodeCraft,Data Analyst Intern,Kochi,25.87,20.61,40,0.0,50,"java, javascript","node.js, html","You match these required skills: java, javascript. Skills you could improve: node.js, html. The internship is located in Kochi. Your education does not exactly match the listed requirement. You have less experience than the listed requirement."
21,Manish,14,ByteLabs,Web Development Intern,Delhi,25.87,20.61,40,0.0,50,power bi,"java, pandas, html","You match these required skills: power bi. Skills you could improve: java, pandas, html. The internship is located in Delhi. Your education does not exactly match the listed requirement. You have less experience than the listed requirement."
49,Gaurav,15,ByteLabs,Machine Learning Intern,Kochi,25.87,20.61,40,0.0,50,"postgresql, html, sql","git, machine learning, aws","You match these required skills: postgresql, html, sql. Skills you could improve: git, machine learning, aws. The internship is located in Kochi. Your education does not exactly match the listed requirement. You have less experience than the listed requirement."
49,Gaurav,28,WebWorks,Machine Learning Intern,Kochi,25.87,20.61,40,0.0,50,"react, pandas","css, power bi, machine learning","You match these required skills: react, pandas. Skills you could improve: css, power bi, machine learning. The internship is located in Kochi. Your education does not exactly match the listed requirement. You have less experience than the listed requirement."
21,Manish,30,DevCore,Cloud Engineering Intern,Bangalore,25.67,7.78,40,0.0,100,postgresql,"html, node.js, machine learning, git","You match these required skills: postgresql. Skills you could improve: html, node.js, machine learning, git. The internship is located in Bangalore. Your education matches the internship requirement. You have less experience than the listed requirement."
2,Arjun,4,ByteLabs,Full Stack Developer Intern,Pune,25.62,20.2,40,0.0,50,java,"python, postgresql","You match these required skills: java. Skills you could improve: python, postgresql. The internship is located in Pune. Your education does not exactly match the listed requirement. You have less experience than the listed requirement."
15,Nikhil,29,DataSphere,Full Stack Developer Intern,Kochi,25.62,20.2,40,0.0,50,html,"postgresql, javascript","You match these required skills: html. Skills you could improve: postgresql, javascript. The internship is located in Kochi. Your education does not exactly match the listed requirement. You have less experience than the listed requirement."
3,Priya,20,InnoTech,Software Engineering Intern,Bangalore,25.41,11.52,40,50.0,50,html,"sql, mongodb, tensorflow","You match these required skills: html. Skills you could improve: sql, mongodb, tensorflow. The internship is located in Bangalore. Your education does not exactly match the listed requirement. You have less experience than the listed requirement."
24,Nandini,20,InnoTech,Software Engineering Intern,Bangalore,25.41,11.52,40,50.0,50,tensorflow,"html, sql, mongodb","You match these required skills: tensorflow. Skills you could improve: html, sql, mongodb. The internship is located in Bangalore. Your education does not exactly match the listed requirement. You have less experience than the listed requirement."
26,Swathi,25,InnoTech,Data Analyst Intern,Mumbai,25.41,11.52,40,50.0,50,"java, javascript","postgresql, html, aws, css","You match these required skills: java, javascript. Skills you could improve: postgresql, html, aws, css. The internship is located in Mumbai. Your education does not exactly match the listed requirement. You have less experience than the listed requirement."
46,Manya,8,DataSphere,Python Developer Intern,Kochi,25.24,11.23,40,50.0,50,"java, postgresql","html, node.js","You match these required skills: java, postgresql. Skills you could improve: html, node.js. The internship is located in Kochi. Your education does not exactly match the listed requirement. You have less experience than the listed requirement."
13,Akash,8,DataSphere,Python Developer Intern,Kochi,24.95,19.09,40,0.0,50,"java, node.js","postgresql, html","You match these required skills: java, node.js. Skills you could improve: postgresql, html. The internship is located in Kochi. Your education does not exactly match the listed requirement. You have less experience than the listed requirement."
43,Darshan,21,ByteLabs,Backend Developer Intern,Chennai,24.95,19.09,40,0.0,50,node.js,"data analysis, power bi, react, docker","You match these required skills: node.js. Skills you could improve: data analysis, power bi, react, docker. The internship is located in Chennai. Your education does not exactly match the listed requirement. You have less experience than the listed requirement."
1,Rahul,11,ByteLabs,Cloud Engineering Intern,Mumbai,24.86,10.6,40,50.0,50,pandas,"postgresql, machine learning, power bi, css","You match these required skills: pandas. Skills you could improve: postgresql, machine learning, power bi, css. The internship is located in Mumbai. Your education does not exactly match the listed requirement. You have less experience than the listed requirement."
1,Rahul,28,WebWorks,Machine Learning Intern,Kochi,24.86,10.6,40,50.0,50,pandas,"react, css, power bi, machine learning","You match these required skills: pandas. Skills you could improve: react, css, power bi, machine learning. The internship is located in Kochi. Your education does not exactly match the listed requirement. You have less experience than the listed requirement."
3,Priya,8,DataSphere,Python Developer Intern,Kochi,24.6,10.16,40,50.0,50,html,"java, postgresql, node.js","You match these required skills: html. Skills you could improve: java, postgresql, node.js. The internship is located in Kochi. Your education does not exactly match the listed requirement. You have less experience than the listed requirement."
44,Sakshi,25,InnoTech,Data Analyst Intern,Mumbai,24.6,10.16,40,50.0,50,aws,"java, postgresql, javascript, html, css","You match these required skills: aws. Skills you could improve: java, postgresql, javascript, html, css. The internship is located in Mumbai. Your education does not exactly match the listed requirement. You have less experience than the listed requirement."
46,Manya,25,InnoTech,Data Analyst Intern,Mumbai,24.6,10.16,40,50.0,50,"java, postgresql, javascript","html, aws, css","You match these required skills: java, postgresql, javascript. Skills you could improve: html, aws, css. The internship is located in Mumbai. Your education does not exactly match the listed requirement. You have less experience than the listed requirement."
21,Manish,17,NextGen Systems,Backend Developer Intern,Bangalore,24.57,18.44,40,0.0,50,"postgresql, css","node.js, data analysis","You match these required skills: postgresql, css. Skills you could improve: node.js, data analysis. The internship is located in Bangalore. Your education does not exactly match the listed requirement. You have less experience than the listed requirement."
21,Manish,27,NextGen Systems,Python Developer Intern,Mumbai,24.57,18.44,40,0.0,50,"sql, power bi","machine learning, html","You match these required skills: sql, power bi. Skills you could improve: machine learning, html. The internship is located in Mumbai. Your education does not exactly match the listed requirement. You have less experience than the listed requirement."
40,Lakshmi,9,CloudWorks,Python Developer Intern,Kochi,24.57,18.44,40,0.0,50,power bi,"javascript, aws, html, postgresql","You match these required skills: power bi. Skills you could improve: javascript, aws, html, postgresql. The internship is located in Kochi. Your education does not exactly match the listed requirement. You have less experience than the listed requirement."
40,Lakshmi,26,TechNova,Cloud Engineering Intern,Chennai,24.57,18.44,40,0.0,50,machine learning,"data analysis, postgresql, docker","You match these required skills: machine learning. Skills you could improve: data analysis, postgresql, docker. The internship is located in Chennai. Your education does not exactly match the listed requirement. You have less experience than the listed requirement."
44,Sakshi,15,ByteLabs,Machine Learning Intern,Kochi,24.11,9.35,40,50.0,50,aws,"git, postgresql, machine learning, html, sql","You match these required skills: aws. Skills you could improve: git, postgresql, machine learning, html, sql. The internship is located in Kochi. Your education does not exactly match the listed requirement. You have less experience than the listed requirement."
44,Sakshi,28,WebWorks,Machine Learning Intern,Kochi,24.11,9.35,40,50.0,50,react,"css, power bi, machine learning, pandas","You match these required skills: react. Skills you could improve: css, power bi, machine learning, pandas. The internship is located in Kochi. Your education does not exactly match the listed requirement. You have less experience than the listed requirement."
3,Priya,25,InnoTech,Data Analyst Intern,Mumbai,24.02,9.19,40,50.0,50,html,"java, postgresql, javascript, aws, css","You match these required skills: html. Skills you could improve: java, postgresql, javascript, aws, css. The internship is located in Mumbai. Your education does not exactly match the listed requirement. You have less experience than the listed requirement."
2,Arjun,1,CloudWorks,Cloud Engineering Intern,Pune,23.75,17.08,40,0.0,50,java,"aws, postgresql, pandas","You match these required skills: java. Skills you could improve: aws, postgresql, pandas. The internship is located in Pune. Your education does not exactly match the listed requirement. You have less experience than the listed requirement."
2,Arjun,5,WebWorks,Frontend Developer Intern,Hyderabad,23.75,17.08,40,0.0,50,css,"data analysis, postgresql","You match these required skills: css. Skills you could improve: data analysis, postgresql. The internship is located in Hyderabad. Your education does not exactly match the listed requirement. You have less experience than the listed requirement."
2,Arjun,18,NextGen Systems,Frontend Developer Intern,Delhi,23.75,17.08,40,0.0,50,java,"git, postgresql, docker","You match these required skills: java. Skills you could improve: git, postgresql, docker. The internship is located in Delhi. Your education does not exactly match the listed requirement. You have less experience than the listed requirement."
13,Akash,27,NextGen Systems,Python Developer Intern,Mumbai,23.75,17.08,40,0.0,50,power bi,"machine learning, sql, html","You match these required skills: power bi. Skills you could improve: machine learning, sql, html. The internship is located in Mumbai. Your education does not exactly match the listed requirement. You have less experience than the listed requirement."
15,Nikhil,1,CloudWorks,Cloud Engineering Intern,Pune,23.75,17.08,40,0.0,50,pandas,"aws, postgresql, java","You match these required skills: pandas. Skills you could improve: aws, postgresql, java. The internship is located in Pune. Your education does not exactly match the listed requirement. You have less experience than the listed requirement."
15,Nikhil,20,InnoTech,Software Engineering Intern,Bangalore,23.75,17.08,40,0.0,50,html,"sql, mongodb, tensorflow","You match these required skills: html. Skills you could improve: sql, mongodb, tensorflow. The internship is located in Bangalore. Your education does not exactly match the listed requirement. You have less experience than the listed requirement."
22,Shreya,7,AI Labs,Python Developer Intern,Bangalore,23.75,17.08,40,0.0,50,html,"python, pandas","You match these required skills: html. Skills you could improve: python, pandas. The internship is located in Bangalore. Your education does not exactly match the listed requirement. You have less experience than the listed requirement."
22,Shreya,29,DataSphere,Full Stack Developer Intern,Kochi,23.75,17.08,40,0.0,50,html,"postgresql, javascript","You match these required skills: html. Skills you could improve: postgresql, javascript. The internship is located in Kochi. Your education does not exactly match the listed requirement. You have less experience than the listed requirement."
23,Harsh,4,ByteLabs,Full Stack Developer Intern,Pune,23.75,17.08,40,0.0,50,java,"python, postgresql","You match these required skills: java. Skills you could improve: python, postgresql. The internship is located in Pune. Your education does not exactly match the listed requirement. You have less experience than the listed requirement."
23,Harsh,29,DataSphere,Full Stack Developer Intern,Kochi,23.75,17.08,40,0.0,50,javascript,"postgresql, html","You match these required skills: javascript. Skills you could improve: postgresql, html. The internship is located in Kochi. Your education does not exactly match the listed requirement. You have less experience than the listed requirement."
7,Vivek,15,ByteLabs,Machine Learning Intern,Kochi,23.6,16.84,40,0.0,50,machine learning,"git, postgresql, aws, html, sql","You match these required skills: machine learning. Skills you could improve: git, postgresql, aws, html, sql. The internship is located in Kochi. Your education does not exactly match the listed requirement. You have less experience than the listed requirement."
7,Vivek,30,DevCore,Cloud Engineering Intern,Bangalore,23.6,16.84,40,0.0,50,machine learning,"html, node.js, git, postgresql","You match these required skills: machine learning. Skills you could improve: html, node.js, git, postgresql. The internship is located in Bangalore. Your education does not exactly match the listed requirement. You have less experience than the listed requirement."
21,Manish,15,ByteLabs,Machine Learning Intern,Kochi,23.6,16.84,40,0.0,50,"postgresql, aws, sql","git, machine learning, html","You match these required skills: postgresql, aws, sql. Skills you could improve: git, machine learning, html. The internship is located in Kochi. Your education does not exactly match the listed requirement. You have less experience than the listed requirement."
4,Ananya,15,ByteLabs,Machine Learning Intern,Kochi,23.57,8.46,40,50.0,50,"postgresql, sql","git, machine learning, aws, html","You match these required skills: postgresql, sql. Skills you could improve: git, machine learning, aws, html. The internship is located in Kochi. Your education does not exactly match the listed requirement. You have less experience than the listed requirement."
4,Ananya,28,WebWorks,Machine Learning Intern,Kochi,23.57,8.46,40,50.0,50,pandas,"react, css, power bi, machine learning","You match these required skills: pandas. Skills you could improve: react, css, power bi, machine learning. The internship is located in Kochi. Your education does not exactly match the listed requirement. You have less experience than the listed requirement."
1,Rahul,3,WebWorks,AI Engineering Intern,Bangalore,23.5,0.0,40,100,50,,"react, css, power bi, mongodb, html","Your current skills have limited overlap with the required skills. Skills you could improve: react, css, power bi, mongodb, html. The internship is located in Bangalore. Your education does not exactly match the listed requirement. Your experience meets the required experience level."
1,Rahul,6,WebWorks,Data Analyst Intern,Kochi,23.5,0.0,40,100,50,,"javascript, docker, machine learning, node.js, power bi","Your current skills have limited overlap with the required skills. Skills you could improve: javascript, docker, machine learning, node.js, power bi. The internship is located in Kochi. Your education does not exactly match the listed requirement. Your experience meets the required experience level."
1,Rahul,9,CloudWorks,Python Developer Intern,Kochi,23.5,0.0,40,100,50,,"power bi, javascript, aws, html, postgresql","Your current skills have limited overlap with the required skills. Skills you could improve: power bi, javascript, aws, html, postgresql. The internship is located in Kochi. Your education does not exactly match the listed requirement. Your experience meets the required experience level."
1,Rahul,16,CodeCraft,Data Analyst Intern,Kochi,23.5,0.0,40,100,50,,"node.js, java, javascript, html","Your current skills have limited overlap with the required skills. Skills you could improve: node.js, java, javascript, html. The internship is located in Kochi. Your education does not exactly match the listed requirement. Your experience meets the required experience level."
1,Rahul,24,DevCore,Web Development Intern,Kochi,23.5,0.0,40,100,50,,"aws, javascript, java","Your current skills have limited overlap with the required skills. Skills you could improve: aws, javascript, java. The internship is located in Kochi. Your education does not exactly match the listed requirement. Your experience meets the required experience level."
1,Rahul,29,DataSphere,Full Stack Developer Intern,Kochi,23.5,0.0,40,100,50,,"postgresql, javascript, html","Your current skills have limited overlap with the required skills. Skills you could improve: postgresql, javascript, html. The internship is located in Kochi. Your education does not exactly match the listed requirement. Your experience meets the required experience level."
1,Rahul,30,DevCore,Cloud Engineering Intern,Bangalore,23.5,0.0,40,100,50,,"html, node.js, machine learning, git, postgresql","Your current skills have limited overlap with the required skills. Skills you could improve: html, node.js, machine learning, git, postgresql. The internship is located in Bangalore. Your education does not exactly match the listed requirement. Your experience meets the required experience level."
2,Arjun,2,AI Labs,Full Stack Developer Intern,Mumbai,23.5,0.0,40,100,50,,"aws, tensorflow, machine learning, node.js, react","Your current skills have limited overlap with the required skills. Skills you could improve: aws, tensorflow, machine learning, node.js, react. The internship is located in Mumbai. Your education does not exactly match the listed requirement. Your experience meets the required experience level."
2,Arjun,13,NextGen Systems,Software Engineering Intern,Pune,23.5,0.0,40,100,50,javascript,"machine learning, aws, docker, node.js","You match these required skills: javascript. Skills you could improve: machine learning, aws, docker, node.js. The internship is located in Pune. Your education does not exactly match the listed requirement. Your experience meets the required experience level."
3,Priya,1,CloudWorks,Cloud Engineering Intern,Pune,23.5,0.0,40,100,50,,"aws, postgresql, pandas, java","Your current skills have limited overlap with the required skills. Skills you could improve: aws, postgresql, pandas, java. The internship is located in Pune. Your education does not exactly match the listed requirement. Your experience meets the required experience level."
3,Priya,23,NextGen Systems,Cloud Engineering Intern,Pune,23.5,0.0,40,100,50,,"sql, java, docker","Your current skills have limited overlap with the required skills. Skills you could improve: sql, java, docker. The internship is located in Pune. Your education does not exactly match the listed requirement. Your experience meets the required experience level."
3,Priya,24,DevCore,Web Development Intern,Kochi,23.5,0.0,40,100,50,,"aws, javascript, java","Your current skills have limited overlap with the required skills. Skills you could improve: aws, javascript, java. The internship is located in Kochi. Your education does not exactly match the listed requirement. Your experience meets the required experience level."
4,Ananya,2,AI Labs,Full Stack Developer Intern,Mumbai,23.5,0.0,40,100,50,,"aws, tensorflow, machine learning, node.js, react","Your current skills have limited overlap with the required skills. Skills you could improve: aws, tensorflow, machine learning, node.js, react. The internship is located in Mumbai. Your education does not exactly match the listed requirement. Your experience meets the required experience level."
4,Ananya,9,CloudWorks,Python Developer Intern,Kochi,23.5,0.0,40,100,50,postgresql,"power bi, javascript, aws, html","You match these required skills: postgresql. Skills you could improve: power bi, javascript, aws, html. The internship is located in Kochi. Your education does not exactly match the listed requirement. Your experience meets the required experience level."
4,Ananya,13,NextGen Systems,Software Engineering Intern,Pune,23.5,0.0,40,100,50,,"machine learning, aws, javascript, docker, node.js","Your current skills have limited overlap with the required skills. Skills you could improve: machine learning, aws, javascript, docker, node.js. The internship is located in Pune. Your education does not exactly match the listed requirement. Your experience meets the required experience level."
4,Ananya,16,CodeCraft,Data Analyst Intern,Kochi,23.5,0.0,40,100,50,,"node.js, java, javascript, html","Your current skills have limited overlap with the required skills. Skills you could improve: node.js, java, javascript, html. The internship is located in Kochi. Your education does not exactly match the listed requirement. Your experience meets the required experience level."
4,Ananya,24,DevCore,Web Development Intern,Kochi,23.5,0.0,40,100,50,,"aws, javascript, java","Your current skills have limited overlap with the required skills. Skills you could improve: aws, javascript, java. The internship is located in Kochi. Your education does not exactly match the listed requirement. Your experience meets the required experience level."
4,Ananya,29,DataSphere,Full Stack Developer Intern,Kochi,23.5,0.0,40,100,50,postgresql,"javascript, html","You match these required skills: postgresql. Skills you could improve: javascript, html. The internship is located in Kochi. Your education does not exactly match the listed requirement. Your experience meets the required experience level."
5,Kiran,4,ByteLabs,Full Stack Developer Intern,Pune,23.5,0.0,40,100,50,java,"python, postgresql","You match these required skills: java. Skills you could improve: python, postgresql. The internship is located in Pune. Your education does not exactly match the listed requirement. Your experience meets the required experience level."
5,Kiran,5,WebWorks,Frontend Developer Intern,Hyderabad,23.5,0.0,40,100,50,,"css, data analysis, postgresql","Your current skills have limited overlap with the required skills. Skills you could improve: css, data analysis, postgresql. The internship is located in Hyderabad. Your education does not exactly match the listed requirement. Your experience meets the required experience level."
5,Kiran,8,DataSphere,Python Developer Intern,Kochi,23.5,0.0,40,100,50,java,"postgresql, html, node.js","You match these required skills: java. Skills you could improve: postgresql, html, node.js. The internship is located in Kochi. Your education does not exactly match the listed requirement. Your experience meets the required experience level."
5,Kiran,10,CodeCraft,Cloud Engineering Intern,Chennai,23.5,0.0,40,100,50,,"css, html, tensorflow, power bi","Your current skills have limited overlap with the required skills. Skills you could improve: css, html, tensorflow, power bi. The internship is located in Chennai. Your education does not exactly match the listed requirement. Your experience meets the required experience level."
5,Kiran,11,ByteLabs,Cloud Engineering Intern,Mumbai,23.5,0.0,40,100,50,,"pandas, postgresql, machine learning, power bi, css","Your current skills have limited overlap with the required skills. Skills you could improve: pandas, postgresql, machine learning, power bi, css. The internship is located in Mumbai. Your education does not exactly match the listed requirement. Your experience meets the required experience level."
5,Kiran,12,CloudWorks,Full Stack Developer Intern,Hyderabad,23.5,0.0,40,100,50,,"css, sql, python, aws","Your current skills have limited overlap with the required skills. Skills you could improve: css, sql, python, aws. The internship is located in Hyderabad. Your education does not exactly match the listed requirement. Your experience meets the required experience level."
5,Kiran,14,ByteLabs,Web Development Intern,Delhi,23.5,0.0,40,100,50,java,"power bi, pandas, html","You match these required skills: java. Skills you could improve: power bi, pandas, html. The internship is located in Delhi. Your education does not exactly match the listed requirement. Your experience meets the required experience level."
5,Kiran,15,ByteLabs,Machine Learning Intern,Kochi,23.5,0.0,40,100,50,,"git, postgresql, machine learning, aws, html, sql","Your current skills have limited overlap with the required skills. Skills you could improve: git, postgresql, machine learning, aws, html, sql. The internship is located in Kochi. Your education does not exactly match the listed requirement. Your experience meets the required experience level."
5,Kiran,20,InnoTech,Software Engineering Intern,Bangalore,23.5,0.0,40,100,50,,"html, sql, mongodb, tensorflow","Your current skills have limited overlap with the required skills. Skills you could improve: html, sql, mongodb, tensorflow. The internship is located in Bangalore. Your education does not exactly match the listed requirement. Your experience meets the required experience level."
5,Kiran,27,NextGen Systems,Python Developer Intern,Mumbai,23.5,0.0,40,100,50,,"machine learning, sql, html, power bi","Your current skills have limited overlap with the required skills. Skills you could improve: machine learning, sql, html, power bi. The internship is located in Mumbai. Your education does not exactly match the listed requirement. Your experience meets the required experience level."
5,Kiran,30,DevCore,Cloud Engineering Intern,Bangalore,23.5,0.0,40,100,50,,"html, node.js, machine learning, git, postgresql","Your current skills have limited overlap with the required skills. Skills you could improve: html, node.js, machine learning, git, postgresql. The internship is located in Bangalore. Your education does not exactly match the listed requirement. Your experience meets the required experience level."
8,Sneha,2,AI Labs,Full Stack Developer Intern,Mumbai,23.5,0.0,40,100,50,,"aws, tensorflow, machine learning, node.js, react","Your current skills have limited overlap with the required skills. Skills you could improve: aws, tensorflow, machine learning, node.js, react. The internship is located in Mumbai. Your education does not exactly match the listed requirement. Your experience meets the required experience level."
8,Sneha,3,WebWorks,AI Engineering Intern,Bangalore,23.5,0.0,40,100,50,,"react, css, power bi, mongodb, html","Your current skills have limited overlap with the required skills. Skills you could improve: react, css, power bi, mongodb, html. The internship is located in Bangalore. Your education does not exactly match the listed requirement. Your experience meets the required experience level."
8,Sneha,10,CodeCraft,Cloud Engineering Intern,Chennai,23.5,0.0,40,100,50,,"css, html, tensorflow, power bi","Your current skills have limited overlap with the required skills. Skills you could improve: css, html, tensorflow, power bi. The internship is located in Chennai. Your education does not exactly match the listed requirement. Your experience meets the required experience level."
8,Sneha,12,CloudWorks,Full Stack Developer Intern,Hyderabad,23.5,0.0,40,100,50,sql,"css, python, aws","You match these required skills: sql. Skills you could improve: css, python, aws. The internship is located in Hyderabad. Your education does not exactly match the listed requirement. Your experience meets the required experience level."
8,Sneha,16,CodeCraft,Data Analyst Intern,Kochi,23.5,0.0,40,100,50,,"node.js, java, javascript, html","Your current skills have limited overlap with the required skills. Skills you could improve: node.js, java, javascript, html. The internship is located in Kochi. Your education does not exactly match the listed requirement. Your experience meets the required experience level."
8,Sneha,24,DevCore,Web Development Intern,Kochi,23.5,0.0,40,100,50,,"aws, javascript, java","Your current skills have limited overlap with the required skills. Skills you could improve: aws, javascript, java. The internship is located in Kochi. Your education does not exactly match the listed requirement. Your experience meets the required experience level."
8,Sneha,27,NextGen Systems,Python Developer Intern,Mumbai,23.5,0.0,40,100,50,sql,"machine learning, html, power bi","You match these required skills: sql. Skills you could improve: machine learning, html, power bi. The internship is located in Mumbai. Your education does not exactly match the listed requirement. Your experience meets the required experience level."
9,Aditya,3,WebWorks,AI Engineering Intern,Bangalore,23.5,0.0,40,100,50,,"react, css, power bi, mongodb, html","Your current skills have limited overlap with the required skills. Skills you could improve: react, css, power bi, mongodb, html. The internship is located in Bangalore. Your education does not exactly match the listed requirement. Your experience meets the required experience level."
9,Aditya,8,DataSphere,Python Developer Intern,Kochi,23.5,0.0,40,100,50,"java, postgresql","html, node.js","You match these required skills: java, postgresql. Skills you could improve: html, node.js. The internship is located in Kochi. Your education does not exactly match the listed requirement. Your experience meets the required experience level."
9,Aditya,18,NextGen Systems,Frontend Developer Intern,Delhi,23.5,0.0,40,100,50,"java, postgresql","git, docker","You match these required skills: java, postgresql. Skills you could improve: git, docker. The internship is located in Delhi. Your education does not exactly match the listed requirement. Your experience meets the required experience level."
10,Meera,2,AI Labs,Full Stack Developer Intern,Mumbai,23.5,0.0,40,100,50,,"aws, tensorflow, machine learning, node.js, react","Your current skills have limited overlap with the required skills. Skills you could improve: aws, tensorflow, machine learning, node.js, react. The internship is located in Mumbai. Your education does not exactly match the listed requirement. Your experience meets the required experience level."
10,Meera,6,WebWorks,Data Analyst Intern,Kochi,23.5,0.0,40,100,50,javascript,"docker, machine learning, node.js, power bi","You match these required skills: javascript. Skills you could improve: docker, machine learning, node.js, power bi. The internship is located in Kochi. Your education does not exactly match the listed requirement. Your experience meets the required experience level."
10,Meera,13,NextGen Systems,Software Engineering Intern,Pune,23.5,0.0,40,100,50,javascript,"machine learning, aws, docker, node.js","You match these required skills: javascript. Skills you could improve: machine learning, aws, docker, node.js. The internship is located in Pune. Your education does not exactly match the listed requirement. Your experience meets the required experience level."
10,Meera,19,ByteLabs,Web Development Intern,Delhi,23.5,0.0,40,100,50,,"react, aws, sql, pandas","Your current skills have limited overlap with the required skills. Skills you could improve: react, aws, sql, pandas. The internship is located in Delhi. Your education does not exactly match the listed requirement. Your experience meets the required experience level."
11,Rohan,1,CloudWorks,Cloud Engineering Intern,Pune,23.5,0.0,40,100,50,java,"aws, postgresql, pandas","You match these required skills: java. Skills you could improve: aws, postgresql, pandas. The internship is located in Pune. Your education does not exactly match the listed requirement. Your experience meets the required experience level."
11,Rohan,7,AI Labs,Python Developer Intern,Bangalore,23.5,0.0,40,100,50,,"python, pandas, html","Your current skills have limited overlap with the required skills. Skills you could improve: python, pandas, html. The internship is located in Bangalore. Your education does not exactly match the listed requirement. Your experience meets the required experience level."
11,Rohan,8,DataSphere,Python Developer Intern,Kochi,23.5,0.0,40,100,50,java,"postgresql, html, node.js","You match these required skills: java. Skills you could improve: postgresql, html, node.js. The internship is located in Kochi. Your education does not exactly match the listed requirement. Your experience meets the required experience level."
11,Rohan,21,ByteLabs,Backend Developer Intern,Chennai,23.5,0.0,40,100,50,,"data analysis, power bi, node.js, react, docker","Your current skills have limited overlap with the required skills. Skills you could improve: data analysis, power bi, node.js, react, docker. The internship is located in Chennai. Your education does not exactly match the listed requirement. Your experience meets the required experience level."
11,Rohan,23,NextGen Systems,Cloud Engineering Intern,Pune,23.5,0.0,40,100,50,java,"sql, docker","You match these required skills: java. Skills you could improve: sql, docker. The internship is located in Pune. Your education does not exactly match the listed requirement. Your experience meets the required experience level."
12,Pooja,3,WebWorks,AI Engineering Intern,Bangalore,23.5,0.0,40,100,50,,"react, css, power bi, mongodb, html","Your current skills have limited overlap with the required skills. Skills you could improve: react, css, power bi, mongodb, html. The internship is located in Bangalore. Your education does not exactly match the listed requirement. Your experience meets the required experience level."
12,Pooja,9,CloudWorks,Python Developer Intern,Kochi,23.5,0.0,40,100,50,,"power bi, javascript, aws, html, postgresql","Your current skills have limited overlap with the required skills. Skills you could improve: power bi, javascript, aws, html, postgresql. The internship is located in Kochi. Your education does not exactly match the listed requirement. Your experience meets the required experience level."
12,Pooja,10,CodeCraft,Cloud Engineering Intern,Chennai,23.5,0.0,40,100,50,,"css, html, tensorflow, power bi","Your current skills have limited overlap with the required skills. Skills you could improve: css, html, tensorflow, power bi. The internship is located in Chennai. Your education does not exactly match the listed requirement. Your experience meets the required experience level."
12,Pooja,12,CloudWorks,Full Stack Developer Intern,Hyderabad,23.5,0.0,40,100,50,,"css, sql, python, aws","Your current skills have limited overlap with the required skills. Skills you could improve: css, sql, python, aws. The internship is located in Hyderabad. Your education does not exactly match the listed requirement. Your experience meets the required experience level."
12,Pooja,20,InnoTech,Software Engineering Intern,Bangalore,23.5,0.0,40,100,50,,"html, sql, mongodb, tensorflow","Your current skills have limited overlap with the required skills. Skills you could improve: html, sql, mongodb, tensorflow. The internship is located in Bangalore. Your education does not exactly match the listed requirement. Your experience meets the required experience level."
12,Pooja,23,NextGen Systems,Cloud Engineering Intern,Pune,23.5,0.0,40,100,50,,"sql, java, docker","Your current skills have limited overlap with the required skills. Skills you could improve: sql, java, docker. The internship is located in Pune. Your education does not exactly match the listed requirement. Your experience meets the required experience level."
12,Pooja,24,DevCore,Web Development Intern,Kochi,23.5,0.0,40,100,50,,"aws, javascript, java","Your current skills have limited overlap with the required skills. Skills you could improve: aws, javascript, java. The internship is located in Kochi. Your education does not exactly match the listed requirement. Your experience meets the required experience level."
12,Pooja,25,InnoTech,Data Analyst Intern,Mumbai,23.5,0.0,40,100,50,,"java, postgresql, javascript, html, aws, css","Your current skills have limited overlap with the required skills. Skills you could improve: java, postgresql, javascript, html, aws, css. The internship is located in Mumbai. Your education does not exactly match the listed requirement. Your experience meets the required experience level."
12,Pooja,27,NextGen Systems,Python Developer Intern,Mumbai,23.5,0.0,40,100,50,,"machine learning, sql, html, power bi","Your current skills have limited overlap with the required skills. Skills you could improve: machine learning, sql, html, power bi. The internship is located in Mumbai. Your education does not exactly match the listed requirement. Your experience meets the required experience level."
12,Pooja,29,DataSphere,Full Stack Developer Intern,Kochi,23.5,0.0,40,100,50,,"postgresql, javascript, html","Your current skills have limited overlap with the required skills. Skills you could improve: postgresql, javascript, html. The internship is located in Kochi. Your education does not exactly match the listed requirement. Your experience meets the required experience level."
13,Akash,23,NextGen Systems,Cloud Engineering Intern,Pune,23.5,0.0,40,100,50,java,"sql, docker","You match these required skills: java. Skills you could improve: sql, docker. The internship is located in Pune. Your education does not exactly match the listed requirement. Your experience meets the required experience level."
14,Divya,1,CloudWorks,Cloud Engineering Intern,Pune,23.5,0.0,40,100,50,java,"aws, postgresql, pandas","You match these required skills: java. Skills you could improve: aws, postgresql, pandas. The internship is located in Pune. Your education does not exactly match the listed requirement. Your experience meets the required experience level."
14,Divya,2,AI Labs,Full Stack Developer Intern,Mumbai,23.5,0.0,40,100,50,,"aws, tensorflow, machine learning, node.js, react","Your current skills have limited overlap with the required skills. Skills you could improve: aws, tensorflow, machine learning, node.js, react. The internship is located in Mumbai. Your education does not exactly match the listed requirement. Your experience meets the required experience level."
14,Divya,4,ByteLabs,Full Stack Developer Intern,Pune,23.5,0.0,40,100,50,java,"python, postgresql","You match these required skills: java. Skills you could improve: python, postgresql. The internship is located in Pune. Your education does not exactly match the listed requirement. Your experience meets the required experience level."
14,Divya,5,WebWorks,Frontend Developer Intern,Hyderabad,23.5,0.0,40,100,50,,"css, data analysis, postgresql","Your current skills have limited overlap with the required skills. Skills you could improve: css, data analysis, postgresql. The internship is located in Hyderabad. Your education does not exactly match the listed requirement. Your experience meets the required experience level."
14,Divya,12,CloudWorks,Full Stack Developer Intern,Hyderabad,23.5,0.0,40,100,50,,"css, sql, python, aws","Your current skills have limited overlap with the required skills. Skills you could improve: css, sql, python, aws. The internship is located in Hyderabad. Your education does not exactly match the listed requirement. Your experience meets the required experience level."
14,Divya,17,NextGen Systems,Backend Developer Intern,Bangalore,23.5,0.0,40,100,50,,"postgresql, node.js, css, data analysis","Your current skills have limited overlap with the required skills. Skills you could improve: postgresql, node.js, css, data analysis. The internship is located in Bangalore. Your education does not exactly match the listed requirement. Your experience meets the required experience level."
14,Divya,19,ByteLabs,Web Development Intern,Delhi,23.5,0.0,40,100,50,,"react, aws, sql, pandas","Your current skills have limited overlap with the required skills. Skills you could improve: react, aws, sql, pandas. The internship is located in Delhi. Your education does not exactly match the listed requirement. Your experience meets the required experience level."
15,Nikhil,12,CloudWorks,Full Stack Developer Intern,Hyderabad,23.5,0.0,40,100,50,,"css, sql, python, aws","Your current skills have limited overlap with the required skills. Skills you could improve: css, sql, python, aws. The internship is located in Hyderabad. Your education does not exactly match the listed requirement. Your experience meets the required experience level."
15,Nikhil,13,NextGen Systems,Software Engineering Intern,Pune,23.5,0.0,40,100,50,,"machine learning, aws, javascript, docker, node.js","Your current skills have limited overlap with the required skills. Skills you could improve: machine learning, aws, javascript, docker, node.js. The internship is located in Pune. Your education does not exactly match the listed requirement. Your experience meets the required experience level."
15,Nikhil,23,NextGen Systems,Cloud Engineering Intern,Pune,23.5,0.0,40,100,50,,"sql, java, docker","Your current skills have limited overlap with the required skills. Skills you could improve: sql, java, docker. The internship is located in Pune. Your education does not exactly match the listed requirement. Your experience meets the required experience level."
15,Nikhil,24,DevCore,Web Development Intern,Kochi,23.5,0.0,40,100,50,,"aws, javascript, java","Your current skills have limited overlap with the required skills. Skills you could improve: aws, javascript, java. The internship is located in Kochi. Your education does not exactly match the listed requirement. Your experience meets the required experience level."
16,Aishwarya,2,AI Labs,Full Stack Developer Intern,Mumbai,23.5,0.0,40,100,50,,"aws, tensorflow, machine learning, node.js, react","Your current skills have limited overlap with the required skills. Skills you could improve: aws, tensorflow, machine learning, node.js, react. The internship is located in Mumbai. Your education does not exactly match the listed requirement. Your experience meets the required experience level."
16,Aishwarya,13,NextGen Systems,Software Engineering Intern,Pune,23.5,0.0,40,100,50,,"machine learning, aws, javascript, docker, node.js","Your current skills have limited overlap with the required skills. Skills you could improve: machine learning, aws, javascript, docker, node.js. The internship is located in Pune. Your education does not exactly match the listed requirement. Your experience meets the required experience level."
16,Aishwarya,16,CodeCraft,Data Analyst Intern,Kochi,23.5,0.0,40,100,50,,"node.js, java, javascript, html","Your current skills have limited overlap with the required skills. Skills you could improve: node.js, java, javascript, html. The internship is located in Kochi. Your education does not exactly match the listed requirement. Your experience meets the required experience level."
16,Aishwarya,24,DevCore,Web Development Intern,Kochi,23.5,0.0,40,100,50,,"aws, javascript, java","Your current skills have limited overlap with the required skills. Skills you could improve: aws, javascript, java. The internship is located in Kochi. Your education does not exactly match the listed requirement. Your experience meets the required experience level."
17,Varun,4,ByteLabs,Full Stack Developer Intern,Pune,23.5,0.0,40,100,50,postgresql,"python, java","You match these required skills: postgresql. Skills you could improve: python, java. The internship is located in Pune. Your education does not exactly match the listed requirement. Your experience meets the required experience level."
17,Varun,5,WebWorks,Frontend Developer Intern,Hyderabad,23.5,0.0,40,100,50,postgresql,"css, data analysis","You match these required skills: postgresql. Skills you could improve: css, data analysis. The internship is located in Hyderabad. Your education does not exactly match the listed requirement. Your experience meets the required experience level."
17,Varun,26,TechNova,Cloud Engineering Intern,Chennai,23.5,0.0,40,100,50,postgresql,"data analysis, machine learning, docker","You match these required skills: postgresql. Skills you could improve: data analysis, machine learning, docker. The internship is located in Chennai. Your education does not exactly match the listed requirement. Your experience meets the required experience level."
17,Varun,29,DataSphere,Full Stack Developer Intern,Kochi,23.5,0.0,40,100,50,postgresql,"javascript, html","You match these required skills: postgresql. Skills you could improve: javascript, html. The internship is located in Kochi. Your education does not exactly match the listed requirement. Your experience meets the required experience level."
18,Kavya,6,WebWorks,Data Analyst Intern,Kochi,23.5,0.0,40,100,50,,"javascript, docker, machine learning, node.js, power bi","Your current skills have limited overlap with the required skills. Skills you could improve: javascript, docker, machine learning, node.js, power bi. The internship is located in Kochi. Your education does not exactly match the listed requirement. Your experience meets the required experience level."
18,Kavya,8,DataSphere,Python Developer Intern,Kochi,23.5,0.0,40,100,50,,"java, postgresql, html, node.js","Your current skills have limited overlap with the required skills. Skills you could improve: java, postgresql, html, node.js. The internship is located in Kochi. Your education does not exactly match the listed requirement. Your experience meets the required experience level."
18,Kavya,11,ByteLabs,Cloud Engineering Intern,Mumbai,23.5,0.0,40,100,50,,"pandas, postgresql, machine learning, power bi, css","Your current skills have limited overlap with the required skills. Skills you could improve: pandas, postgresql, machine learning, power bi, css. The internship is located in Mumbai. Your education does not exactly match the listed requirement. Your experience meets the required experience level."
18,Kavya,14,ByteLabs,Web Development Intern,Delhi,23.5,0.0,40,100,50,,"java, power bi, pandas, html","Your current skills have limited overlap with the required skills. Skills you could improve: java, power bi, pandas, html. The internship is located in Delhi. Your education does not exactly match the listed requirement. Your experience meets the required experience level."
18,Kavya,16,CodeCraft,Data Analyst Intern,Kochi,23.5,0.0,40,100,50,,"node.js, java, javascript, html","Your current skills have limited overlap with the required skills. Skills you could improve: node.js, java, javascript, html. The internship is located in Kochi. Your education does not exactly match the listed requirement. Your experience meets the required experience level."
18,Kavya,20,InnoTech,Software Engineering Intern,Bangalore,23.5,0.0,40,100,50,,"html, sql, mongodb, tensorflow","Your current skills have limited overlap with the required skills. Skills you could improve: html, sql, mongodb, tensorflow. The internship is located in Bangalore. Your education does not exactly match the listed requirement. Your experience meets the required experience level."
18,Kavya,29,DataSphere,Full Stack Developer Intern,Kochi,23.5,0.0,40,100,50,,"postgresql, javascript, html","Your current skills have limited overlap with the required skills. Skills you could improve: postgresql, javascript, html. The internship is located in Kochi. Your education does not exactly match the listed requirement. Your experience meets the required experience level."
19,Sahil,1,CloudWorks,Cloud Engineering Intern,Pune,23.5,0.0,40,100,50,java,"aws, postgresql, pandas","You match these required skills: java. Skills you could improve: aws, postgresql, pandas. The internship is located in Pune. Your education does not exactly match the listed requirement. Your experience meets the required experience level."
19,Sahil,12,CloudWorks,Full Stack Developer Intern,Hyderabad,23.5,0.0,40,100,50,,"css, sql, python, aws","Your current skills have limited overlap with the required skills. Skills you could improve: css, sql, python, aws. The internship is located in Hyderabad. Your education does not exactly match the listed requirement. Your experience meets the required experience level."
19,Sahil,19,ByteLabs,Web Development Intern,Delhi,23.5,0.0,40,100,50,,"react, aws, sql, pandas","Your current skills have limited overlap with the required skills. Skills you could improve: react, aws, sql, pandas. The internship is located in Delhi. Your education does not exactly match the listed requirement. Your experience meets the required experience level."
19,Sahil,22,TechNova,Machine Learning Intern,Bangalore,23.5,0.0,40,100,50,java,"python, postgresql, pandas, mongodb, css","You match these required skills: java. Skills you could improve: python, postgresql, pandas, mongodb, css. The internship is located in Bangalore. Your education does not exactly match the listed requirement. Your experience meets the required experience level."
19,Sahil,23,NextGen Systems,Cloud Engineering Intern,Pune,23.5,0.0,40,100,50,java,"sql, docker","You match these required skills: java. Skills you could improve: sql, docker. The internship is located in Pune. Your education does not exactly match the listed requirement. Your experience meets the required experience level."
20,Isha,5,WebWorks,Frontend Developer Intern,Hyderabad,23.5,0.0,40,100,50,,"css, data analysis, postgresql","Your current skills have limited overlap with the required skills. Skills you could improve: css, data analysis, postgresql. The internship is located in Hyderabad. Your education does not exactly match the listed requirement. Your experience meets the required experience level."
20,Isha,12,CloudWorks,Full Stack Developer Intern,Hyderabad,23.5,0.0,40,100,50,,"css, sql, python, aws","Your current skills have limited overlap with the required skills. Skills you could improve: css, sql, python, aws. The internship is located in Hyderabad. Your education does not exactly match the listed requirement. Your experience meets the required experience level."
20,Isha,16,CodeCraft,Data Analyst Intern,Kochi,23.5,0.0,40,100,50,,"node.js, java, javascript, html","Your current skills have limited overlap with the required skills. Skills you could improve: node.js, java, javascript, html. The internship is located in Kochi. Your education does not exactly match the listed requirement. Your experience meets the required experience level."
20,Isha,17,NextGen Systems,Backend Developer Intern,Bangalore,23.5,0.0,40,100,50,,"postgresql, node.js, css, data analysis","Your current skills have limited overlap with the required skills. Skills you could improve: postgresql, node.js, css, data analysis. The internship is located in Bangalore. Your education does not exactly match the listed requirement. Your experience meets the required experience level."
20,Isha,24,DevCore,Web Development Intern,Kochi,23.5,0.0,40,100,50,,"aws, javascript, java","Your current skills have limited overlap with the required skills. Skills you could improve: aws, javascript, java. The internship is located in Kochi. Your education does not exactly match the listed requirement. Your experience meets the required experience level."
20,Isha,25,InnoTech,Data Analyst Intern,Mumbai,23.5,0.0,40,100,50,,"java, postgresql, javascript, html, aws, css","Your current skills have limited overlap with the required skills. Skills you could improve: java, postgresql, javascript, html, aws, css. The internship is located in Mumbai. Your education does not exactly match the listed requirement. Your experience meets the required experience level."
20,Isha,29,DataSphere,Full Stack Developer Intern,Kochi,23.5,0.0,40,100,50,,"postgresql, javascript, html","Your current skills have limited overlap with the required skills. Skills you could improve: postgresql, javascript, html. The internship is located in Kochi. Your education does not exactly match the listed requirement. Your experience meets the required experience level."
22,Shreya,24,DevCore,Web Development Intern,Kochi,23.5,0.0,40,100,50,,"aws, javascript, java","Your current skills have limited overlap with the required skills. Skills you could improve: aws, javascript, java. The internship is located in Kochi. Your education does not exactly match the listed requirement. Your experience meets the required experience level."
23,Harsh,2,AI Labs,Full Stack Developer Intern,Mumbai,23.5,0.0,40,100,50,,"aws, tensorflow, machine learning, node.js, react","Your current skills have limited overlap with the required skills. Skills you could improve: aws, tensorflow, machine learning, node.js, react. The internship is located in Mumbai. Your education does not exactly match the listed requirement. Your experience meets the required experience level."
23,Harsh,10,CodeCraft,Cloud Engineering Intern,Chennai,23.5,0.0,40,100,50,,"css, html, tensorflow, power bi","Your current skills have limited overlap with the required skills. Skills you could improve: css, html, tensorflow, power bi. The internship is located in Chennai. Your education does not exactly match the listed requirement. Your experience meets the required experience level."
23,Harsh,12,CloudWorks,Full Stack Developer Intern,Hyderabad,23.5,0.0,40,100,50,,"css, sql, python, aws","Your current skills have limited overlap with the required skills. Skills you could improve: css, sql, python, aws. The internship is located in Hyderabad. Your education does not exactly match the listed requirement. Your experience meets the required experience level."
24,Nandini,3,WebWorks,AI Engineering Intern,Bangalore,23.5,0.0,40,100,50,,"react, css, power bi, mongodb, html","Your current skills have limited overlap with the required skills. Skills you could improve: react, css, power bi, mongodb, html. The internship is located in Bangalore. Your education does not exactly match the listed requirement. Your experience meets the required experience level."
24,Nandini,12,CloudWorks,Full Stack Developer Intern,Hyderabad,23.5,0.0,40,100,50,,"css, sql, python, aws","Your current skills have limited overlap with the required skills. Skills you could improve: css, sql, python, aws. The internship is located in Hyderabad. Your education does not exactly match the listed requirement. Your experience meets the required experience level."
24,Nandini,23,NextGen Systems,Cloud Engineering Intern,Pune,23.5,0.0,40,100,50,,"sql, java, docker","Your current skills have limited overlap with the required skills. Skills you could improve: sql, java, docker. The internship is located in Pune. Your education does not exactly match the listed requirement. Your experience meets the required experience level."
25,Ritesh,4,ByteLabs,Full Stack Developer Intern,Pune,23.5,0.0,40,100,50,,"python, java, postgresql","Your current skills have limited overlap with the required skills. Skills you could improve: python, java, postgresql. The internship is located in Pune. Your education does not exactly match the listed requirement. Your experience meets the required experience level."
25,Ritesh,7,AI Labs,Python Developer Intern,Bangalore,23.5,0.0,40,100,50,,"python, pandas, html","Your current skills have limited overlap with the required skills. Skills you could improve: python, pandas, html. The internship is located in Bangalore. Your education does not exactly match the listed requirement. Your experience meets the required experience level."
25,Ritesh,8,DataSphere,Python Developer Intern,Kochi,23.5,0.0,40,100,50,,"java, postgresql, html, node.js","Your current skills have limited overlap with the required skills. Skills you could improve: java, postgresql, html, node.js. The internship is located in Kochi. Your education does not exactly match the listed requirement. Your experience meets the required experience level."
25,Ritesh,16,CodeCraft,Data Analyst Intern,Kochi,23.5,0.0,40,100,50,,"node.js, java, javascript, html","Your current skills have limited overlap with the required skills. Skills you could improve: node.js, java, javascript, html. The internship is located in Kochi. Your education does not exactly match the listed requirement. Your experience meets the required experience level."
25,Ritesh,29,DataSphere,Full Stack Developer Intern,Kochi,23.5,0.0,40,100,50,,"postgresql, javascript, html","Your current skills have limited overlap with the required skills. Skills you could improve: postgresql, javascript, html. The internship is located in Kochi. Your education does not exactly match the listed requirement. Your experience meets the required experience level."
26,Swathi,2,AI Labs,Full Stack Developer Intern,Mumbai,23.5,0.0,40,100,50,,"aws, tensorflow, machine learning, node.js, react","Your current skills have limited overlap with the required skills. Skills you could improve: aws, tensorflow, machine learning, node.js, react. The internship is located in Mumbai. Your education does not exactly match the listed requirement. Your experience meets the required experience level."
26,Swathi,7,AI Labs,Python Developer Intern,Bangalore,23.5,0.0,40,100,50,,"python, pandas, html","Your current skills have limited overlap with the required skills. Skills you could improve: python, pandas, html. The internship is located in Bangalore. Your education does not exactly match the listed requirement. Your experience meets the required experience level."
26,Swathi,9,CloudWorks,Python Developer Intern,Kochi,23.5,0.0,40,100,50,javascript,"power bi, aws, html, postgresql","You match these required skills: javascript. Skills you could improve: power bi, aws, html, postgresql. The internship is located in Kochi. Your education does not exactly match the listed requirement. Your experience meets the required experience level."
26,Swathi,10,CodeCraft,Cloud Engineering Intern,Chennai,23.5,0.0,40,100,50,,"css, html, tensorflow, power bi","Your current skills have limited overlap with the required skills. Skills you could improve: css, html, tensorflow, power bi. The internship is located in Chennai. Your education does not exactly match the listed requirement. Your experience meets the required experience level."
26,Swathi,19,ByteLabs,Web Development Intern,Delhi,23.5,0.0,40,100,50,,"react, aws, sql, pandas","Your current skills have limited overlap with the required skills. Skills you could improve: react, aws, sql, pandas. The internship is located in Delhi. Your education does not exactly match the listed requirement. Your experience meets the required experience level."
26,Swathi,27,NextGen Systems,Python Developer Intern,Mumbai,23.5,0.0,40,100,50,,"machine learning, sql, html, power bi","Your current skills have limited overlap with the required skills. Skills you could improve: machine learning, sql, html, power bi. The internship is located in Mumbai. Your education does not exactly match the listed requirement. Your experience meets the required experience level."
26,Swathi,30,DevCore,Cloud Engineering Intern,Bangalore,23.5,0.0,40,100,50,,"html, node.js, machine learning, git, postgresql","Your current skills have limited overlap with the required skills. Skills you could improve: html, node.js, machine learning, git, postgresql. The internship is located in Bangalore. Your education does not exactly match the listed requirement. Your experience meets the required experience level."
27,Abhishek,12,CloudWorks,Full Stack Developer Intern,Hyderabad,23.5,0.0,40,100,50,sql,"css, python, aws","You match these required skills: sql. Skills you could improve: css, python, aws. The internship is located in Hyderabad. Your education does not exactly match the listed requirement. Your experience meets the required experience level."
27,Abhishek,19,ByteLabs,Web Development Intern,Delhi,23.5,0.0,40,100,50,sql,"react, aws, pandas","You match these required skills: sql. Skills you could improve: react, aws, pandas. The internship is located in Delhi. Your education does not exactly match the listed requirement. Your experience meets the required experience level."
27,Abhishek,23,NextGen Systems,Cloud Engineering Intern,Pune,23.5,0.0,40,100,50,sql,"java, docker","You match these required skills: sql. Skills you could improve: java, docker. The internship is located in Pune. Your education does not exactly match the listed requirement. Your experience meets the required experience level."
27,Abhishek,24,DevCore,Web Development Intern,Kochi,23.5,0.0,40,100,50,,"aws, javascript, java","Your current skills have limited overlap with the required skills. Skills you could improve: aws, javascript, java. The internship is located in Kochi. Your education does not exactly match the listed requirement. Your experience meets the required experience level."
28,Tanvi,12,CloudWorks,Full Stack Developer Intern,Hyderabad,23.5,0.0,40,100,50,sql,"css, python, aws","You match these required skills: sql. Skills you could improve: css, python, aws. The internship is located in Hyderabad. Your education does not exactly match the listed requirement. Your experience meets the required experience level."
28,Tanvi,23,NextGen Systems,Cloud Engineering Intern,Pune,23.5,0.0,40,100,50,"sql, java",docker,"You match these required skills: sql, java. Skills you could improve: docker. The internship is located in Pune. Your education does not exactly match the listed requirement. Your experience meets the required experience level."
29,Yash,1,CloudWorks,Cloud Engineering Intern,Pune,23.5,0.0,40,100,50,"postgresql, java","aws, pandas","You match these required skills: postgresql, java. Skills you could improve: aws, pandas. The internship is located in Pune. Your education does not exactly match the listed requirement. Your experience meets the required experience level."
29,Yash,2,AI Labs,Full Stack Developer Intern,Mumbai,23.5,0.0,40,100,50,,"aws, tensorflow, machine learning, node.js, react","Your current skills have limited overlap with the required skills. Skills you could improve: aws, tensorflow, machine learning, node.js, react. The internship is located in Mumbai. Your education does not exactly match the listed requirement. Your experience meets the required experience level."
29,Yash,3,WebWorks,AI Engineering Intern,Bangalore,23.5,0.0,40,100,50,,"react, css, power bi, mongodb, html","Your current skills have limited overlap with the required skills. Skills you could improve: react, css, power bi, mongodb, html. The internship is located in Bangalore. Your education does not exactly match the listed requirement. Your experience meets the required experience level."
29,Yash,7,AI Labs,Python Developer Intern,Bangalore,23.5,0.0,40,100,50,,"python, pandas, html","Your current skills have limited overlap with the required skills. Skills you could improve: python, pandas, html. The internship is located in Bangalore. Your education does not exactly match the listed requirement. Your experience meets the required experience level."
29,Yash,8,DataSphere,Python Developer Intern,Kochi,23.5,0.0,40,100,50,"java, postgresql","html, node.js","You match these required skills: java, postgresql. Skills you could improve: html, node.js. The internship is located in Kochi. Your education does not exactly match the listed requirement. Your experience meets the required experience level."
29,Yash,10,CodeCraft,Cloud Engineering Intern,Chennai,23.5,0.0,40,100,50,,"css, html, tensorflow, power bi","Your current skills have limited overlap with the required skills. Skills you could improve: css, html, tensorflow, power bi. The internship is located in Chennai. Your education does not exactly match the listed requirement. Your experience meets the required experience level."
29,Yash,11,ByteLabs,Cloud Engineering Intern,Mumbai,23.5,0.0,40,100,50,postgresql,"pandas, machine learning, power bi, css","You match these required skills: postgresql. Skills you could improve: pandas, machine learning, power bi, css. The internship is located in Mumbai. Your education does not exactly match the listed requirement. Your experience meets the required experience level."
29,Yash,22,TechNova,Machine Learning Intern,Bangalore,23.5,0.0,40,100,50,"java, postgresql","python, pandas, mongodb, css","You match these required skills: java, postgresql. Skills you could improve: python, pandas, mongodb, css. The internship is located in Bangalore. Your education does not exactly match the listed requirement. Your experience meets the required experience level."
29,Yash,30,DevCore,Cloud Engineering Intern,Bangalore,23.5,0.0,40,100,50,postgresql,"html, node.js, machine learning, git","You match these required skills: postgresql. Skills you could improve: html, node.js, machine learning, git. The internship is located in Bangalore. Your education does not exactly match the listed requirement. Your experience meets the required experience level."
30,Pallavi,2,AI Labs,Full Stack Developer Intern,Mumbai,23.5,0.0,40,100,50,,"aws, tensorflow, machine learning, node.js, react","Your current skills have limited overlap with the required skills. Skills you could improve: aws, tensorflow, machine learning, node.js, react. The internship is located in Mumbai. Your education does not exactly match the listed requirement. Your experience meets the required experience level."
30,Pallavi,5,WebWorks,Frontend Developer Intern,Hyderabad,23.5,0.0,40,100,50,postgresql,"css, data analysis","You match these required skills: postgresql. Skills you could improve: css, data analysis. The internship is located in Hyderabad. Your education does not exactly match the listed requirement. Your experience meets the required experience level."
30,Pallavi,9,CloudWorks,Python Developer Intern,Kochi,23.5,0.0,40,100,50,"javascript, postgresql","power bi, aws, html","You match these required skills: javascript, postgresql. Skills you could improve: power bi, aws, html. The internship is located in Kochi. Your education does not exactly match the listed requirement. Your experience meets the required experience level."
30,Pallavi,10,CodeCraft,Cloud Engineering Intern,Chennai,23.5,0.0,40,100,50,,"css, html, tensorflow, power bi","Your current skills have limited overlap with the required skills. Skills you could improve: css, html, tensorflow, power bi. The internship is located in Chennai. Your education does not exactly match the listed requirement. Your experience meets the required experience level."
30,Pallavi,28,WebWorks,Machine Learning Intern,Kochi,23.5,0.0,40,100,50,,"react, css, power bi, machine learning, pandas","Your current skills have limited overlap with the required skills. Skills you could improve: react, css, power bi, machine learning, pandas. The internship is located in Kochi. Your education does not exactly match the listed requirement. Your experience meets the required experience level."
30,Pallavi,29,DataSphere,Full Stack Developer Intern,Kochi,23.5,0.0,40,100,50,"postgresql, javascript",html,"You match these required skills: postgresql, javascript. Skills you could improve: html. The internship is located in Kochi. Your education does not exactly match the listed requirement. Your experience meets the required experience level."
31,Aman,1,CloudWorks,Cloud Engineering Intern,Pune,23.5,0.0,40,100,50,,"aws, postgresql, pandas, java","Your current skills have limited overlap with the required skills. Skills you could improve: aws, postgresql, pandas, java. The internship is located in Pune. Your education does not exactly match the listed requirement. Your experience meets the required experience level."
31,Aman,12,CloudWorks,Full Stack Developer Intern,Hyderabad,23.5,0.0,40,100,50,,"css, sql, python, aws","Your current skills have limited overlap with the required skills. Skills you could improve: css, sql, python, aws. The internship is located in Hyderabad. Your education does not exactly match the listed requirement. Your experience meets the required experience level."
31,Aman,24,DevCore,Web Development Intern,Kochi,23.5,0.0,40,100,50,,"aws, javascript, java","Your current skills have limited overlap with the required skills. Skills you could improve: aws, javascript, java. The internship is located in Kochi. Your education does not exactly match the listed requirement. Your experience meets the required experience level."
31,Aman,26,TechNova,Cloud Engineering Intern,Chennai,23.5,0.0,40,100,50,,"data analysis, machine learning, postgresql, docker","Your current skills have limited overlap with the required skills. Skills you could improve: data analysis, machine learning, postgresql, docker. The internship is located in Chennai. Your education does not exactly match the listed requirement. Your experience meets the required experience level."
32,Sanjana,2,AI Labs,Full Stack Developer Intern,Mumbai,23.5,0.0,40,100,50,,"aws, tensorflow, machine learning, node.js, react","Your current skills have limited overlap with the required skills. Skills you could improve: aws, tensorflow, machine learning, node.js, react. The internship is located in Mumbai. Your education does not exactly match the listed requirement. Your experience meets the required experience level."
32,Sanjana,13,NextGen Systems,Software Engineering Intern,Pune,23.5,0.0,40,100,50,javascript,"machine learning, aws, docker, node.js","You match these required skills: javascript. Skills you could improve: machine learning, aws, docker, node.js. The internship is located in Pune. Your education does not exactly match the listed requirement. Your experience meets the required experience level."
32,Sanjana,20,InnoTech,Software Engineering Intern,Bangalore,23.5,0.0,40,100,50,,"html, sql, mongodb, tensorflow","Your current skills have limited overlap with the required skills. Skills you could improve: html, sql, mongodb, tensorflow. The internship is located in Bangalore. Your education does not exactly match the listed requirement. Your experience meets the required experience level."
32,Sanjana,21,ByteLabs,Backend Developer Intern,Chennai,23.5,0.0,40,100,50,,"data analysis, power bi, node.js, react, docker","Your current skills have limited overlap with the required skills. Skills you could improve: data analysis, power bi, node.js, react, docker. The internship is located in Chennai. Your education does not exactly match the listed requirement. Your experience meets the required experience level."
32,Sanjana,26,TechNova,Cloud Engineering Intern,Chennai,23.5,0.0,40,100,50,,"data analysis, machine learning, postgresql, docker","Your current skills have limited overlap with the required skills. Skills you could improve: data analysis, machine learning, postgresql, docker. The internship is located in Chennai. Your education does not exactly match the listed requirement. Your experience meets the required experience level."
32,Sanjana,27,NextGen Systems,Python Developer Intern,Mumbai,23.5,0.0,40,100,50,,"machine learning, sql, html, power bi","Your current skills have limited overlap with the required skills. Skills you could improve: machine learning, sql, html, power bi. The internship is located in Mumbai. Your education does not exactly match the listed requirement. Your experience meets the required experience level."
32,Sanjana,30,DevCore,Cloud Engineering Intern,Bangalore,23.5,0.0,40,100,50,,"html, node.js, machine learning, git, postgresql","Your current skills have limited overlap with the required skills. Skills you could improve: html, node.js, machine learning, git, postgresql. The internship is located in Bangalore. Your education does not exactly match the listed requirement. Your experience meets the required experience level."
33,Ravi,7,AI Labs,Python Developer Intern,Bangalore,23.5,0.0,40,100,50,,"python, pandas, html","Your current skills have limited overlap with the required skills. Skills you could improve: python, pandas, html. The internship is located in Bangalore. Your education does not exactly match the listed requirement. Your experience meets the required experience level."
33,Ravi,17,NextGen Systems,Backend Developer Intern,Bangalore,23.5,0.0,40,100,50,postgresql,"node.js, css, data analysis","You match these required skills: postgresql. Skills you could improve: node.js, css, data analysis. The internship is located in Bangalore. Your education does not exactly match the listed requirement. Your experience meets the required experience level."
33,Ravi,26,TechNova,Cloud Engineering Intern,Chennai,23.5,0.0,40,100,50,postgresql,"data analysis, machine learning, docker","You match these required skills: postgresql. Skills you could improve: data analysis, machine learning, docker. The internship is located in Chennai. Your education does not exactly match the listed requirement. Your experience meets the required experience level."
33,Ravi,30,DevCore,Cloud Engineering Intern,Bangalore,23.5,0.0,40,100,50,postgresql,"html, node.js, machine learning, git","You match these required skills: postgresql. Skills you could improve: html, node.js, machine learning, git. The internship is located in Bangalore. Your education does not exactly match the listed requirement. Your experience meets the required experience level."
34,Keerthi,10,CodeCraft,Cloud Engineering Intern,Chennai,23.5,0.0,40,100,50,,"css, html, tensorflow, power bi","Your current skills have limited overlap with the required skills. Skills you could improve: css, html, tensorflow, power bi. The internship is located in Chennai. Your education does not exactly match the listed requirement. Your experience meets the required experience level."
34,Keerthi,11,ByteLabs,Cloud Engineering Intern,Mumbai,23.5,0.0,40,100,50,,"pandas, postgresql, machine learning, power bi, css","Your current skills have limited overlap with the required skills. Skills you could improve: pandas, postgresql, machine learning, power bi, css. The internship is located in Mumbai. Your education does not exactly match the listed requirement. Your experience meets the required experience level."
34,Keerthi,15,ByteLabs,Machine Learning Intern,Kochi,23.5,0.0,40,100,50,,"git, postgresql, machine learning, aws, html, sql","Your current skills have limited overlap with the required skills. Skills you could improve: git, postgresql, machine learning, aws, html, sql. The internship is located in Kochi. Your education does not exactly match the listed requirement. Your experience meets the required experience level."
34,Keerthi,20,InnoTech,Software Engineering Intern,Bangalore,23.5,0.0,40,100,50,,"html, sql, mongodb, tensorflow","Your current skills have limited overlap with the required skills. Skills you could improve: html, sql, mongodb, tensorflow. The internship is located in Bangalore. Your education does not exactly match the listed requirement. Your experience meets the required experience level."
34,Keerthi,27,NextGen Systems,Python Developer Intern,Mumbai,23.5,0.0,40,100,50,,"machine learning, sql, html, power bi","Your current skills have limited overlap with the required skills. Skills you could improve: machine learning, sql, html, power bi. The internship is located in Mumbai. Your education does not exactly match the listed requirement. Your experience meets the required experience level."
34,Keerthi,29,DataSphere,Full Stack Developer Intern,Kochi,23.5,0.0,40,100,50,javascript,"postgresql, html","You match these required skills: javascript. Skills you could improve: postgresql, html. The internship is located in Kochi. Your education does not exactly match the listed requirement. Your experience meets the required experience level."
34,Keerthi,30,DevCore,Cloud Engineering Intern,Bangalore,23.5,0.0,40,100,50,,"html, node.js, machine learning, git, postgresql","Your current skills have limited overlap with the required skills. Skills you could improve: html, node.js, machine learning, git, postgresql. The internship is located in Bangalore. Your education does not exactly match the listed requirement. Your experience meets the required experience level."
35,Dhanush,3,WebWorks,AI Engineering Intern,Bangalore,23.5,0.0,40,100,50,,"react, css, power bi, mongodb, html","Your current skills have limited overlap with the required skills. Skills you could improve: react, css, power bi, mongodb, html. The internship is located in Bangalore. Your education does not exactly match the listed requirement. Your experience meets the required experience level."
35,Dhanush,9,CloudWorks,Python Developer Intern,Kochi,23.5,0.0,40,100,50,,"power bi, javascript, aws, html, postgresql","Your current skills have limited overlap with the required skills. Skills you could improve: power bi, javascript, aws, html, postgresql. The internship is located in Kochi. Your education does not exactly match the listed requirement. Your experience meets the required experience level."
35,Dhanush,10,CodeCraft,Cloud Engineering Intern,Chennai,23.5,0.0,40,100,50,,"css, html, tensorflow, power bi","Your current skills have limited overlap with the required skills. Skills you could improve: css, html, tensorflow, power bi. The internship is located in Chennai. Your education does not exactly match the listed requirement. Your experience meets the required experience level."
35,Dhanush,12,CloudWorks,Full Stack Developer Intern,Hyderabad,23.5,0.0,40,100,50,,"css, sql, python, aws","Your current skills have limited overlap with the required skills. Skills you could improve: css, sql, python, aws. The internship is located in Hyderabad. Your education does not exactly match the listed requirement. Your experience meets the required experience level."
35,Dhanush,16,CodeCraft,Data Analyst Intern,Kochi,23.5,0.0,40,100,50,,"node.js, java, javascript, html","Your current skills have limited overlap with the required skills. Skills you could improve: node.js, java, javascript, html. The internship is located in Kochi. Your education does not exactly match the listed requirement. Your experience meets the required experience level."
35,Dhanush,23,NextGen Systems,Cloud Engineering Intern,Pune,23.5,0.0,40,100,50,,"sql, java, docker","Your current skills have limited overlap with the required skills. Skills you could improve: sql, java, docker. The internship is located in Pune. Your education does not exactly match the listed requirement. Your experience meets the required experience level."
35,Dhanush,24,DevCore,Web Development Intern,Kochi,23.5,0.0,40,100,50,,"aws, javascript, java","Your current skills have limited overlap with the required skills. Skills you could improve: aws, javascript, java. The internship is located in Kochi. Your education does not exactly match the listed requirement. Your experience meets the required experience level."
35,Dhanush,29,DataSphere,Full Stack Developer Intern,Kochi,23.5,0.0,40,100,50,,"postgresql, javascript, html","Your current skills have limited overlap with the required skills. Skills you could improve: postgresql, javascript, html. The internship is located in Kochi. Your education does not exactly match the listed requirement. Your experience meets the required experience level."
36,Anjali,10,CodeCraft,Cloud Engineering Intern,Chennai,23.5,0.0,40,100,50,,"css, html, tensorflow, power bi","Your current skills have limited overlap with the required skills. Skills you could improve: css, html, tensorflow, power bi. The internship is located in Chennai. Your education does not exactly match the listed requirement. Your experience meets the required experience level."
36,Anjali,20,InnoTech,Software Engineering Intern,Bangalore,23.5,0.0,40,100,50,sql,"html, mongodb, tensorflow","You match these required skills: sql. Skills you could improve: html, mongodb, tensorflow. The internship is located in Bangalore. Your education does not exactly match the listed requirement. Your experience meets the required experience level."
36,Anjali,27,NextGen Systems,Python Developer Intern,Mumbai,23.5,0.0,40,100,50,sql,"machine learning, html, power bi","You match these required skills: sql. Skills you could improve: machine learning, html, power bi. The internship is located in Mumbai. Your education does not exactly match the listed requirement. Your experience meets the required experience level."
37,Surya,3,WebWorks,AI Engineering Intern,Bangalore,23.5,0.0,40,100,50,,"react, css, power bi, mongodb, html","Your current skills have limited overlap with the required skills. Skills you could improve: react, css, power bi, mongodb, html. The internship is located in Bangalore. Your education does not exactly match the listed requirement. Your experience meets the required experience level."
37,Surya,7,AI Labs,Python Developer Intern,Bangalore,23.5,0.0,40,100,50,,"python, pandas, html","Your current skills have limited overlap with the required skills. Skills you could improve: python, pandas, html. The internship is located in Bangalore. Your education does not exactly match the listed requirement. Your experience meets the required experience level."
37,Surya,10,CodeCraft,Cloud Engineering Intern,Chennai,23.5,0.0,40,100,50,,"css, html, tensorflow, power bi","Your current skills have limited overlap with the required skills. Skills you could improve: css, html, tensorflow, power bi. The internship is located in Chennai. Your education does not exactly match the listed requirement. Your experience meets the required experience level."
37,Surya,14,ByteLabs,Web Development Intern,Delhi,23.5,0.0,40,100,50,java,"power bi, pandas, html","You match these required skills: java. Skills you could improve: power bi, pandas, html. The internship is located in Delhi. Your education does not exactly match the listed requirement. Your experience meets the required experience level."
37,Surya,22,TechNova,Machine Learning Intern,Bangalore,23.5,0.0,40,100,50,java,"python, postgresql, pandas, mongodb, css","You match these required skills: java. Skills you could improve: python, postgresql, pandas, mongodb, css. The internship is located in Bangalore. Your education does not exactly match the listed requirement. Your experience meets the required experience level."
37,Surya,23,NextGen Systems,Cloud Engineering Intern,Pune,23.5,0.0,40,100,50,java,"sql, docker","You match these required skills: java. Skills you could improve: sql, docker. The internship is located in Pune. Your education does not exactly match the listed requirement. Your experience meets the required experience level."
38,Deepika,1,CloudWorks,Cloud Engineering Intern,Pune,23.5,0.0,40,100,50,,"aws, postgresql, pandas, java","Your current skills have limited overlap with the required skills. Skills you could improve: aws, postgresql, pandas, java. The internship is located in Pune. Your education does not exactly match the listed requirement. Your experience meets the required experience level."
38,Deepika,8,DataSphere,Python Developer Intern,Kochi,23.5,0.0,40,100,50,,"java, postgresql, html, node.js","Your current skills have limited overlap with the required skills. Skills you could improve: java, postgresql, html, node.js. The internship is located in Kochi. Your education does not exactly match the listed requirement. Your experience meets the required experience level."
38,Deepika,16,CodeCraft,Data Analyst Intern,Kochi,23.5,0.0,40,100,50,,"node.js, java, javascript, html","Your current skills have limited overlap with the required skills. Skills you could improve: node.js, java, javascript, html. The internship is located in Kochi. Your education does not exactly match the listed requirement. Your experience meets the required experience level."
38,Deepika,17,NextGen Systems,Backend Developer Intern,Bangalore,23.5,0.0,40,100,50,,"postgresql, node.js, css, data analysis","Your current skills have limited overlap with the required skills. Skills you could improve: postgresql, node.js, css, data analysis. The internship is located in Bangalore. Your education does not exactly match the listed requirement. Your experience meets the required experience level."
38,Deepika,20,InnoTech,Software Engineering Intern,Bangalore,23.5,0.0,40,100,50,,"html, sql, mongodb, tensorflow","Your current skills have limited overlap with the required skills. Skills you could improve: html, sql, mongodb, tensorflow. The internship is located in Bangalore. Your education does not exactly match the listed requirement. Your experience meets the required experience level."
38,Deepika,24,DevCore,Web Development Intern,Kochi,23.5,0.0,40,100,50,,"aws, javascript, java","Your current skills have limited overlap with the required skills. Skills you could improve: aws, javascript, java. The internship is located in Kochi. Your education does not exactly match the listed requirement. Your experience meets the required experience level."
38,Deepika,25,InnoTech,Data Analyst Intern,Mumbai,23.5,0.0,40,100,50,,"java, postgresql, javascript, html, aws, css","Your current skills have limited overlap with the required skills. Skills you could improve: java, postgresql, javascript, html, aws, css. The internship is located in Mumbai. Your education does not exactly match the listed requirement. Your experience meets the required experience level."
38,Deepika,29,DataSphere,Full Stack Developer Intern,Kochi,23.5,0.0,40,100,50,,"postgresql, javascript, html","Your current skills have limited overlap with the required skills. Skills you could improve: postgresql, javascript, html. The internship is located in Kochi. Your education does not exactly match the listed requirement. Your experience meets the required experience level."
39,Karthik,4,ByteLabs,Full Stack Developer Intern,Pune,23.5,0.0,40,100,50,,"python, java, postgresql","Your current skills have limited overlap with the required skills. Skills you could improve: python, java, postgresql. The internship is located in Pune. Your education does not exactly match the listed requirement. Your experience meets the required experience level."
39,Karthik,5,WebWorks,Frontend Developer Intern,Hyderabad,23.5,0.0,40,100,50,,"css, data analysis, postgresql","Your current skills have limited overlap with the required skills. Skills you could improve: css, data analysis, postgresql. The internship is located in Hyderabad. Your education does not exactly match the listed requirement. Your experience meets the required experience level."
39,Karthik,18,NextGen Systems,Frontend Developer Intern,Delhi,23.5,0.0,40,100,50,,"java, git, postgresql, docker","Your current skills have limited overlap with the required skills. Skills you could improve: java, git, postgresql, docker. The internship is located in Delhi. Your education does not exactly match the listed requirement. Your experience meets the required experience level."
39,Karthik,23,NextGen Systems,Cloud Engineering Intern,Pune,23.5,0.0,40,100,50,,"sql, java, docker","Your current skills have limited overlap with the required skills. Skills you could improve: sql, java, docker. The internship is located in Pune. Your education does not exactly match the listed requirement. Your experience meets the required experience level."
39,Karthik,24,DevCore,Web Development Intern,Kochi,23.5,0.0,40,100,50,,"aws, javascript, java","Your current skills have limited overlap with the required skills. Skills you could improve: aws, javascript, java. The internship is located in Kochi. Your education does not exactly match the listed requirement. Your experience meets the required experience level."
40,Lakshmi,23,NextGen Systems,Cloud Engineering Intern,Pune,23.5,0.0,40,100,50,,"sql, java, docker","Your current skills have limited overlap with the required skills. Skills you could improve: sql, java, docker. The internship is located in Pune. Your education does not exactly match the listed requirement. Your experience meets the required experience level."
40,Lakshmi,24,DevCore,Web Development Intern,Kochi,23.5,0.0,40,100,50,,"aws, javascript, java","Your current skills have limited overlap with the required skills. Skills you could improve: aws, javascript, java. The internship is located in Kochi. Your education does not exactly match the listed requirement. Your experience meets the required experience level."
41,Rohit,3,WebWorks,AI Engineering Intern,Bangalore,23.5,0.0,40,100,50,,"react, css, power bi, mongodb, html","Your current skills have limited overlap with the required skills. Skills you could improve: react, css, power bi, mongodb, html. The internship is located in Bangalore. Your education does not exactly match the listed requirement. Your experience meets the required experience level."
41,Rohit,5,WebWorks,Frontend Developer Intern,Hyderabad,23.5,0.0,40,100,50,,"css, data analysis, postgresql","Your current skills have limited overlap with the required skills. Skills you could improve: css, data analysis, postgresql. The internship is located in Hyderabad. Your education does not exactly match the listed requirement. Your experience meets the required experience level."
41,Rohit,9,CloudWorks,Python Developer Intern,Kochi,23.5,0.0,40,100,50,javascript,"power bi, aws, html, postgresql","You match these required skills: javascript. Skills you could improve: power bi, aws, html, postgresql. The internship is located in Kochi. Your education does not exactly match the listed requirement. Your experience meets the required experience level."
41,Rohit,20,InnoTech,Software Engineering Intern,Bangalore,23.5,0.0,40,100,50,,"html, sql, mongodb, tensorflow","Your current skills have limited overlap with the required skills. Skills you could improve: html, sql, mongodb, tensorflow. The internship is located in Bangalore. Your education does not exactly match the listed requirement. Your experience meets the required experience level."
41,Rohit,27,NextGen Systems,Python Developer Intern,Mumbai,23.5,0.0,40,100,50,,"machine learning, sql, html, power bi","Your current skills have limited overlap with the required skills. Skills you could improve: machine learning, sql, html, power bi. The internship is located in Mumbai. Your education does not exactly match the listed requirement. Your experience meets the required experience level."
41,Rohit,29,DataSphere,Full Stack Developer Intern,Kochi,23.5,0.0,40,100,50,javascript,"postgresql, html","You match these required skills: javascript. Skills you could improve: postgresql, html. The internship is located in Kochi. Your education does not exactly match the listed requirement. Your experience meets the required experience level."
42,Bhavana,5,WebWorks,Frontend Developer Intern,Hyderabad,23.5,0.0,40,100,50,,"css, data analysis, postgresql","Your current skills have limited overlap with the required skills. Skills you could improve: css, data analysis, postgresql. The internship is located in Hyderabad. Your education does not exactly match the listed requirement. Your experience meets the required experience level."
42,Bhavana,18,NextGen Systems,Frontend Developer Intern,Delhi,23.5,0.0,40,100,50,java,"git, postgresql, docker","You match these required skills: java. Skills you could improve: git, postgresql, docker. The internship is located in Delhi. Your education does not exactly match the listed requirement. Your experience meets the required experience level."
42,Bhavana,23,NextGen Systems,Cloud Engineering Intern,Pune,23.5,0.0,40,100,50,java,"sql, docker","You match these required skills: java. Skills you could improve: sql, docker. The internship is located in Pune. Your education does not exactly match the listed requirement. Your experience meets the required experience level."
42,Bhavana,26,TechNova,Cloud Engineering Intern,Chennai,23.5,0.0,40,100,50,,"data analysis, machine learning, postgresql, docker","Your current skills have limited overlap with the required skills. Skills you could improve: data analysis, machine learning, postgresql, docker. The internship is located in Chennai. Your education does not exactly match the listed requirement. Your experience meets the required experience level."
43,Darshan,10,CodeCraft,Cloud Engineering Intern,Chennai,23.5,0.0,40,100,50,,"css, html, tensorflow, power bi","Your current skills have limited overlap with the required skills. Skills you could improve: css, html, tensorflow, power bi. The internship is located in Chennai. Your education does not exactly match the listed requirement. Your experience meets the required experience level."
43,Darshan,12,CloudWorks,Full Stack Developer Intern,Hyderabad,23.5,0.0,40,100,50,,"css, sql, python, aws","Your current skills have limited overlap with the required skills. Skills you could improve: css, sql, python, aws. The internship is located in Hyderabad. Your education does not exactly match the listed requirement. Your experience meets the required experience level."
44,Sakshi,6,WebWorks,Data Analyst Intern,Kochi,23.5,0.0,40,100,50,,"javascript, docker, machine learning, node.js, power bi","Your current skills have limited overlap with the required skills. Skills you could improve: javascript, docker, machine learning, node.js, power bi. The internship is located in Kochi. Your education does not exactly match the listed requirement. Your experience meets the required experience level."
44,Sakshi,7,AI Labs,Python Developer Intern,Bangalore,23.5,0.0,40,100,50,,"python, pandas, html","Your current skills have limited overlap with the required skills. Skills you could improve: python, pandas, html. The internship is located in Bangalore. Your education does not exactly match the listed requirement. Your experience meets the required experience level."
44,Sakshi,16,CodeCraft,Data Analyst Intern,Kochi,23.5,0.0,40,100,50,,"node.js, java, javascript, html","Your current skills have limited overlap with the required skills. Skills you could improve: node.js, java, javascript, html. The internship is located in Kochi. Your education does not exactly match the listed requirement. Your experience meets the required experience level."
44,Sakshi,23,NextGen Systems,Cloud Engineering Intern,Pune,23.5,0.0,40,100,50,,"sql, java, docker","Your current skills have limited overlap with the required skills. Skills you could improve: sql, java, docker. The internship is located in Pune. Your education does not exactly match the listed requirement. Your experience meets the required experience level."
44,Sakshi,27,NextGen Systems,Python Developer Intern,Mumbai,23.5,0.0,40,100,50,,"machine learning, sql, html, power bi","Your current skills have limited overlap with the required skills. Skills you could improve: machine learning, sql, html, power bi. The internship is located in Mumbai. Your education does not exactly match the listed requirement. Your experience meets the required experience level."
44,Sakshi,30,DevCore,Cloud Engineering Intern,Bangalore,23.5,0.0,40,100,50,,"html, node.js, machine learning, git, postgresql","Your current skills have limited overlap with the required skills. Skills you could improve: html, node.js, machine learning, git, postgresql. The internship is located in Bangalore. Your education does not exactly match the listed requirement. Your experience meets the required experience level."
45,Vishal,1,CloudWorks,Cloud Engineering Intern,Pune,23.5,0.0,40,100,50,postgresql,"aws, pandas, java","You match these required skills: postgresql. Skills you could improve: aws, pandas, java. The internship is located in Pune. Your education does not exactly match the listed requirement. Your experience meets the required experience level."
45,Vishal,2,AI Labs,Full Stack Developer Intern,Mumbai,23.5,0.0,40,100,50,,"aws, tensorflow, machine learning, node.js, react","Your current skills have limited overlap with the required skills. Skills you could improve: aws, tensorflow, machine learning, node.js, react. The internship is located in Mumbai. Your education does not exactly match the listed requirement. Your experience meets the required experience level."
45,Vishal,5,WebWorks,Frontend Developer Intern,Hyderabad,23.5,0.0,40,100,50,postgresql,"css, data analysis","You match these required skills: postgresql. Skills you could improve: css, data analysis. The internship is located in Hyderabad. Your education does not exactly match the listed requirement. Your experience meets the required experience level."
45,Vishal,6,WebWorks,Data Analyst Intern,Kochi,23.5,0.0,40,100,50,,"javascript, docker, machine learning, node.js, power bi","Your current skills have limited overlap with the required skills. Skills you could improve: javascript, docker, machine learning, node.js, power bi. The internship is located in Kochi. Your education does not exactly match the listed requirement. Your experience meets the required experience level."
45,Vishal,8,DataSphere,Python Developer Intern,Kochi,23.5,0.0,40,100,50,postgresql,"java, html, node.js","You match these required skills: postgresql. Skills you could improve: java, html, node.js. The internship is located in Kochi. Your education does not exactly match the listed requirement. Your experience meets the required experience level."
45,Vishal,9,CloudWorks,Python Developer Intern,Kochi,23.5,0.0,40,100,50,postgresql,"power bi, javascript, aws, html","You match these required skills: postgresql. Skills you could improve: power bi, javascript, aws, html. The internship is located in Kochi. Your education does not exactly match the listed requirement. Your experience meets the required experience level."
45,Vishal,10,CodeCraft,Cloud Engineering Intern,Chennai,23.5,0.0,40,100,50,,"css, html, tensorflow, power bi","Your current skills have limited overlap with the required skills. Skills you could improve: css, html, tensorflow, power bi. The internship is located in Chennai. Your education does not exactly match the listed requirement. Your experience meets the required experience level."
45,Vishal,11,ByteLabs,Cloud Engineering Intern,Mumbai,23.5,0.0,40,100,50,postgresql,"pandas, machine learning, power bi, css","You match these required skills: postgresql. Skills you could improve: pandas, machine learning, power bi, css. The internship is located in Mumbai. Your education does not exactly match the listed requirement. Your experience meets the required experience level."
45,Vishal,13,NextGen Systems,Software Engineering Intern,Pune,23.5,0.0,40,100,50,,"machine learning, aws, javascript, docker, node.js","Your current skills have limited overlap with the required skills. Skills you could improve: machine learning, aws, javascript, docker, node.js. The internship is located in Pune. Your education does not exactly match the listed requirement. Your experience meets the required experience level."
45,Vishal,16,CodeCraft,Data Analyst Intern,Kochi,23.5,0.0,40,100,50,,"node.js, java, javascript, html","Your current skills have limited overlap with the required skills. Skills you could improve: node.js, java, javascript, html. The internship is located in Kochi. Your education does not exactly match the listed requirement. Your experience meets the required experience level."
45,Vishal,17,NextGen Systems,Backend Developer Intern,Bangalore,23.5,0.0,40,100,50,postgresql,"node.js, css, data analysis","You match these required skills: postgresql. Skills you could improve: node.js, css, data analysis. The internship is located in Bangalore. Your education does not exactly match the listed requirement. Your experience meets the required experience level."
45,Vishal,24,DevCore,Web Development Intern,Kochi,23.5,0.0,40,100,50,,"aws, javascript, java","Your current skills have limited overlap with the required skills. Skills you could improve: aws, javascript, java. The internship is located in Kochi. Your education does not exactly match the listed requirement. Your experience meets the required experience level."
45,Vishal,25,InnoTech,Data Analyst Intern,Mumbai,23.5,0.0,40,100,50,postgresql,"java, javascript, html, aws, css","You match these required skills: postgresql. Skills you could improve: java, javascript, html, aws, css. The internship is located in Mumbai. Your education does not exactly match the listed requirement. Your experience meets the required experience level."
45,Vishal,28,WebWorks,Machine Learning Intern,Kochi,23.5,0.0,40,100,50,,"react, css, power bi, machine learning, pandas","Your current skills have limited overlap with the required skills. Skills you could improve: react, css, power bi, machine learning, pandas. The internship is located in Kochi. Your education does not exactly match the listed requirement. Your experience meets the required experience level."
45,Vishal,30,DevCore,Cloud Engineering Intern,Bangalore,23.5,0.0,40,100,50,postgresql,"html, node.js, machine learning, git","You match these required skills: postgresql. Skills you could improve: html, node.js, machine learning, git. The internship is located in Bangalore. Your education does not exactly match the listed requirement. Your experience meets the required experience level."
46,Manya,7,AI Labs,Python Developer Intern,Bangalore,23.5,0.0,40,100,50,,"python, pandas, html","Your current skills have limited overlap with the required skills. Skills you could improve: python, pandas, html. The internship is located in Bangalore. Your education does not exactly match the listed requirement. Your experience meets the required experience level."
46,Manya,9,CloudWorks,Python Developer Intern,Kochi,23.5,0.0,40,100,50,"javascript, postgresql","power bi, aws, html","You match these required skills: javascript, postgresql. Skills you could improve: power bi, aws, html. The internship is located in Kochi. Your education does not exactly match the listed requirement. Your experience meets the required experience level."
46,Manya,29,DataSphere,Full Stack Developer Intern,Kochi,23.5,0.0,40,100,50,"postgresql, javascript",html,"You match these required skills: postgresql, javascript. Skills you could improve: html. The internship is located in Kochi. Your education does not exactly match the listed requirement. Your experience meets the required experience level."
46,Manya,30,DevCore,Cloud Engineering Intern,Bangalore,23.5,0.0,40,100,50,postgresql,"html, node.js, machine learning, git","You match these required skills: postgresql. Skills you could improve: html, node.js, machine learning, git. The internship is located in Bangalore. Your education does not exactly match the listed requirement. Your experience meets the required experience level."
47,Pranav,1,CloudWorks,Cloud Engineering Intern,Pune,23.5,0.0,40,100,50,,"aws, postgresql, pandas, java","Your current skills have limited overlap with the required skills. Skills you could improve: aws, postgresql, pandas, java. The internship is located in Pune. Your education does not exactly match the listed requirement. Your experience meets the required experience level."
47,Pranav,9,CloudWorks,Python Developer Intern,Kochi,23.5,0.0,40,100,50,,"power bi, javascript, aws, html, postgresql","Your current skills have limited overlap with the required skills. Skills you could improve: power bi, javascript, aws, html, postgresql. The internship is located in Kochi. Your education does not exactly match the listed requirement. Your experience meets the required experience level."
47,Pranav,16,CodeCraft,Data Analyst Intern,Kochi,23.5,0.0,40,100,50,,"node.js, java, javascript, html","Your current skills have limited overlap with the required skills. Skills you could improve: node.js, java, javascript, html. The internship is located in Kochi. Your education does not exactly match the listed requirement. Your experience meets the required experience level."
47,Pranav,20,InnoTech,Software Engineering Intern,Bangalore,23.5,0.0,40,100,50,,"html, sql, mongodb, tensorflow","Your current skills have limited overlap with the required skills. Skills you could improve: html, sql, mongodb, tensorflow. The internship is located in Bangalore. Your education does not exactly match the listed requirement. Your experience meets the required experience level."
47,Pranav,23,NextGen Systems,Cloud Engineering Intern,Pune,23.5,0.0,40,100,50,,"sql, java, docker","Your current skills have limited overlap with the required skills. Skills you could improve: sql, java, docker. The internship is located in Pune. Your education does not exactly match the listed requirement. Your experience meets the required experience level."
47,Pranav,24,DevCore,Web Development Intern,Kochi,23.5,0.0,40,100,50,,"aws, javascript, java","Your current skills have limited overlap with the required skills. Skills you could improve: aws, javascript, java. The internship is located in Kochi. Your education does not exactly match the listed requirement. Your experience meets the required experience level."
47,Pranav,29,DataSphere,Full Stack Developer Intern,Kochi,23.5,0.0,40,100,50,,"postgresql, javascript, html","Your current skills have limited overlap with the required skills. Skills you could improve: postgresql, javascript, html. The internship is located in Kochi. Your education does not exactly match the listed requirement. Your experience meets the required experience level."
48,Shruthi,4,ByteLabs,Full Stack Developer Intern,Pune,23.5,0.0,40,100,50,,"python, java, postgresql","Your current skills have limited overlap with the required skills. Skills you could improve: python, java, postgresql. The internship is located in Pune. Your education does not exactly match the listed requirement. Your experience meets the required experience level."
48,Shruthi,5,WebWorks,Frontend Developer Intern,Hyderabad,23.5,0.0,40,100,50,,"css, data analysis, postgresql","Your current skills have limited overlap with the required skills. Skills you could improve: css, data analysis, postgresql. The internship is located in Hyderabad. Your education does not exactly match the listed requirement. Your experience meets the required experience level."
48,Shruthi,8,DataSphere,Python Developer Intern,Kochi,23.5,0.0,40,100,50,,"java, postgresql, html, node.js","Your current skills have limited overlap with the required skills. Skills you could improve: java, postgresql, html, node.js. The internship is located in Kochi. Your education does not exactly match the listed requirement. Your experience meets the required experience level."
48,Shruthi,20,InnoTech,Software Engineering Intern,Bangalore,23.5,0.0,40,100,50,,"html, sql, mongodb, tensorflow","Your current skills have limited overlap with the required skills. Skills you could improve: html, sql, mongodb, tensorflow. The internship is located in Bangalore. Your education does not exactly match the listed requirement. Your experience meets the required experience level."
48,Shruthi,23,NextGen Systems,Cloud Engineering Intern,Pune,23.5,0.0,40,100,50,,"sql, java, docker","Your current skills have limited overlap with the required skills. Skills you could improve: sql, java, docker. The internship is located in Pune. Your education does not exactly match the listed requirement. Your experience meets the required experience level."
48,Shruthi,26,TechNova,Cloud Engineering Intern,Chennai,23.5,0.0,40,100,50,,"data analysis, machine learning, postgresql, docker","Your current skills have limited overlap with the required skills. Skills you could improve: data analysis, machine learning, postgresql, docker. The internship is located in Chennai. Your education does not exactly match the listed requirement. Your experience meets the required experience level."
48,Shruthi,29,DataSphere,Full Stack Developer Intern,Kochi,23.5,0.0,40,100,50,,"postgresql, javascript, html","Your current skills have limited overlap with the required skills. Skills you could improve: postgresql, javascript, html. The internship is located in Kochi. Your education does not exactly match the listed requirement. Your experience meets the required experience level."
48,Shruthi,30,DevCore,Cloud Engineering Intern,Bangalore,23.5,0.0,40,100,50,,"html, node.js, machine learning, git, postgresql","Your current skills have limited overlap with the required skills. Skills you could improve: html, node.js, machine learning, git, postgresql. The internship is located in Bangalore. Your education does not exactly match the listed requirement. Your experience meets the required experience level."
49,Gaurav,13,NextGen Systems,Software Engineering Intern,Pune,23.5,0.0,40,100,50,,"machine learning, aws, javascript, docker, node.js","Your current skills have limited overlap with the required skills. Skills you could improve: machine learning, aws, javascript, docker, node.js. The internship is located in Pune. Your education does not exactly match the listed requirement. Your experience meets the required experience level."
50,Sowmya,7,AI Labs,Python Developer Intern,Bangalore,23.5,0.0,40,100,50,,"python, pandas, html","Your current skills have limited overlap with the required skills. Skills you could improve: python, pandas, html. The internship is located in Bangalore. Your education does not exactly match the listed requirement. Your experience meets the required experience level."
50,Sowmya,8,DataSphere,Python Developer Intern,Kochi,23.5,0.0,40,100,50,,"java, postgresql, html, node.js","Your current skills have limited overlap with the required skills. Skills you could improve: java, postgresql, html, node.js. The internship is located in Kochi. Your education does not exactly match the listed requirement. Your experience meets the required experience level."
50,Sowmya,16,CodeCraft,Data Analyst Intern,Kochi,23.5,0.0,40,100,50,,"node.js, java, javascript, html","Your current skills have limited overlap with the required skills. Skills you could improve: node.js, java, javascript, html. The internship is located in Kochi. Your education does not exactly match the listed requirement. Your experience meets the required experience level."
50,Sowmya,17,NextGen Systems,Backend Developer Intern,Bangalore,23.5,0.0,40,100,50,,"postgresql, node.js, css, data analysis","Your current skills have limited overlap with the required skills. Skills you could improve: postgresql, node.js, css, data analysis. The internship is located in Bangalore. Your education does not exactly match the listed requirement. Your experience meets the required experience level."
50,Sowmya,18,NextGen Systems,Frontend Developer Intern,Delhi,23.5,0.0,40,100,50,,"java, git, postgresql, docker","Your current skills have limited overlap with the required skills. Skills you could improve: java, git, postgresql, docker. The internship is located in Delhi. Your education does not exactly match the listed requirement. Your experience meets the required experience level."
50,Sowmya,29,DataSphere,Full Stack Developer Intern,Kochi,23.5,0.0,40,100,50,,"postgresql, javascript, html","Your current skills have limited overlap with the required skills. Skills you could improve: postgresql, javascript, html. The internship is located in Kochi. Your education does not exactly match the listed requirement. Your experience meets the required experience level."
31,Aman,15,ByteLabs,Machine Learning Intern,Kochi,23.17,7.78,40,50.0,50,html,"git, postgresql, machine learning, aws, sql","You match these required skills: html. Skills you could improve: git, postgresql, machine learning, aws, sql. The internship is located in Kochi. Your education does not exactly match the listed requirement. You have less experience than the listed requirement."
31,Aman,28,WebWorks,Machine Learning Intern,Kochi,23.17,7.78,40,50.0,50,react,"css, power bi, machine learning, pandas","You match these required skills: react. Skills you could improve: css, power bi, machine learning, pandas. The internship is located in Kochi. Your education does not exactly match the listed requirement. You have less experience than the listed requirement."
13,Akash,11,ByteLabs,Cloud Engineering Intern,Mumbai,22.86,15.59,40,0.0,50,power bi,"pandas, postgresql, machine learning, css","You match these required skills: power bi. Skills you could improve: pandas, postgresql, machine learning, css. The internship is located in Mumbai. Your education does not exactly match the listed requirement. You have less experience than the listed requirement."
13,Akash,28,WebWorks,Machine Learning Intern,Kochi,22.86,15.59,40,0.0,50,power bi,"react, css, machine learning, pandas","You match these required skills: power bi. Skills you could improve: react, css, machine learning, pandas. The internship is located in Kochi. Your education does not exactly match the listed requirement. You have less experience than the listed requirement."
40,Lakshmi,21,ByteLabs,Backend Developer Intern,Chennai,22.86,15.59,40,0.0,50,power bi,"data analysis, node.js, react, docker","You match these required skills: power bi. Skills you could improve: data analysis, node.js, react, docker. The internship is located in Chennai. Your education does not exactly match the listed requirement. You have less experience than the listed requirement."
2,Arjun,8,DataSphere,Python Developer Intern,Kochi,22.54,15.06,40,0.0,50,java,"postgresql, html, node.js","You match these required skills: java. Skills you could improve: postgresql, html, node.js. The internship is located in Kochi. Your education does not exactly match the listed requirement. You have less experience than the listed requirement."
2,Arjun,16,CodeCraft,Data Analyst Intern,Kochi,22.54,15.06,40,0.0,50,"java, javascript","node.js, html","You match these required skills: java, javascript. Skills you could improve: node.js, html. The internship is located in Kochi. Your education does not exactly match the listed requirement. You have less experience than the listed requirement."
15,Nikhil,16,CodeCraft,Data Analyst Intern,Kochi,22.54,15.06,40,0.0,50,html,"node.js, java, javascript","You match these required skills: html. Skills you could improve: node.js, java, javascript. The internship is located in Kochi. Your education does not exactly match the listed requirement. You have less experience than the listed requirement."
43,Darshan,4,ByteLabs,Full Stack Developer Intern,Pune,22.54,15.06,40,0.0,50,java,"python, postgresql","You match these required skills: java. Skills you could improve: python, postgresql. The internship is located in Pune. Your education does not exactly match the listed requirement. You have less experience than the listed requirement."
49,Gaurav,4,ByteLabs,Full Stack Developer Intern,Pune,22.54,15.06,40,0.0,50,"python, postgresql",java,"You match these required skills: python, postgresql. Skills you could improve: java. The internship is located in Pune. Your education does not exactly match the listed requirement. You have less experience than the listed requirement."
49,Gaurav,29,DataSphere,Full Stack Developer Intern,Kochi,22.54,15.06,40,0.0,50,"postgresql, html",javascript,"You match these required skills: postgresql, html. Skills you could improve: javascript. The internship is located in Kochi. Your education does not exactly match the listed requirement. You have less experience than the listed requirement."
2,Arjun,7,AI Labs,Python Developer Intern,Bangalore,22.5,0.0,100,0.0,50,,"python, pandas, html","Your current skills have limited overlap with the required skills. Skills you could improve: python, pandas, html. The internship location matches your preferred location. Your education does not exactly match the listed requirement. You have less experience than the listed requirement."
2,Arjun,30,DevCore,Cloud Engineering Intern,Bangalore,22.5,0.0,100,0.0,50,,"html, node.js, machine learning, git, postgresql","Your current skills have limited overlap with the required skills. Skills you could improve: html, node.js, machine learning, git, postgresql. The internship location matches your preferred location. Your education does not exactly match the listed requirement. You have less experience than the listed requirement."
13,Akash,7,AI Labs,Python Developer Intern,Bangalore,22.5,0.0,100,0.0,50,,"python, pandas, html","Your current skills have limited overlap with the required skills. Skills you could improve: python, pandas, html. The internship location matches your preferred location. Your education does not exactly match the listed requirement. You have less experience than the listed requirement."
22,Shreya,1,CloudWorks,Cloud Engineering Intern,Pune,22.5,0.0,100,0.0,50,,"aws, postgresql, pandas, java","Your current skills have limited overlap with the required skills. Skills you could improve: aws, postgresql, pandas, java. The internship location matches your preferred location. Your education does not exactly match the listed requirement. You have less experience than the listed requirement."
22,Shreya,4,ByteLabs,Full Stack Developer Intern,Pune,22.5,0.0,100,0.0,50,,"python, java, postgresql","Your current skills have limited overlap with the required skills. Skills you could improve: python, java, postgresql. The internship location matches your preferred location. Your education does not exactly match the listed requirement. You have less experience than the listed requirement."
22,Shreya,20,InnoTech,Software Engineering Intern,Bangalore,22.16,14.44,40,0.0,50,html,"sql, mongodb, tensorflow","You match these required skills: html. Skills you could improve: sql, mongodb, tensorflow. The internship is located in Bangalore. Your education does not exactly match the listed requirement. You have less experience than the listed requirement."
23,Harsh,18,NextGen Systems,Frontend Developer Intern,Delhi,22.16,14.44,40,0.0,50,java,"git, postgresql, docker","You match these required skills: java. Skills you could improve: git, postgresql, docker. The internship is located in Delhi. Your education does not exactly match the listed requirement. You have less experience than the listed requirement."
15,Nikhil,9,CloudWorks,Python Developer Intern,Kochi,21.68,13.63,40,0.0,50,html,"power bi, javascript, aws, postgresql","You match these required skills: html. Skills you could improve: power bi, javascript, aws, postgresql. The internship is located in Kochi. Your education does not exactly match the listed requirement. You have less experience than the listed requirement."
15,Nikhil,25,InnoTech,Data Analyst Intern,Mumbai,21.68,13.63,40,0.0,50,html,"java, postgresql, javascript, aws, css","You match these required skills: html. Skills you could improve: java, postgresql, javascript, aws, css. The internship is located in Mumbai. Your education does not exactly match the listed requirement. You have less experience than the listed requirement."
15,Nikhil,27,NextGen Systems,Python Developer Intern,Mumbai,21.68,13.63,40,0.0,50,html,"machine learning, sql, power bi","You match these required skills: html. Skills you could improve: machine learning, sql, power bi. The internship is located in Mumbai. Your education does not exactly match the listed requirement. You have less experience than the listed requirement."
22,Shreya,8,DataSphere,Python Developer Intern,Kochi,21.14,12.74,40,0.0,50,html,"java, postgresql, node.js","You match these required skills: html. Skills you could improve: java, postgresql, node.js. The internship is located in Kochi. Your education does not exactly match the listed requirement. You have less experience than the listed requirement."
22,Shreya,14,ByteLabs,Web Development Intern,Delhi,21.14,12.74,40,0.0,50,html,"java, power bi, pandas","You match these required skills: html. Skills you could improve: java, power bi, pandas. The internship is located in Delhi. Your education does not exactly match the listed requirement. You have less experience than the listed requirement."
22,Shreya,16,CodeCraft,Data Analyst Intern,Kochi,21.14,12.74,40,0.0,50,html,"node.js, java, javascript","You match these required skills: html. Skills you could improve: node.js, java, javascript. The internship is located in Kochi. Your education does not exactly match the listed requirement. You have less experience than the listed requirement."
23,Harsh,8,DataSphere,Python Developer Intern,Kochi,21.14,12.74,40,0.0,50,java,"postgresql, html, node.js","You match these required skills: java. Skills you could improve: postgresql, html, node.js. The internship is located in Kochi. Your education does not exactly match the listed requirement. You have less experience than the listed requirement."
23,Harsh,14,ByteLabs,Web Development Intern,Delhi,21.14,12.74,40,0.0,50,java,"power bi, pandas, html","You match these required skills: java. Skills you could improve: power bi, pandas, html. The internship is located in Delhi. Your education does not exactly match the listed requirement. You have less experience than the listed requirement."
43,Darshan,1,CloudWorks,Cloud Engineering Intern,Pune,21.14,12.74,40,0.0,50,java,"aws, postgresql, pandas","You match these required skills: java. Skills you could improve: aws, postgresql, pandas. The internship is located in Pune. Your education does not exactly match the listed requirement. You have less experience than the listed requirement."
43,Darshan,20,InnoTech,Software Engineering Intern,Bangalore,21.14,12.74,40,0.0,50,mongodb,"html, sql, tensorflow","You match these required skills: mongodb. Skills you could improve: html, sql, tensorflow. The internship is located in Bangalore. Your education does not exactly match the listed requirement. You have less experience than the listed requirement."
2,Arjun,11,ByteLabs,Cloud Engineering Intern,Mumbai,21.02,12.54,40,0.0,50,css,"pandas, postgresql, machine learning, power bi","You match these required skills: css. Skills you could improve: pandas, postgresql, machine learning, power bi. The internship is located in Mumbai. Your education does not exactly match the listed requirement. You have less experience than the listed requirement."
2,Arjun,28,WebWorks,Machine Learning Intern,Kochi,21.02,12.54,40,0.0,50,css,"react, power bi, machine learning, pandas","You match these required skills: css. Skills you could improve: react, power bi, machine learning, pandas. The internship is located in Kochi. Your education does not exactly match the listed requirement. You have less experience than the listed requirement."
7,Vivek,4,ByteLabs,Full Stack Developer Intern,Pune,21.02,12.54,40,0.0,50,java,"python, postgresql","You match these required skills: java. Skills you could improve: python, postgresql. The internship is located in Pune. Your education does not exactly match the listed requirement. You have less experience than the listed requirement."
15,Nikhil,15,ByteLabs,Machine Learning Intern,Kochi,21.02,12.54,40,0.0,50,html,"git, postgresql, machine learning, aws, sql","You match these required skills: html. Skills you could improve: git, postgresql, machine learning, aws, sql. The internship is located in Kochi. Your education does not exactly match the listed requirement. You have less experience than the listed requirement."
21,Manish,29,DataSphere,Full Stack Developer Intern,Kochi,21.02,12.54,40,0.0,50,postgresql,"javascript, html","You match these required skills: postgresql. Skills you could improve: javascript, html. The internship is located in Kochi. Your education does not exactly match the listed requirement. You have less experience than the listed requirement."
2,Arjun,21,ByteLabs,Backend Developer Intern,Chennai,21.0,0.0,40,0.0,100,,"data analysis, power bi, node.js, react, docker","Your current skills have limited overlap with the required skills. Skills you could improve: data analysis, power bi, node.js, react, docker. The internship is located in Chennai. Your education matches the internship requirement. You have less experience than the listed requirement."
2,Arjun,26,TechNova,Cloud Engineering Intern,Chennai,21.0,0.0,40,0.0,100,,"data analysis, machine learning, postgresql, docker","Your current skills have limited overlap with the required skills. Skills you could improve: data analysis, machine learning, postgresql, docker. The internship is located in Chennai. Your education matches the internship requirement. You have less experience than the listed requirement."
2,Arjun,29,DataSphere,Full Stack Developer Intern,Kochi,21.0,0.0,40,0.0,100,javascript,"postgresql, html","You match these required skills: javascript. Skills you could improve: postgresql, html. The internship is located in Kochi. Your education matches the internship requirement. You have less experience than the listed requirement."
7,Vivek,20,InnoTech,Software Engineering Intern,Bangalore,21.0,0.0,40,0.0,100,,"html, sql, mongodb, tensorflow","Your current skills have limited overlap with the required skills. Skills you could improve: html, sql, mongodb, tensorflow. The internship is located in Bangalore. Your education matches the internship requirement. You have less experience than the listed requirement."
15,Nikhil,6,WebWorks,Data Analyst Intern,Kochi,21.0,0.0,40,0.0,100,,"javascript, docker, machine learning, node.js, power bi","Your current skills have limited overlap with the required skills. Skills you could improve: javascript, docker, machine learning, node.js, power bi. The internship is located in Kochi. Your education matches the internship requirement. You have less experience than the listed requirement."
15,Nikhil,18,NextGen Systems,Frontend Developer Intern,Delhi,21.0,0.0,40,0.0,100,,"java, git, postgresql, docker","Your current skills have limited overlap with the required skills. Skills you could improve: java, git, postgresql, docker. The internship is located in Delhi. Your education matches the internship requirement. You have less experience than the listed requirement."
23,Harsh,7,AI Labs,Python Developer Intern,Bangalore,21.0,0.0,40,0.0,100,,"python, pandas, html","Your current skills have limited overlap with the required skills. Skills you could improve: python, pandas, html. The internship is located in Bangalore. Your education matches the internship requirement. You have less experience than the listed requirement."
23,Harsh,19,ByteLabs,Web Development Intern,Delhi,21.0,0.0,40,0.0,100,,"react, aws, sql, pandas","Your current skills have limited overlap with the required skills. Skills you could improve: react, aws, sql, pandas. The internship is located in Delhi. Your education matches the internship requirement. You have less experience than the listed requirement."
40,Lakshmi,4,ByteLabs,Full Stack Developer Intern,Pune,21.0,0.0,40,0.0,100,,"python, java, postgresql","Your current skills have limited overlap with the required skills. Skills you could improve: python, java, postgresql. The internship is located in Pune. Your education matches the internship requirement. You have less experience than the listed requirement."
43,Darshan,11,ByteLabs,Cloud Engineering Intern,Mumbai,21.0,0.0,40,0.0,100,,"pandas, postgresql, machine learning, power bi, css","Your current skills have limited overlap with the required skills. Skills you could improve: pandas, postgresql, machine learning, power bi, css. The internship is located in Mumbai. Your education matches the internship requirement. You have less experience than the listed requirement."
15,Nikhil,21,ByteLabs,Backend Developer Intern,Chennai,20.5,11.67,40,0.0,50,react,"data analysis, power bi, node.js, docker","You match these required skills: react. Skills you could improve: data analysis, power bi, node.js, docker. The internship is located in Chennai. Your education does not exactly match the listed requirement. You have less experience than the listed requirement."
22,Shreya,9,CloudWorks,Python Developer Intern,Kochi,20.41,11.52,40,0.0,50,html,"power bi, javascript, aws, postgresql","You match these required skills: html. Skills you could improve: power bi, javascript, aws, postgresql. The internship is located in Kochi. Your education does not exactly match the listed requirement. You have less experience than the listed requirement."
43,Darshan,14,ByteLabs,Web Development Intern,Delhi,20.24,11.23,40,0.0,50,java,"power bi, pandas, html","You match these required skills: java. Skills you could improve: power bi, pandas, html. The internship is located in Delhi. Your education does not exactly match the listed requirement. You have less experience than the listed requirement."
49,Gaurav,8,DataSphere,Python Developer Intern,Kochi,20.24,11.23,40,0.0,50,"postgresql, html","java, node.js","You match these required skills: postgresql, html. Skills you could improve: java, node.js. The internship is located in Kochi. Your education does not exactly match the listed requirement. You have less experience than the listed requirement."
7,Vivek,1,CloudWorks,Cloud Engineering Intern,Pune,19.86,10.6,40,0.0,50,java,"aws, postgresql, pandas","You match these required skills: java. Skills you could improve: aws, postgresql, pandas. The internship is located in Pune. Your education does not exactly match the listed requirement. You have less experience than the listed requirement."
7,Vivek,18,NextGen Systems,Frontend Developer Intern,Delhi,19.86,10.6,40,0.0,50,java,"git, postgresql, docker","You match these required skills: java. Skills you could improve: git, postgresql, docker. The internship is located in Delhi. Your education does not exactly match the listed requirement. You have less experience than the listed requirement."
21,Manish,20,InnoTech,Software Engineering Intern,Bangalore,19.86,10.6,40,0.0,50,"sql, tensorflow","html, mongodb","You match these required skills: sql, tensorflow. Skills you could improve: html, mongodb. The internship is located in Bangalore. Your education does not exactly match the listed requirement. You have less experience than the listed requirement."
22,Shreya,11,ByteLabs,Cloud Engineering Intern,Mumbai,19.86,10.6,40,0.0,50,css,"pandas, postgresql, machine learning, power bi","You match these required skills: css. Skills you could improve: pandas, postgresql, machine learning, power bi. The internship is located in Mumbai. Your education does not exactly match the listed requirement. You have less experience than the listed requirement."
22,Shreya,15,ByteLabs,Machine Learning Intern,Kochi,19.86,10.6,40,0.0,50,html,"git, postgresql, machine learning, aws, sql","You match these required skills: html. Skills you could improve: git, postgresql, machine learning, aws, sql. The internship is located in Kochi. Your education does not exactly match the listed requirement. You have less experience than the listed requirement."
22,Shreya,28,WebWorks,Machine Learning Intern,Kochi,19.86,10.6,40,0.0,50,css,"react, power bi, machine learning, pandas","You match these required skills: css. Skills you could improve: react, power bi, machine learning, pandas. The internship is located in Kochi. Your education does not exactly match the listed requirement. You have less experience than the listed requirement."
22,Shreya,30,DevCore,Cloud Engineering Intern,Bangalore,19.86,10.6,40,0.0,50,html,"node.js, machine learning, git, postgresql","You match these required skills: html. Skills you could improve: node.js, machine learning, git, postgresql. The internship is located in Bangalore. Your education does not exactly match the listed requirement. You have less experience than the listed requirement."
40,Lakshmi,1,CloudWorks,Cloud Engineering Intern,Pune,19.86,10.6,40,0.0,50,pandas,"aws, postgresql, java","You match these required skills: pandas. Skills you could improve: aws, postgresql, java. The internship is located in Pune. Your education does not exactly match the listed requirement. You have less experience than the listed requirement."
40,Lakshmi,5,WebWorks,Frontend Developer Intern,Hyderabad,19.86,10.6,40,0.0,50,css,"data analysis, postgresql","You match these required skills: css. Skills you could improve: data analysis, postgresql. The internship is located in Hyderabad. Your education does not exactly match the listed requirement. You have less experience than the listed requirement."
40,Lakshmi,19,ByteLabs,Web Development Intern,Delhi,19.86,10.6,40,0.0,50,pandas,"react, aws, sql","You match these required skills: pandas. Skills you could improve: react, aws, sql. The internship is located in Delhi. Your education does not exactly match the listed requirement. You have less experience than the listed requirement."
43,Darshan,3,WebWorks,AI Engineering Intern,Bangalore,19.6,10.16,40,0.0,50,mongodb,"react, css, power bi, html","You match these required skills: mongodb. Skills you could improve: react, css, power bi, html. The internship is located in Bangalore. Your education does not exactly match the listed requirement. You have less experience than the listed requirement."
43,Darshan,25,InnoTech,Data Analyst Intern,Mumbai,19.6,10.16,40,0.0,50,"java, javascript","postgresql, html, aws, css","You match these required skills: java, javascript. Skills you could improve: postgresql, html, aws, css. The internship is located in Mumbai. Your education does not exactly match the listed requirement. You have less experience than the listed requirement."
23,Harsh,6,WebWorks,Data Analyst Intern,Kochi,19.42,9.87,40,0.0,50,javascript,"docker, machine learning, node.js, power bi","You match these required skills: javascript. Skills you could improve: docker, machine learning, node.js, power bi. The internship is located in Kochi. Your education does not exactly match the listed requirement. You have less experience than the listed requirement."
7,Vivek,8,DataSphere,Python Developer Intern,Kochi,19.11,9.35,40,0.0,50,java,"postgresql, html, node.js","You match these required skills: java. Skills you could improve: postgresql, html, node.js. The internship is located in Kochi. Your education does not exactly match the listed requirement. You have less experience than the listed requirement."
49,Gaurav,11,ByteLabs,Cloud Engineering Intern,Mumbai,19.11,9.35,40,0.0,50,"pandas, postgresql","machine learning, power bi, css","You match these required skills: pandas, postgresql. Skills you could improve: machine learning, power bi, css. The internship is located in Mumbai. Your education does not exactly match the listed requirement. You have less experience than the listed requirement."
49,Gaurav,21,ByteLabs,Backend Developer Intern,Chennai,18.72,8.7,40,0.0,50,react,"data analysis, power bi, node.js, docker","You match these required skills: react. Skills you could improve: data analysis, power bi, node.js, docker. The internship is located in Chennai. Your education does not exactly match the listed requirement. You have less experience than the listed requirement."
7,Vivek,9,CloudWorks,Python Developer Intern,Kochi,18.57,8.46,40,0.0,50,javascript,"power bi, aws, html, postgresql","You match these required skills: javascript. Skills you could improve: power bi, aws, html, postgresql. The internship is located in Kochi. Your education does not exactly match the listed requirement. You have less experience than the listed requirement."
21,Manish,26,TechNova,Cloud Engineering Intern,Chennai,18.57,8.46,40,0.0,50,postgresql,"data analysis, machine learning, docker","You match these required skills: postgresql. Skills you could improve: data analysis, machine learning, docker. The internship is located in Chennai. Your education does not exactly match the listed requirement. You have less experience than the listed requirement."
40,Lakshmi,25,InnoTech,Data Analyst Intern,Mumbai,18.57,8.46,40,0.0,50,css,"java, postgresql, javascript, html, aws","You match these required skills: css. Skills you could improve: java, postgresql, javascript, html, aws. The internship is located in Mumbai. Your education does not exactly match the listed requirement. You have less experience than the listed requirement."
1,Rahul,8,DataSphere,Python Developer Intern,Kochi,18.5,0.0,40,50.0,50,,"java, postgresql, html, node.js","Your current skills have limited overlap with the required skills. Skills you could improve: java, postgresql, html, node.js. The internship is located in Kochi. Your education does not exactly match the listed requirement. You have less experience than the listed requirement."
1,Rahul,15,ByteLabs,Machine Learning Intern,Kochi,18.5,0.0,40,50.0,50,,"git, postgresql, machine learning, aws, html, sql","Your current skills have limited overlap with the required skills. Skills you could improve: git, postgresql, machine learning, aws, html, sql. The internship is located in Kochi. Your education does not exactly match the listed requirement. You have less experience than the listed requirement."
1,Rahul,18,NextGen Systems,Frontend Developer Intern,Delhi,18.5,0.0,40,50.0,50,,"java, git, postgresql, docker","Your current skills have limited overlap with the required skills. Skills you could improve: java, git, postgresql, docker. The internship is located in Delhi. Your education does not exactly match the listed requirement. You have less experience than the listed requirement."
1,Rahul,20,InnoTech,Software Engineering Intern,Bangalore,18.5,0.0,40,50.0,50,,"html, sql, mongodb, tensorflow","Your current skills have limited overlap with the required skills. Skills you could improve: html, sql, mongodb, tensorflow. The internship is located in Bangalore. Your education does not exactly match the listed requirement. You have less experience than the listed requirement."
1,Rahul,25,InnoTech,Data Analyst Intern,Mumbai,18.5,0.0,40,50.0,50,,"java, postgresql, javascript, html, aws, css","Your current skills have limited overlap with the required skills. Skills you could improve: java, postgresql, javascript, html, aws, css. The internship is located in Mumbai. Your education does not exactly match the listed requirement. You have less experience than the listed requirement."
3,Priya,5,WebWorks,Frontend Developer Intern,Hyderabad,18.5,0.0,40,50.0,50,,"css, data analysis, postgresql","Your current skills have limited overlap with the required skills. Skills you could improve: css, data analysis, postgresql. The internship is located in Hyderabad. Your education does not exactly match the listed requirement. You have less experience than the listed requirement."
3,Priya,17,NextGen Systems,Backend Developer Intern,Bangalore,18.5,0.0,40,50.0,50,,"postgresql, node.js, css, data analysis","Your current skills have limited overlap with the required skills. Skills you could improve: postgresql, node.js, css, data analysis. The internship is located in Bangalore. Your education does not exactly match the listed requirement. You have less experience than the listed requirement."
4,Ananya,5,WebWorks,Frontend Developer Intern,Hyderabad,18.5,0.0,40,50.0,50,postgresql,"css, data analysis","You match these required skills: postgresql. Skills you could improve: css, data analysis. The internship is located in Hyderabad. Your education does not exactly match the listed requirement. You have less experience than the listed requirement."
4,Ananya,17,NextGen Systems,Backend Developer Intern,Bangalore,18.5,0.0,40,50.0,50,postgresql,"node.js, css, data analysis","You match these required skills: postgresql. Skills you could improve: node.js, css, data analysis. The internship is located in Bangalore. Your education does not exactly match the listed requirement. You have less experience than the listed requirement."
4,Ananya,25,InnoTech,Data Analyst Intern,Mumbai,18.5,0.0,40,50.0,50,postgresql,"java, javascript, html, aws, css","You match these required skills: postgresql. Skills you could improve: java, javascript, html, aws, css. The internship is located in Mumbai. Your education does not exactly match the listed requirement. You have less experience than the listed requirement."
8,Sneha,20,InnoTech,Software Engineering Intern,Bangalore,18.5,0.0,40,50.0,50,sql,"html, mongodb, tensorflow","You match these required skills: sql. Skills you could improve: html, mongodb, tensorflow. The internship is located in Bangalore. Your education does not exactly match the listed requirement. You have less experience than the listed requirement."
19,Sahil,5,WebWorks,Frontend Developer Intern,Hyderabad,18.5,0.0,40,50.0,50,,"css, data analysis, postgresql","Your current skills have limited overlap with the required skills. Skills you could improve: css, data analysis, postgresql. The internship is located in Hyderabad. Your education does not exactly match the listed requirement. You have less experience than the listed requirement."
19,Sahil,11,ByteLabs,Cloud Engineering Intern,Mumbai,18.5,0.0,40,50.0,50,,"pandas, postgresql, machine learning, power bi, css","Your current skills have limited overlap with the required skills. Skills you could improve: pandas, postgresql, machine learning, power bi, css. The internship is located in Mumbai. Your education does not exactly match the listed requirement. You have less experience than the listed requirement."
19,Sahil,17,NextGen Systems,Backend Developer Intern,Bangalore,18.5,0.0,40,50.0,50,,"postgresql, node.js, css, data analysis","Your current skills have limited overlap with the required skills. Skills you could improve: postgresql, node.js, css, data analysis. The internship is located in Bangalore. Your education does not exactly match the listed requirement. You have less experience than the listed requirement."
19,Sahil,18,NextGen Systems,Frontend Developer Intern,Delhi,18.5,0.0,40,50.0,50,java,"git, postgresql, docker","You match these required skills: java. Skills you could improve: git, postgresql, docker. The internship is located in Delhi. Your education does not exactly match the listed requirement. You have less experience than the listed requirement."
24,Nandini,5,WebWorks,Frontend Developer Intern,Hyderabad,18.5,0.0,40,50.0,50,,"css, data analysis, postgresql","Your current skills have limited overlap with the required skills. Skills you could improve: css, data analysis, postgresql. The internship is located in Hyderabad. Your education does not exactly match the listed requirement. You have less experience than the listed requirement."
24,Nandini,18,NextGen Systems,Frontend Developer Intern,Delhi,18.5,0.0,40,50.0,50,,"java, git, postgresql, docker","Your current skills have limited overlap with the required skills. Skills you could improve: java, git, postgresql, docker. The internship is located in Delhi. Your education does not exactly match the listed requirement. You have less experience than the listed requirement."
24,Nandini,25,InnoTech,Data Analyst Intern,Mumbai,18.5,0.0,40,50.0,50,,"java, postgresql, javascript, html, aws, css","Your current skills have limited overlap with the required skills. Skills you could improve: java, postgresql, javascript, html, aws, css. The internship is located in Mumbai. Your education does not exactly match the listed requirement. You have less experience than the listed requirement."
26,Swathi,11,ByteLabs,Cloud Engineering Intern,Mumbai,18.5,0.0,40,50.0,50,,"pandas, postgresql, machine learning, power bi, css","Your current skills have limited overlap with the required skills. Skills you could improve: pandas, postgresql, machine learning, power bi, css. The internship is located in Mumbai. Your education does not exactly match the listed requirement. You have less experience than the listed requirement."
26,Swathi,15,ByteLabs,Machine Learning Intern,Kochi,18.5,0.0,40,50.0,50,,"git, postgresql, machine learning, aws, html, sql","Your current skills have limited overlap with the required skills. Skills you could improve: git, postgresql, machine learning, aws, html, sql. The internship is located in Kochi. Your education does not exactly match the listed requirement. You have less experience than the listed requirement."
26,Swathi,17,NextGen Systems,Backend Developer Intern,Bangalore,18.5,0.0,40,50.0,50,,"postgresql, node.js, css, data analysis","Your current skills have limited overlap with the required skills. Skills you could improve: postgresql, node.js, css, data analysis. The internship is located in Bangalore. Your education does not exactly match the listed requirement. You have less experience than the listed requirement."
26,Swathi,28,WebWorks,Machine Learning Intern,Kochi,18.5,0.0,40,50.0,50,,"react, css, power bi, machine learning, pandas","Your current skills have limited overlap with the required skills. Skills you could improve: react, css, power bi, machine learning, pandas. The internship is located in Kochi. Your education does not exactly match the listed requirement. You have less experience than the listed requirement."
31,Aman,4,ByteLabs,Full Stack Developer Intern,Pune,18.5,0.0,40,50.0,50,,"python, java, postgresql","Your current skills have limited overlap with the required skills. Skills you could improve: python, java, postgresql. The internship is located in Pune. Your education does not exactly match the listed requirement. You have less experience than the listed requirement."
31,Aman,18,NextGen Systems,Frontend Developer Intern,Delhi,18.5,0.0,40,50.0,50,,"java, git, postgresql, docker","Your current skills have limited overlap with the required skills. Skills you could improve: java, git, postgresql, docker. The internship is located in Delhi. Your education does not exactly match the listed requirement. You have less experience than the listed requirement."
35,Dhanush,4,ByteLabs,Full Stack Developer Intern,Pune,18.5,0.0,40,50.0,50,,"python, java, postgresql","Your current skills have limited overlap with the required skills. Skills you could improve: python, java, postgresql. The internship is located in Pune. Your education does not exactly match the listed requirement. You have less experience than the listed requirement."
35,Dhanush,20,InnoTech,Software Engineering Intern,Bangalore,18.5,0.0,40,50.0,50,,"html, sql, mongodb, tensorflow","Your current skills have limited overlap with the required skills. Skills you could improve: html, sql, mongodb, tensorflow. The internship is located in Bangalore. Your education does not exactly match the listed requirement. You have less experience than the listed requirement."
35,Dhanush,25,InnoTech,Data Analyst Intern,Mumbai,18.5,0.0,40,50.0,50,,"java, postgresql, javascript, html, aws, css","Your current skills have limited overlap with the required skills. Skills you could improve: java, postgresql, javascript, html, aws, css. The internship is located in Mumbai. Your education does not exactly match the listed requirement. You have less experience than the listed requirement."
37,Surya,8,DataSphere,Python Developer Intern,Kochi,18.5,0.0,40,50.0,50,java,"postgresql, html, node.js","You match these required skills: java. Skills you could improve: postgresql, html, node.js. The internship is located in Kochi. Your education does not exactly match the listed requirement. You have less experience than the listed requirement."
37,Surya,20,InnoTech,Software Engineering Intern,Bangalore,18.5,0.0,40,50.0,50,,"html, sql, mongodb, tensorflow","Your current skills have limited overlap with the required skills. Skills you could improve: html, sql, mongodb, tensorflow. The internship is located in Bangalore. Your education does not exactly match the listed requirement. You have less experience than the listed requirement."
44,Sakshi,4,ByteLabs,Full Stack Developer Intern,Pune,18.5,0.0,40,50.0,50,,"python, java, postgresql","Your current skills have limited overlap with the required skills. Skills you could improve: python, java, postgresql. The internship is located in Pune. Your education does not exactly match the listed requirement. You have less experience than the listed requirement."
44,Sakshi,8,DataSphere,Python Developer Intern,Kochi,18.5,0.0,40,50.0,50,,"java, postgresql, html, node.js","Your current skills have limited overlap with the required skills. Skills you could improve: java, postgresql, html, node.js. The internship is located in Kochi. Your education does not exactly match the listed requirement. You have less experience than the listed requirement."
44,Sakshi,11,ByteLabs,Cloud Engineering Intern,Mumbai,18.5,0.0,40,50.0,50,,"pandas, postgresql, machine learning, power bi, css","Your current skills have limited overlap with the required skills. Skills you could improve: pandas, postgresql, machine learning, power bi, css. The internship is located in Mumbai. Your education does not exactly match the listed requirement. You have less experience than the listed requirement."
44,Sakshi,18,NextGen Systems,Frontend Developer Intern,Delhi,18.5,0.0,40,50.0,50,,"java, git, postgresql, docker","Your current skills have limited overlap with the required skills. Skills you could improve: java, git, postgresql, docker. The internship is located in Delhi. Your education does not exactly match the listed requirement. You have less experience than the listed requirement."
46,Manya,5,WebWorks,Frontend Developer Intern,Hyderabad,18.5,0.0,40,50.0,50,postgresql,"css, data analysis","You match these required skills: postgresql. Skills you could improve: css, data analysis. The internship is located in Hyderabad. Your education does not exactly match the listed requirement. You have less experience than the listed requirement."
46,Manya,11,ByteLabs,Cloud Engineering Intern,Mumbai,18.5,0.0,40,50.0,50,postgresql,"pandas, machine learning, power bi, css","You match these required skills: postgresql. Skills you could improve: pandas, machine learning, power bi, css. The internship is located in Mumbai. Your education does not exactly match the listed requirement. You have less experience than the listed requirement."
46,Manya,17,NextGen Systems,Backend Developer Intern,Bangalore,18.5,0.0,40,50.0,50,postgresql,"node.js, css, data analysis","You match these required skills: postgresql. Skills you could improve: node.js, css, data analysis. The internship is located in Bangalore. Your education does not exactly match the listed requirement. You have less experience than the listed requirement."
13,Akash,25,InnoTech,Data Analyst Intern,Mumbai,18.22,7.87,40,0.0,50,"java, javascript","postgresql, html, aws, css","You match these required skills: java, javascript. Skills you could improve: postgresql, html, aws, css. The internship is located in Mumbai. Your education does not exactly match the listed requirement. You have less experience than the listed requirement."
2,Arjun,6,WebWorks,Data Analyst Intern,Kochi,13.5,0.0,40,0.0,50,javascript,"docker, machine learning, node.js, power bi","You match these required skills: javascript. Skills you could improve: docker, machine learning, node.js, power bi. The internship is located in Kochi. Your education does not exactly match the listed requirement. You have less experience than the listed requirement."
2,Arjun,9,CloudWorks,Python Developer Intern,Kochi,13.5,0.0,40,0.0,50,javascript,"power bi, aws, html, postgresql","You match these required skills: javascript. Skills you could improve: power bi, aws, html, postgresql. The internship is located in Kochi. Your education does not exactly match the listed requirement. You have less experience than the listed requirement."
2,Arjun,15,ByteLabs,Machine Learning Intern,Kochi,13.5,0.0,40,0.0,50,,"git, postgresql, machine learning, aws, html, sql","Your current skills have limited overlap with the required skills. Skills you could improve: git, postgresql, machine learning, aws, html, sql. The internship is located in Kochi. Your education does not exactly match the listed requirement. You have less experience than the listed requirement."
2,Arjun,19,ByteLabs,Web Development Intern,Delhi,13.5,0.0,40,0.0,50,,"react, aws, sql, pandas","Your current skills have limited overlap with the required skills. Skills you could improve: react, aws, sql, pandas. The internship is located in Delhi. Your education does not exactly match the listed requirement. You have less experience than the listed requirement."
2,Arjun,27,NextGen Systems,Python Developer Intern,Mumbai,13.5,0.0,40,0.0,50,,"machine learning, sql, html, power bi","Your current skills have limited overlap with the required skills. Skills you could improve: machine learning, sql, html, power bi. The internship is located in Mumbai. Your education does not exactly match the listed requirement. You have less experience than the listed requirement."
7,Vivek,7,AI Labs,Python Developer Intern,Bangalore,13.5,0.0,40,0.0,50,,"python, pandas, html","Your current skills have limited overlap with the required skills. Skills you could improve: python, pandas, html. The internship is located in Bangalore. Your education does not exactly match the listed requirement. You have less experience than the listed requirement."
7,Vivek,19,ByteLabs,Web Development Intern,Delhi,13.5,0.0,40,0.0,50,,"react, aws, sql, pandas","Your current skills have limited overlap with the required skills. Skills you could improve: react, aws, sql, pandas. The internship is located in Delhi. Your education does not exactly match the listed requirement. You have less experience than the listed requirement."
13,Akash,1,CloudWorks,Cloud Engineering Intern,Pune,13.5,0.0,40,0.0,50,java,"aws, postgresql, pandas","You match these required skills: java. Skills you could improve: aws, postgresql, pandas. The internship is located in Pune. Your education does not exactly match the listed requirement. You have less experience than the listed requirement."
13,Akash,4,ByteLabs,Full Stack Developer Intern,Pune,13.5,0.0,40,0.0,50,java,"python, postgresql","You match these required skills: java. Skills you could improve: python, postgresql. The internship is located in Pune. Your education does not exactly match the listed requirement. You have less experience than the listed requirement."
13,Akash,15,ByteLabs,Machine Learning Intern,Kochi,13.5,0.0,40,0.0,50,,"git, postgresql, machine learning, aws, html, sql","Your current skills have limited overlap with the required skills. Skills you could improve: git, postgresql, machine learning, aws, html, sql. The internship is located in Kochi. Your education does not exactly match the listed requirement. You have less experience than the listed requirement."
13,Akash,18,NextGen Systems,Frontend Developer Intern,Delhi,13.5,0.0,40,0.0,50,java,"git, postgresql, docker","You match these required skills: java. Skills you could improve: git, postgresql, docker. The internship is located in Delhi. Your education does not exactly match the listed requirement. You have less experience than the listed requirement."
13,Akash,19,ByteLabs,Web Development Intern,Delhi,13.5,0.0,40,0.0,50,,"react, aws, sql, pandas","Your current skills have limited overlap with the required skills. Skills you could improve: react, aws, sql, pandas. The internship is located in Delhi. Your education does not exactly match the listed requirement. You have less experience than the listed requirement."
15,Nikhil,4,ByteLabs,Full Stack Developer Intern,Pune,13.5,0.0,40,0.0,50,,"python, java, postgresql","Your current skills have limited overlap with the required skills. Skills you could improve: python, java, postgresql. The internship is located in Pune. Your education does not exactly match the listed requirement. You have less experience than the listed requirement."
15,Nikhil,5,WebWorks,Frontend Developer Intern,Hyderabad,13.5,0.0,40,0.0,50,,"css, data analysis, postgresql","Your current skills have limited overlap with the required skills. Skills you could improve: css, data analysis, postgresql. The internship is located in Hyderabad. Your education does not exactly match the listed requirement. You have less experience than the listed requirement."
15,Nikhil,17,NextGen Systems,Backend Developer Intern,Bangalore,13.5,0.0,40,0.0,50,,"postgresql, node.js, css, data analysis","Your current skills have limited overlap with the required skills. Skills you could improve: postgresql, node.js, css, data analysis. The internship is located in Bangalore. Your education does not exactly match the listed requirement. You have less experience than the listed requirement."
15,Nikhil,26,TechNova,Cloud Engineering Intern,Chennai,13.5,0.0,40,0.0,50,,"data analysis, machine learning, postgresql, docker","Your current skills have limited overlap with the required skills. Skills you could improve: data analysis, machine learning, postgresql, docker. The internship is located in Chennai. Your education does not exactly match the listed requirement. You have less experience than the listed requirement."
21,Manish,7,AI Labs,Python Developer Intern,Bangalore,13.5,0.0,40,0.0,50,,"python, pandas, html","Your current skills have limited overlap with the required skills. Skills you could improve: python, pandas, html. The internship is located in Bangalore. Your education does not exactly match the listed requirement. You have less experience than the listed requirement."
21,Manish,16,CodeCraft,Data Analyst Intern,Kochi,13.5,0.0,40,0.0,50,,"node.js, java, javascript, html","Your current skills have limited overlap with the required skills. Skills you could improve: node.js, java, javascript, html. The internship is located in Kochi. Your education does not exactly match the listed requirement. You have less experience than the listed requirement."
22,Shreya,6,WebWorks,Data Analyst Intern,Kochi,13.5,0.0,40,0.0,50,,"javascript, docker, machine learning, node.js, power bi","Your current skills have limited overlap with the required skills. Skills you could improve: javascript, docker, machine learning, node.js, power bi. The internship is located in Kochi. Your education does not exactly match the listed requirement. You have less experience than the listed requirement."
22,Shreya,18,NextGen Systems,Frontend Developer Intern,Delhi,13.5,0.0,40,0.0,50,,"java, git, postgresql, docker","Your current skills have limited overlap with the required skills. Skills you could improve: java, git, postgresql, docker. The internship is located in Delhi. Your education does not exactly match the listed requirement. You have less experience than the listed requirement."
22,Shreya,19,ByteLabs,Web Development Intern,Delhi,13.5,0.0,40,0.0,50,,"react, aws, sql, pandas","Your current skills have limited overlap with the required skills. Skills you could improve: react, aws, sql, pandas. The internship is located in Delhi. Your education does not exactly match the listed requirement. You have less experience than the listed requirement."
23,Harsh,3,WebWorks,AI Engineering Intern,Bangalore,13.5,0.0,40,0.0,50,,"react, css, power bi, mongodb, html","Your current skills have limited overlap with the required skills. Skills you could improve: react, css, power bi, mongodb, html. The internship is located in Bangalore. Your education does not exactly match the listed requirement. You have less experience than the listed requirement."
23,Harsh,11,ByteLabs,Cloud Engineering Intern,Mumbai,13.5,0.0,40,0.0,50,,"pandas, postgresql, machine learning, power bi, css","Your current skills have limited overlap with the required skills. Skills you could improve: pandas, postgresql, machine learning, power bi, css. The internship is located in Mumbai. Your education does not exactly match the listed requirement. You have less experience than the listed requirement."
23,Harsh,15,ByteLabs,Machine Learning Intern,Kochi,13.5,0.0,40,0.0,50,,"git, postgresql, machine learning, aws, html, sql","Your current skills have limited overlap with the required skills. Skills you could improve: git, postgresql, machine learning, aws, html, sql. The internship is located in Kochi. Your education does not exactly match the listed requirement. You have less experience than the listed requirement."
23,Harsh,20,InnoTech,Software Engineering Intern,Bangalore,13.5,0.0,40,0.0,50,,"html, sql, mongodb, tensorflow","Your current skills have limited overlap with the required skills. Skills you could improve: html, sql, mongodb, tensorflow. The internship is located in Bangalore. Your education does not exactly match the listed requirement. You have less experience than the listed requirement."
23,Harsh,27,NextGen Systems,Python Developer Intern,Mumbai,13.5,0.0,40,0.0,50,,"machine learning, sql, html, power bi","Your current skills have limited overlap with the required skills. Skills you could improve: machine learning, sql, html, power bi. The internship is located in Mumbai. Your education does not exactly match the listed requirement. You have less experience than the listed requirement."
23,Harsh,28,WebWorks,Machine Learning Intern,Kochi,13.5,0.0,40,0.0,50,,"react, css, power bi, machine learning, pandas","Your current skills have limited overlap with the required skills. Skills you could improve: react, css, power bi, machine learning, pandas. The internship is located in Kochi. Your education does not exactly match the listed requirement. You have less experience than the listed requirement."
23,Harsh,30,DevCore,Cloud Engineering Intern,Bangalore,13.5,0.0,40,0.0,50,,"html, node.js, machine learning, git, postgresql","Your current skills have limited overlap with the required skills. Skills you could improve: html, node.js, machine learning, git, postgresql. The internship is located in Bangalore. Your education does not exactly match the listed requirement. You have less experience than the listed requirement."
40,Lakshmi,8,DataSphere,Python Developer Intern,Kochi,13.5,0.0,40,0.0,50,,"java, postgresql, html, node.js","Your current skills have limited overlap with the required skills. Skills you could improve: java, postgresql, html, node.js. The internship is located in Kochi. Your education does not exactly match the listed requirement. You have less experience than the listed requirement."
40,Lakshmi,16,CodeCraft,Data Analyst Intern,Kochi,13.5,0.0,40,0.0,50,,"node.js, java, javascript, html","Your current skills have limited overlap with the required skills. Skills you could improve: node.js, java, javascript, html. The internship is located in Kochi. Your education does not exactly match the listed requirement. You have less experience than the listed requirement."
40,Lakshmi,18,NextGen Systems,Frontend Developer Intern,Delhi,13.5,0.0,40,0.0,50,,"java, git, postgresql, docker","Your current skills have limited overlap with the required skills. Skills you could improve: java, git, postgresql, docker. The internship is located in Delhi. Your education does not exactly match the listed requirement. You have less experience than the listed requirement."
40,Lakshmi,29,DataSphere,Full Stack Developer Intern,Kochi,13.5,0.0,40,0.0,50,,"postgresql, javascript, html","Your current skills have limited overlap with the required skills. Skills you could improve: postgresql, javascript, html. The internship is located in Kochi. Your education does not exactly match the listed requirement. You have less experience than the listed requirement."
43,Darshan,5,WebWorks,Frontend Developer Intern,Hyderabad,13.5,0.0,40,0.0,50,,"css, data analysis, postgresql","Your current skills have limited overlap with the required skills. Skills you could improve: css, data analysis, postgresql. The internship is located in Hyderabad. Your education does not exactly match the listed requirement. You have less experience than the listed requirement."
43,Darshan,7,AI Labs,Python Developer Intern,Bangalore,13.5,0.0,40,0.0,50,,"python, pandas, html","Your current skills have limited overlap with the required skills. Skills you could improve: python, pandas, html. The internship is located in Bangalore. Your education does not exactly match the listed requirement. You have less experience than the listed requirement."
43,Darshan,9,CloudWorks,Python Developer Intern,Kochi,13.5,0.0,40,0.0,50,javascript,"power bi, aws, html, postgresql","You match these required skills: javascript. Skills you could improve: power bi, aws, html, postgresql. The internship is located in Kochi. Your education does not exactly match the listed requirement. You have less experience than the listed requirement."
43,Darshan,15,ByteLabs,Machine Learning Intern,Kochi,13.5,0.0,40,0.0,50,,"git, postgresql, machine learning, aws, html, sql","Your current skills have limited overlap with the required skills. Skills you could improve: git, postgresql, machine learning, aws, html, sql. The internship is located in Kochi. Your education does not exactly match the listed requirement. You have less experience than the listed requirement."
43,Darshan,19,ByteLabs,Web Development Intern,Delhi,13.5,0.0,40,0.0,50,,"react, aws, sql, pandas","Your current skills have limited overlap with the required skills. Skills you could improve: react, aws, sql, pandas. The internship is located in Delhi. Your education does not exactly match the listed requirement. You have less experience than the listed requirement."
43,Darshan,26,TechNova,Cloud Engineering Intern,Chennai,13.5,0.0,40,0.0,50,,"data analysis, machine learning, postgresql, docker","Your current skills have limited overlap with the required skills. Skills you could improve: data analysis, machine learning, postgresql, docker. The internship is located in Chennai. Your education does not exactly match the listed requirement. You have less experience than the listed requirement."
43,Darshan,27,NextGen Systems,Python Developer Intern,Mumbai,13.5,0.0,40,0.0,50,,"machine learning, sql, html, power bi","Your current skills have limited overlap with the required skills. Skills you could improve: machine learning, sql, html, power bi. The internship is located in Mumbai. Your education does not exactly match the listed requirement. You have less experience than the listed requirement."
43,Darshan,28,WebWorks,Machine Learning Intern,Kochi,13.5,0.0,40,0.0,50,,"react, css, power bi, machine learning, pandas","Your current skills have limited overlap with the required skills. Skills you could improve: react, css, power bi, machine learning, pandas. The internship is located in Kochi. Your education does not exactly match the listed requirement. You have less experience than the listed requirement."
43,Darshan,29,DataSphere,Full Stack Developer Intern,Kochi,13.5,0.0,40,0.0,50,javascript,"postgresql, html","You match these required skills: javascript. Skills you could improve: postgresql, html. The internship is located in Kochi. Your education does not exactly match the listed requirement. You have less experience than the listed requirement."
49,Gaurav,5,WebWorks,Frontend Developer Intern,Hyderabad,13.5,0.0,40,0.0,50,postgresql,"css, data analysis","You match these required skills: postgresql. Skills you could improve: css, data analysis. The internship is located in Hyderabad. Your education does not exactly match the listed requirement. You have less experience than the listed requirement."
49,Gaurav,6,WebWorks,Data Analyst Intern,Kochi,13.5,0.0,40,0.0,50,,"javascript, docker, machine learning, node.js, power bi","Your current skills have limited overlap with the required skills. Skills you could improve: javascript, docker, machine learning, node.js, power bi. The internship is located in Kochi. Your education does not exactly match the listed requirement. You have less experience than the listed requirement."
49,Gaurav,18,NextGen Systems,Frontend Developer Intern,Delhi,13.5,0.0,40,0.0,50,postgresql,"java, git, docker","You match these required skills: postgresql. Skills you could improve: java, git, docker. The internship is located in Delhi. Your education does not exactly match the listed requirement. You have less experience than the listed requirement."
49,Gaurav,26,TechNova,Cloud Engineering Intern,Chennai,13.5,0.0,40,0.0,50,postgresql,"data analysis, machine learning, docker","You match these required skills: postgresql. Skills you could improve: data analysis, machine learning, docker. The internship is located in Chennai. Your education does not exactly match the listed requirement. You have less experience than the listed requirement."
